Return_Period_Years,Return_Level_mm
2,40.14579090576403
5,49.53852390571876
10,55.75733044035444
20,61.72255897289649
50,69.44393542962621
100,75.23002052196735
