Return_Period_Years,Return_Level_mm
2,40.894392364144366
5,49.204704001748055
10,53.904453158069956
20,57.89310889848845
50,62.39474056935306
100,65.33882976847218
200,67.95085275202172
