Return_Period_Years,Return_Level_mm
2,40.14579108558673
5,49.538525976671764
10,55.757333763400254
20,61.7225634969798
50,69.44394150832935
100,75.23002776563929
