Year,Age,Female,Male,Total
1956,0,0.02286,0.028975,0.026
1956,1,0.001961,0.002693,0.002334
1956,2,0.000838,0.001565,0.001209
1956,3,0.000937,0.001202,0.001072
1956,4,0.000527,0.001219,0.000882
1956,5,0.000476,0.000714,0.000598
1956,6,0.000544,0.000731,0.00064
1956,7,0.000437,0.000886,0.000666
1956,8,0.000527,0.000689,0.00061
1956,9,0.000215,0.000775,0.000501
1956,10,0.000262,0.000364,0.000314
1956,11,0.000391,0.000535,0.000465
1956,12,0.000373,0.000335,0.000354
1956,13,0.000232,0.000667,0.000454
1956,14,0.000304,0.001057,0.000689
1956,15,0.000389,0.000809,0.000599
1956,16,0.000403,0.000806,0.000604
1956,17,0.000399,0.001084,0.00074
1956,18,0.000391,0.001528,0.000949
1956,19,0.000437,0.001535,0.000966
1956,20,0.00042,0.001884,0.001156
1956,21,0.000341,0.001829,0.001075
1956,22,0.000511,0.001998,0.001229
1956,23,0.000419,0.001789,0.001072
1956,24,0.000363,0.001686,0.000991
1956,25,0.000493,0.001839,0.001157
1956,26,0.001039,0.00162,0.001324
1956,27,0.000602,0.001946,0.001259
1956,28,0.000831,0.001369,0.001097
1956,29,0.000781,0.0017,0.00124
1956,30,0.000894,0.001823,0.00134
1956,31,0.001201,0.001814,0.001499
1956,32,0.001184,0.001784,0.001478
1956,33,0.001129,0.001366,0.001247
1956,34,0.000982,0.002068,0.001526
1956,35,0.001356,0.001633,0.001491
1956,36,0.001297,0.001727,0.001507
1956,37,0.001344,0.002487,0.001906
1956,38,0.002009,0.002114,0.002061
1956,39,0.001637,0.002869,0.002249
1956,40,0.00175,0.002988,0.00236
1956,41,0.002457,0.003405,0.00292
1956,42,0.001909,0.003095,0.002488
1956,43,0.002282,0.003578,0.002912
1956,44,0.002933,0.004088,0.003491
1956,45,0.003077,0.004408,0.003724
1956,46,0.003301,0.005151,0.004199
1956,47,0.003933,0.005623,0.004747
1956,48,0.0039,0.006985,0.005386
1956,49,0.004195,0.006639,0.005373
1956,50,0.003566,0.006916,0.005173
1956,51,0.005145,0.008079,0.006545
1956,52,0.00613,0.009995,0.00797
1956,53,0.005906,0.010128,0.007907
1956,54,0.006255,0.011153,0.00855
1956,55,0.007324,0.013252,0.010074
1956,56,0.00744,0.012673,0.009865
1956,57,0.00855,0.013355,0.010754
1956,58,0.010075,0.015644,0.012616
1956,59,0.010994,0.01835,0.014345
1956,60,0.011177,0.019303,0.01487
1956,61,0.013069,0.020863,0.016589
1956,62,0.013794,0.024931,0.018783
1956,63,0.016024,0.024986,0.02002
1956,64,0.018612,0.028576,0.023022
1956,65,0.019998,0.030592,0.024659
1956,66,0.021127,0.033107,0.026356
1956,67,0.024159,0.036612,0.029604
1956,68,0.028091,0.04152,0.033982
1956,69,0.030335,0.046152,0.037208
1956,70,0.035998,0.049022,0.041621
1956,71,0.03648,0.054921,0.044432
1956,72,0.045411,0.06018,0.051815
1956,73,0.047875,0.064529,0.055017
1956,74,0.057062,0.073688,0.064078
1956,75,0.060156,0.081996,0.069326
1956,76,0.072672,0.094172,0.081535
1956,77,0.077998,0.099637,0.086774
1956,78,0.09139,0.10972,0.09878
1956,79,0.103939,0.129055,0.114057
1956,80,0.11302,0.144496,0.125415
1956,81,0.123146,0.137655,0.128789
1956,82,0.147301,0.167149,0.155091
1956,83,0.152114,0.171098,0.159395
1956,84,0.166162,0.181297,0.171884
1956,85,0.1764,0.202088,0.185886
1956,86,0.194098,0.267521,0.22004
1956,87,0.217276,0.274943,0.237583
1956,88,0.236815,0.325363,0.268063
1956,89,0.286382,0.311136,0.294798
1956,90,0.28604,0.303178,0.291489
1957,0,0.020115,0.026143,0.023209
1957,1,0.002253,0.002907,0.002589
1957,2,0.001166,0.001748,0.001463
1957,3,0.000816,0.001356,0.001091
1957,4,0.000865,0.001111,0.000991
1957,5,0.00043,0.001037,0.00074
1957,6,0.0004,0.000666,0.000536
1957,7,0.000618,0.000754,0.000687
1957,8,0.000315,0.000535,0.000427
1957,9,0.000382,0.000643,0.000515
1957,10,0.000312,0.000732,0.000527
1957,11,0.000261,0.000474,0.00037
1957,12,0.000365,0.000532,0.000451
1957,13,0.000446,0.000478,0.000462
1957,14,0.000564,0.000668,0.000617
1957,15,0.000514,0.000789,0.000654
1957,16,0.000419,0.000767,0.000594
1957,17,0.000334,0.001466,0.000898
1957,18,0.000619,0.001587,0.001095
1957,19,0.000661,0.001662,0.001144
1957,20,0.000395,0.001922,0.001163
1957,21,0.000505,0.001604,0.001049
1957,22,0.00055,0.002193,0.001349
1957,23,0.000393,0.001668,0.001001
1957,24,0.000718,0.002052,0.001349
1957,25,0.00073,0.002077,0.001396
1957,26,0.000592,0.001894,0.001236
1957,27,0.000724,0.001304,0.00101
1957,28,0.000837,0.001567,0.001196
1957,29,0.000967,0.001622,0.001293
1957,30,0.001068,0.001608,0.001327
1957,31,0.000687,0.001747,0.0012
1957,32,0.001263,0.001569,0.001413
1957,33,0.00095,0.001706,0.001325
1957,34,0.001113,0.001707,0.001411
1957,35,0.001216,0.001642,0.001421
1957,36,0.001078,0.002219,0.001633
1957,37,0.00139,0.002354,0.001862
1957,38,0.001324,0.002391,0.001851
1957,39,0.001415,0.002733,0.00207
1957,40,0.001933,0.002645,0.002284
1957,41,0.001619,0.003117,0.002356
1957,42,0.002421,0.003313,0.002856
1957,43,0.002605,0.003987,0.003277
1957,44,0.002579,0.003383,0.002969
1957,45,0.002224,0.004209,0.003191
1957,46,0.003,0.005529,0.004229
1957,47,0.003117,0.005206,0.00413
1957,48,0.003348,0.005802,0.004528
1957,49,0.004184,0.007447,0.005752
1957,50,0.004535,0.007928,0.006168
1957,51,0.004394,0.008627,0.006419
1957,52,0.005221,0.00916,0.007096
1957,53,0.005835,0.009402,0.007529
1957,54,0.006527,0.010349,0.008335
1957,55,0.006856,0.012714,0.009592
1957,56,0.007558,0.014084,0.010574
1957,57,0.00837,0.014675,0.011281
1957,58,0.009273,0.017182,0.012887
1957,59,0.010003,0.018136,0.013696
1957,60,0.012446,0.020676,0.016183
1957,61,0.012837,0.021198,0.016615
1957,62,0.012661,0.024664,0.018046
1957,63,0.015736,0.027034,0.020764
1957,64,0.019184,0.026781,0.022553
1957,65,0.017756,0.029139,0.022765
1957,66,0.020549,0.034477,0.026629
1957,67,0.026827,0.039369,0.032259
1957,68,0.025679,0.043433,0.033385
1957,69,0.031211,0.047411,0.038253
1957,70,0.033595,0.053233,0.042063
1957,71,0.037962,0.05115,0.043604
1957,72,0.044139,0.058814,0.050411
1957,73,0.044635,0.06524,0.053493
1957,74,0.054022,0.073008,0.062084
1957,75,0.060257,0.078458,0.067866
1957,76,0.068816,0.091157,0.078078
1957,77,0.078484,0.0991,0.086876
1957,78,0.083293,0.105266,0.09209
1957,79,0.089719,0.117401,0.100732
1957,80,0.100718,0.125005,0.110333
1957,81,0.10332,0.143242,0.118798
1957,82,0.118684,0.15166,0.131312
1957,83,0.146253,0.182756,0.160369
1957,84,0.144762,0.172956,0.155384
1957,85,0.171219,0.217282,0.188386
1957,86,0.204798,0.236282,0.216131
1957,87,0.219316,0.244224,0.227803
1957,88,0.225017,0.283031,0.244782
1957,89,0.2553,0.254919,0.255169
1957,90,0.273452,0.309091,0.285353
1958,0,0.019257,0.025004,0.022204
1958,1,0.001762,0.001872,0.001818
1958,2,0.000716,0.001451,0.001093
1958,3,0.000904,0.001336,0.001124
1958,4,0.000771,0.000933,0.000853
1958,5,0.000297,0.000903,0.000607
1958,6,0.000581,0.000843,0.000715
1958,7,0.00035,0.00076,0.00056
1958,8,0.000197,0.000706,0.000458
1958,9,0.000363,0.000605,0.000486
1958,10,0.000336,0.000483,0.000411
1958,11,0.000335,0.000502,0.000421
1958,12,0.000284,0.000585,0.000438
1958,13,0.000388,0.000555,0.000474
1958,14,0.000223,0.000549,0.000388
1958,15,0.000378,0.000609,0.000495
1958,16,0.000214,0.000776,0.0005
1958,17,0.000466,0.001073,0.00077
1958,18,0.000495,0.001172,0.000828
1958,19,0.000736,0.002134,0.001414
1958,20,0.000581,0.001874,0.001234
1958,21,0.000592,0.001806,0.001194
1958,22,0.000459,0.001978,0.001201
1958,23,0.000627,0.001898,0.001239
1958,24,0.000643,0.001721,0.001154
1958,25,0.00052,0.001676,0.001091
1958,26,0.000619,0.001603,0.001107
1958,27,0.00069,0.001687,0.001184
1958,28,0.000592,0.001681,0.001131
1958,29,0.000522,0.00168,0.001095
1958,30,0.001068,0.001842,0.001439
1958,31,0.000656,0.001841,0.00123
1958,32,0.000853,0.001615,0.001226
1958,33,0.000977,0.001827,0.001398
1958,34,0.001153,0.001957,0.001557
1958,35,0.000795,0.002431,0.001582
1958,36,0.001097,0.00173,0.001403
1958,37,0.001513,0.002114,0.001806
1958,38,0.001486,0.002414,0.001943
1958,39,0.001578,0.00246,0.002013
1958,40,0.001398,0.002827,0.0021
1958,41,0.001735,0.003369,0.00254
1958,42,0.001551,0.003347,0.002432
1958,43,0.002385,0.003907,0.003126
1958,44,0.002374,0.004113,0.003219
1958,45,0.002681,0.004198,0.003425
1958,46,0.003006,0.004637,0.0038
1958,47,0.003777,0.005529,0.004627
1958,48,0.003617,0.005355,0.004458
1958,49,0.003708,0.006048,0.00483
1958,50,0.004325,0.006963,0.005592
1958,51,0.00455,0.007882,0.006153
1958,52,0.004891,0.009804,0.007237
1958,53,0.005331,0.009133,0.007137
1958,54,0.005657,0.011115,0.008244
1958,55,0.006666,0.011851,0.009108
1958,56,0.006368,0.012477,0.009211
1958,57,0.008169,0.014753,0.011201
1958,58,0.008601,0.016352,0.012166
1958,59,0.009001,0.018276,0.01322
1958,60,0.010665,0.020338,0.015037
1958,61,0.012204,0.020541,0.015967
1958,62,0.013429,0.022613,0.017552
1958,63,0.013907,0.023064,0.017988
1958,64,0.01503,0.026533,0.020115
1958,65,0.018883,0.028237,0.023004
1958,66,0.019392,0.034396,0.02595
1958,67,0.020857,0.035901,0.027373
1958,68,0.026262,0.039007,0.03174
1958,69,0.028111,0.042405,0.034256
1958,70,0.030301,0.044536,0.036429
1958,71,0.035011,0.048947,0.040965
1958,72,0.039159,0.058936,0.047543
1958,73,0.043823,0.060864,0.051027
1958,74,0.049139,0.068,0.057149
1958,75,0.054571,0.072114,0.061958
1958,76,0.061533,0.083046,0.070428
1958,77,0.072701,0.089052,0.079405
1958,78,0.078518,0.100719,0.087448
1958,79,0.093117,0.107973,0.098979
1958,80,0.09859,0.113362,0.104404
1958,81,0.112829,0.132912,0.120664
1958,82,0.121695,0.142801,0.129727
1958,83,0.138227,0.146169,0.141231
1958,84,0.159576,0.17299,0.164668
1958,85,0.157774,0.201259,0.173881
1958,86,0.175373,0.204872,0.186077
1958,87,0.207328,0.228685,0.214838
1958,88,0.210643,0.277597,0.232919
1958,89,0.225847,0.284821,0.245253
1958,90,0.240276,0.279496,0.253381
1959,0,0.018591,0.025857,0.022315
1959,1,0.001817,0.002206,0.002016
1959,2,0.001285,0.001399,0.001344
1959,3,0.000818,0.001029,0.000926
1959,4,0.000591,0.000992,0.000796
1959,5,0.000397,0.000503,0.000451
1959,6,0.00052,0.00038,0.000449
1959,7,0.000555,0.000771,0.000666
1959,8,0.0004,0.000523,0.000463
1959,9,0.00037,0.0004,0.000386
1959,10,0.000242,0.000396,0.000321
1959,11,0.000239,0.000482,0.000363
1959,12,0.000358,0.000502,0.000431
1959,13,0.000519,0.000517,0.000518
1959,14,0.000194,0.000669,0.000437
1959,15,0.000288,0.0007,0.000497
1959,16,0.000493,0.000837,0.000668
1959,17,0.00039,0.000788,0.000591
1959,18,0.000479,0.001568,0.00102
1959,19,0.000451,0.002127,0.001269
1959,20,0.000546,0.001891,0.001227
1959,21,0.000452,0.001812,0.001131
1959,22,0.000622,0.001477,0.001041
1959,23,0.000566,0.001338,0.00094
1959,24,0.000654,0.001633,0.001122
1959,25,0.00089,0.001562,0.001224
1959,26,0.000643,0.001837,0.001233
1959,27,0.000536,0.001426,0.000978
1959,28,0.001038,0.001664,0.001349
1959,29,0.000587,0.001295,0.000939
1959,30,0.000689,0.001374,0.001015
1959,31,0.000972,0.001513,0.001234
1959,32,0.000768,0.001379,0.001067
1959,33,0.000942,0.001872,0.001402
1959,34,0.001097,0.00156,0.001329
1959,35,0.001043,0.002033,0.001515
1959,36,0.001143,0.001919,0.001517
1959,37,0.001478,0.002376,0.001914
1959,38,0.001637,0.002731,0.002174
1959,39,0.001712,0.002391,0.002046
1959,40,0.001146,0.002573,0.001842
1959,41,0.002079,0.002659,0.002364
1959,42,0.002085,0.002777,0.002426
1959,43,0.001675,0.003582,0.00261
1959,44,0.00203,0.004133,0.003053
1959,45,0.0024,0.004088,0.00323
1959,46,0.002489,0.004737,0.003589
1959,47,0.00351,0.004925,0.004198
1959,48,0.003563,0.005796,0.004644
1959,49,0.003651,0.006329,0.004943
1959,50,0.003359,0.0072,0.005202
1959,51,0.004888,0.008608,0.006673
1959,52,0.00468,0.007989,0.00627
1959,53,0.005535,0.009027,0.007201
1959,54,0.006311,0.011381,0.008717
1959,55,0.006116,0.01241,0.009084
1959,56,0.007307,0.013797,0.010354
1959,57,0.006918,0.013896,0.010153
1959,58,0.008413,0.016661,0.012194
1959,59,0.009082,0.016407,0.012434
1959,60,0.010197,0.020028,0.014643
1959,61,0.011705,0.020259,0.015547
1959,62,0.013566,0.023396,0.017975
1959,63,0.013202,0.024256,0.018131
1959,64,0.015895,0.027229,0.02091
1959,65,0.01653,0.029207,0.022097
1959,66,0.017614,0.029414,0.022777
1959,67,0.021317,0.038052,0.028567
1959,68,0.024412,0.037926,0.030218
1959,69,0.027117,0.042546,0.033689
1959,70,0.029887,0.045049,0.036344
1959,71,0.032802,0.052128,0.041045
1959,72,0.037983,0.057482,0.046229
1959,73,0.04285,0.059132,0.049668
1959,74,0.046446,0.070323,0.056431
1959,75,0.055145,0.071313,0.061953
1959,76,0.06198,0.081579,0.070145
1959,77,0.069036,0.089461,0.077398
1959,78,0.078227,0.102054,0.087887
1959,79,0.081593,0.108184,0.092151
1959,80,0.099821,0.116129,0.106225
1959,81,0.114081,0.141755,0.124831
1959,82,0.124665,0.145098,0.132525
1959,83,0.135887,0.152154,0.142033
1959,84,0.157099,0.16515,0.160114
1959,85,0.16785,0.197629,0.17903
1959,86,0.197887,0.21087,0.202619
1959,87,0.211094,0.231527,0.218364
1959,88,0.2001,0.239571,0.213744
1959,89,0.248925,0.3328,0.275909
1959,90,0.277818,0.287623,0.280892
1960,0,0.018421,0.024644,0.021598
1960,1,0.001585,0.002267,0.001934
1960,2,0.001514,0.001312,0.001411
1960,3,0.000779,0.001278,0.001035
1960,4,0.00041,0.001125,0.000777
1960,5,0.000416,0.000729,0.000576
1960,6,0.000423,0.000624,0.000525
1960,7,0.000273,0.00069,0.000486
1960,8,0.000354,0.000314,0.000333
1960,9,0.000225,0.000618,0.000426
1960,10,0.000272,0.000543,0.00041
1960,11,0.000217,0.000372,0.000296
1960,12,0.000263,0.000483,0.000375
1960,13,0.000404,0.000569,0.000488
1960,14,0.000234,0.000449,0.000344
1960,15,0.000238,0.000528,0.000386
1960,16,0.000263,0.000936,0.000603
1960,17,0.000434,0.001074,0.000756
1960,18,0.000497,0.001335,0.000917
1960,19,0.000426,0.001339,0.000881
1960,20,0.000473,0.001703,0.001094
1960,21,0.00067,0.001866,0.00127
1960,22,0.000537,0.00181,0.001161
1960,23,0.000559,0.001975,0.001249
1960,24,0.000737,0.001448,0.001087
1960,25,0.000557,0.001531,0.001046
1960,26,0.000921,0.001422,0.00117
1960,27,0.000612,0.001446,0.001027
1960,28,0.000614,0.001289,0.00095
1960,29,0.000761,0.001389,0.001073
1960,30,0.000866,0.001315,0.001085
1960,31,0.000597,0.001869,0.001215
1960,32,0.000716,0.002091,0.001386
1960,33,0.000799,0.001738,0.00126
1960,34,0.000857,0.00184,0.001339
1960,35,0.000994,0.001929,0.001439
1960,36,0.001393,0.001596,0.001491
1960,37,0.001396,0.002147,0.001759
1960,38,0.001379,0.002136,0.001746
1960,39,0.001155,0.002218,0.001675
1960,40,0.001653,0.002969,0.002296
1960,41,0.001661,0.002276,0.001962
1960,42,0.001633,0.003304,0.002451
1960,43,0.002449,0.003815,0.003119
1960,44,0.002475,0.004011,0.003226
1960,45,0.002257,0.003965,0.003096
1960,46,0.002731,0.00451,0.003603
1960,47,0.002963,0.005712,0.004306
1960,48,0.002951,0.005536,0.004204
1960,49,0.003845,0.00631,0.005035
1960,50,0.003708,0.006081,0.004855
1960,51,0.004127,0.007544,0.005765
1960,52,0.004577,0.009158,0.006774
1960,53,0.005042,0.009804,0.007323
1960,54,0.006154,0.010638,0.008284
1960,55,0.005746,0.012024,0.008707
1960,56,0.006297,0.011953,0.008955
1960,57,0.006933,0.013921,0.010201
1960,58,0.00901,0.015694,0.012093
1960,59,0.009559,0.01744,0.013151
1960,60,0.010446,0.019042,0.014357
1960,61,0.011952,0.022009,0.016471
1960,62,0.012257,0.023316,0.017186
1960,63,0.014125,0.025654,0.019254
1960,64,0.016386,0.029849,0.022336
1960,65,0.017252,0.03079,0.023207
1960,66,0.018855,0.033455,0.025217
1960,67,0.021527,0.037857,0.028597
1960,68,0.025012,0.038103,0.030633
1960,69,0.027312,0.043851,0.034363
1960,70,0.030722,0.046902,0.037555
1960,71,0.0316,0.050597,0.039608
1960,72,0.041504,0.056989,0.048029
1960,73,0.042779,0.061047,0.050422
1960,74,0.048881,0.069544,0.057461
1960,75,0.052883,0.075147,0.062093
1960,76,0.066979,0.083021,0.073643
1960,77,0.073415,0.10026,0.084479
1960,78,0.080369,0.106736,0.091036
1960,79,0.087387,0.110528,0.096615
1960,80,0.104622,0.125339,0.112727
1960,81,0.109235,0.138288,0.120462
1960,82,0.1287,0.147617,0.135924
1960,83,0.142902,0.162439,0.150348
1960,84,0.153166,0.182338,0.164047
1960,85,0.172459,0.187488,0.178012
1960,86,0.196009,0.21497,0.203069
1960,87,0.212764,0.245246,0.224389
1960,88,0.236243,0.264263,0.245962
1960,89,0.257727,0.294904,0.27027
1960,90,0.291146,0.30628,0.295872
1961,0,0.0187,0.025051,0.021933
1961,1,0.001274,0.00174,0.001511
1961,2,0.000882,0.001384,0.001139
1961,3,0.000939,0.000984,0.000962
1961,4,0.000773,0.000937,0.000857
1961,5,0.000764,0.000751,0.000757
1961,6,0.000414,0.000751,0.000585
1961,7,0.000345,0.000501,0.000424
1961,8,0.000269,0.00033,0.0003
1961,9,0.000297,0.000616,0.00046
1961,10,0.000317,0.000441,0.00038
1961,11,0.000288,0.000508,0.0004
1961,12,0.000305,0.000455,0.000381
1961,13,0.000277,0.000447,0.000364
1961,14,0.000388,0.000443,0.000416
1961,15,0.000249,0.000524,0.000389
1961,16,0.000418,0.000966,0.000696
1961,17,0.000527,0.001181,0.000855
1961,18,0.000433,0.001448,0.000942
1961,19,0.000492,0.001994,0.001252
1961,20,0.000725,0.002125,0.001433
1961,21,0.00052,0.001545,0.001035
1961,22,0.000447,0.002028,0.00123
1961,23,0.000479,0.001748,0.001102
1961,24,0.000483,0.001686,0.001083
1961,25,0.000376,0.001481,0.000933
1961,26,0.000643,0.001758,0.001205
1961,27,0.000482,0.001445,0.000963
1961,28,0.000637,0.001332,0.000984
1961,29,0.000716,0.001268,0.00099
1961,30,0.000609,0.001366,0.000984
1961,31,0.000795,0.001631,0.001208
1961,32,0.000779,0.001665,0.001211
1961,33,0.000977,0.001781,0.001368
1961,34,0.001207,0.001702,0.001447
1961,35,0.001257,0.002121,0.001672
1961,36,0.001472,0.001336,0.001407
1961,37,0.001392,0.00212,0.001743
1961,38,0.00123,0.001913,0.00156
1961,39,0.001474,0.002357,0.001901
1961,40,0.001756,0.002899,0.002314
1961,41,0.001818,0.003103,0.002447
1961,42,0.002467,0.003068,0.00276
1961,43,0.002128,0.003223,0.002663
1961,44,0.002033,0.003562,0.002782
1961,45,0.002639,0.003787,0.003203
1961,46,0.002545,0.004304,0.003408
1961,47,0.002703,0.005222,0.003937
1961,48,0.003512,0.005259,0.004364
1961,49,0.003708,0.006519,0.005068
1961,50,0.003819,0.006635,0.005179
1961,51,0.004043,0.007281,0.005606
1961,52,0.004738,0.008809,0.006687
1961,53,0.005759,0.009643,0.007613
1961,54,0.00631,0.011397,0.008734
1961,55,0.005962,0.012556,0.00908
1961,56,0.005889,0.012595,0.00904
1961,57,0.007957,0.014672,0.011101
1961,58,0.008161,0.01594,0.011783
1961,59,0.008677,0.018231,0.013058
1961,60,0.009491,0.02046,0.014464
1961,61,0.011042,0.021071,0.015577
1961,62,0.012818,0.023657,0.017654
1961,63,0.012537,0.026909,0.018893
1961,64,0.013993,0.027545,0.019968
1961,65,0.016653,0.029264,0.02219
1961,66,0.017545,0.034359,0.024882
1961,67,0.019175,0.035987,0.026422
1961,68,0.02365,0.036362,0.029104
1961,69,0.026624,0.041489,0.032956
1961,70,0.028418,0.043887,0.03496
1961,71,0.033255,0.053749,0.041815
1961,72,0.034389,0.059181,0.044703
1961,73,0.040577,0.061011,0.0491
1961,74,0.047592,0.06874,0.056357
1961,75,0.050923,0.070774,0.059076
1961,76,0.059116,0.078451,0.067003
1961,77,0.070648,0.086243,0.077054
1961,78,0.07064,0.099662,0.082478
1961,79,0.080738,0.11129,0.0929
1961,80,0.090339,0.113477,0.099374
1961,81,0.098348,0.119787,0.106621
1961,82,0.115544,0.150282,0.128726
1961,83,0.128414,0.144461,0.134462
1961,84,0.13926,0.170435,0.150959
1961,85,0.167205,0.177839,0.171115
1961,86,0.173689,0.210173,0.186976
1961,87,0.191911,0.215869,0.200668
1961,88,0.194594,0.218816,0.203092
1961,89,0.221327,0.251015,0.231483
1961,90,0.244493,0.298957,0.262314
1962,0,0.019494,0.024695,0.022148
1962,1,0.002016,0.001947,0.001981
1962,2,0.000908,0.001344,0.00113
1962,3,0.000626,0.001072,0.000854
1962,4,0.000725,0.000845,0.000786
1962,5,0.000694,0.000729,0.000712
1962,6,0.000542,0.000924,0.000737
1962,7,0.000359,0.000488,0.000425
1962,8,0.000362,0.000612,0.000488
1962,9,0.000166,0.000529,0.00035
1962,10,0.00019,0.000456,0.000326
1962,11,0.00035,0.00038,0.000366
1962,12,0.000251,0.00049,0.000372
1962,13,0.000423,0.00048,0.000452
1962,14,0.00024,0.000578,0.000411
1962,15,0.00041,0.000737,0.000576
1962,16,0.000343,0.000889,0.000621
1962,17,0.000483,0.001103,0.000799
1962,18,0.000455,0.001621,0.001043
1962,19,0.000479,0.001735,0.001112
1962,20,0.000452,0.001626,0.001047
1962,21,0.000626,0.00167,0.001154
1962,22,0.000504,0.001897,0.001205
1962,23,0.000485,0.001317,0.0009
1962,24,0.000518,0.001449,0.000981
1962,25,0.000474,0.001412,0.000945
1962,26,0.000643,0.001596,0.001125
1962,27,0.000684,0.001437,0.001064
1962,28,0.000852,0.001395,0.001124
1962,29,0.000605,0.001288,0.000946
1962,30,0.00081,0.001609,0.001208
1962,31,0.000904,0.001834,0.001366
1962,32,0.001042,0.001927,0.001479
1962,33,0.000798,0.001537,0.001159
1962,34,0.00089,0.001541,0.001207
1962,35,0.000989,0.001957,0.001459
1962,36,0.000961,0.001674,0.001305
1962,37,0.001174,0.002189,0.001663
1962,38,0.001253,0.002652,0.001929
1962,39,0.001435,0.002904,0.002148
1962,40,0.001782,0.002858,0.002305
1962,41,0.001803,0.002766,0.002274
1962,42,0.002114,0.00334,0.002715
1962,43,0.002332,0.003719,0.003009
1962,44,0.002253,0.003683,0.002953
1962,45,0.002802,0.004552,0.00366
1962,46,0.002159,0.004996,0.003553
1962,47,0.002956,0.005167,0.004039
1962,48,0.003123,0.006025,0.004543
1962,49,0.003487,0.006589,0.004997
1962,50,0.003657,0.007001,0.005271
1962,51,0.004712,0.007424,0.006019
1962,52,0.004851,0.008564,0.006638
1962,53,0.005024,0.00899,0.006915
1962,54,0.005335,0.011068,0.00806
1962,55,0.006336,0.011058,0.008577
1962,56,0.006999,0.013657,0.010134
1962,57,0.007243,0.016301,0.011478
1962,58,0.008612,0.016737,0.012397
1962,59,0.009076,0.017844,0.013137
1962,60,0.009514,0.019145,0.013908
1962,61,0.010213,0.022059,0.015553
1962,62,0.012232,0.025233,0.018072
1962,63,0.014168,0.025565,0.019219
1962,64,0.01624,0.02775,0.021294
1962,65,0.017168,0.032078,0.023695
1962,66,0.020334,0.033416,0.026034
1962,67,0.019473,0.03717,0.027127
1962,68,0.024454,0.040803,0.031438
1962,69,0.028106,0.044364,0.035025
1962,70,0.029559,0.0483,0.037468
1962,71,0.035276,0.05209,0.04231
1962,72,0.03604,0.058859,0.045457
1962,73,0.040713,0.068765,0.052221
1962,74,0.04994,0.071079,0.058644
1962,75,0.052561,0.078797,0.063306
1962,76,0.06111,0.08463,0.070647
1962,77,0.069742,0.097623,0.080961
1962,78,0.083311,0.103658,0.091556
1962,79,0.087707,0.107877,0.095809
1962,80,0.101675,0.120786,0.109158
1962,81,0.110641,0.137978,0.121184
1962,82,0.128982,0.153907,0.138442
1962,83,0.139557,0.165188,0.149116
1962,84,0.156509,0.185879,0.16739
1962,85,0.18042,0.201769,0.188352
1962,86,0.199069,0.236324,0.21252
1962,87,0.187047,0.253677,0.210618
1962,88,0.235807,0.248607,0.240377
1962,89,0.24515,0.28576,0.259205
1962,90,0.282398,0.287878,0.28422
1963,0,0.018249,0.024241,0.021309
1963,1,0.001463,0.001585,0.001525
1963,2,0.000727,0.001468,0.001104
1963,3,0.000837,0.00157,0.00121
1963,4,0.000666,0.001086,0.000881
1963,5,0.000674,0.000646,0.00066
1963,6,0.000597,0.000657,0.000628
1963,7,0.00042,0.000604,0.000514
1963,8,0.000284,0.000531,0.000409
1963,9,0.000309,0.000582,0.000446
1963,10,0.000372,0.000406,0.000389
1963,11,0.000232,0.000399,0.000317
1963,12,0.000226,0.000414,0.000322
1963,13,0.000243,0.000564,0.000405
1963,14,0.000214,0.000487,0.000351
1963,15,0.00021,0.000809,0.000511
1963,16,0.000457,0.000812,0.000636
1963,17,0.000352,0.000874,0.000618
1963,18,0.000504,0.001322,0.000919
1963,19,0.000374,0.00157,0.000978
1963,20,0.000546,0.001439,0.000998
1963,21,0.000681,0.00166,0.001178
1963,22,0.000375,0.00169,0.001041
1963,23,0.000328,0.001338,0.000837
1963,24,0.00031,0.001468,0.000891
1963,25,0.000656,0.001476,0.001067
1963,26,0.000468,0.001405,0.00094
1963,27,0.000758,0.001404,0.001086
1963,28,0.00063,0.001511,0.001076
1963,29,0.000695,0.001205,0.000952
1963,30,0.000725,0.00165,0.001188
1963,31,0.000929,0.001594,0.00126
1963,32,0.000897,0.001364,0.001129
1963,33,0.000884,0.00186,0.001366
1963,34,0.000742,0.001979,0.001346
1963,35,0.001274,0.001882,0.001571
1963,36,0.001113,0.001994,0.001541
1963,37,0.001111,0.00246,0.001763
1963,38,0.000934,0.002113,0.001503
1963,39,0.001221,0.002878,0.002023
1963,40,0.001695,0.00299,0.002325
1963,41,0.001646,0.002781,0.002199
1963,42,0.001666,0.003714,0.00267
1963,43,0.002191,0.003583,0.002874
1963,44,0.002392,0.004106,0.003229
1963,45,0.002316,0.004762,0.003514
1963,46,0.002606,0.004812,0.003688
1963,47,0.003173,0.006313,0.004716
1963,48,0.003341,0.005209,0.004256
1963,49,0.003746,0.006457,0.00507
1963,50,0.003881,0.006766,0.005284
1963,51,0.004056,0.008606,0.006248
1963,52,0.004866,0.008987,0.006846
1963,53,0.005282,0.008887,0.00701
1963,54,0.00537,0.010417,0.007767
1963,55,0.006221,0.013189,0.00952
1963,56,0.006715,0.012802,0.009593
1963,57,0.007473,0.015924,0.011434
1963,58,0.008359,0.016363,0.012081
1963,59,0.008612,0.018221,0.013064
1963,60,0.010452,0.019523,0.01463
1963,61,0.011585,0.020531,0.015644
1963,62,0.011891,0.025117,0.017816
1963,63,0.013143,0.026255,0.018994
1963,64,0.014987,0.029077,0.021186
1963,65,0.01664,0.033491,0.023984
1963,66,0.018981,0.035827,0.026296
1963,67,0.021727,0.036726,0.028207
1963,68,0.023329,0.043217,0.031847
1963,69,0.025256,0.044548,0.033421
1963,70,0.031199,0.050453,0.039305
1963,71,0.032055,0.054282,0.041331
1963,72,0.039853,0.057794,0.047266
1963,73,0.046006,0.062154,0.052585
1963,74,0.047438,0.074932,0.05857
1963,75,0.055984,0.08207,0.06657
1963,76,0.064869,0.097807,0.078163
1963,77,0.070071,0.097234,0.080903
1963,78,0.079118,0.110724,0.091637
1963,79,0.091797,0.12059,0.103297
1963,80,0.10104,0.127727,0.111585
1963,81,0.113982,0.141757,0.124689
1963,82,0.131806,0.159146,0.142205
1963,83,0.141374,0.169507,0.15189
1963,84,0.155621,0.186254,0.166812
1963,85,0.17144,0.212192,0.186261
1963,86,0.210157,0.239784,0.220925
1963,87,0.219471,0.252457,0.231123
1963,88,0.241031,0.277871,0.253758
1963,89,0.275033,0.328155,0.293507
1963,90,0.271831,0.31489,0.286269
1964,0,0.016856,0.022538,0.019758
1964,1,0.001497,0.001871,0.001688
1964,2,0.000785,0.001111,0.000951
1964,3,0.000662,0.000929,0.000798
1964,4,0.000702,0.000677,0.000689
1964,5,0.00042,0.000976,0.000704
1964,6,0.000269,0.000514,0.000394
1964,7,0.000411,0.00061,0.000513
1964,8,0.000325,0.000468,0.000398
1964,9,0.000235,0.000528,0.000384
1964,10,0.000282,0.000347,0.000315
1964,11,0.00023,0.00049,0.000362
1964,12,0.000137,0.000349,0.000246
1964,13,0.0002,0.00043,0.000317
1964,14,0.000282,0.000578,0.000431
1964,15,0.000462,0.000583,0.000523
1964,16,0.000329,0.000837,0.000584
1964,17,0.000265,0.000835,0.000554
1964,18,0.000405,0.001227,0.000823
1964,19,0.000267,0.00169,0.00099
1964,20,0.000549,0.001652,0.001107
1964,21,0.000455,0.00151,0.000989
1964,22,0.000433,0.001614,0.001033
1964,23,0.000531,0.00153,0.001037
1964,24,0.000464,0.001273,0.000872
1964,25,0.000472,0.001488,0.000984
1964,26,0.000627,0.001379,0.001006
1964,27,0.00071,0.001436,0.001077
1964,28,0.000584,0.001532,0.001066
1964,29,0.000771,0.001427,0.001104
1964,30,0.000841,0.001343,0.001093
1964,31,0.000747,0.001466,0.001107
1964,32,0.000575,0.001484,0.001028
1964,33,0.000919,0.00181,0.001361
1964,34,0.000931,0.00162,0.001272
1964,35,0.000943,0.001703,0.001315
1964,36,0.001011,0.002037,0.001512
1964,37,0.001058,0.002202,0.001615
1964,38,0.00134,0.002503,0.001902
1964,39,0.001475,0.001854,0.001658
1964,40,0.0014,0.003252,0.002297
1964,41,0.001692,0.002783,0.002224
1964,42,0.001906,0.003073,0.002475
1964,43,0.002087,0.004149,0.003098
1964,44,0.001752,0.003694,0.002705
1964,45,0.001882,0.004202,0.003016
1964,46,0.002807,0.004221,0.003499
1964,47,0.002801,0.004884,0.003822
1964,48,0.003687,0.005372,0.004514
1964,49,0.003346,0.006279,0.004781
1964,50,0.003245,0.005923,0.004552
1964,51,0.003862,0.006773,0.005275
1964,52,0.004125,0.008849,0.006396
1964,53,0.003934,0.00958,0.00664
1964,54,0.005496,0.01213,0.008667
1964,55,0.005586,0.011834,0.008541
1964,56,0.007095,0.012544,0.009664
1964,57,0.007245,0.013851,0.010355
1964,58,0.00811,0.015968,0.011777
1964,59,0.008388,0.016418,0.012105
1964,60,0.009756,0.019653,0.014319
1964,61,0.010116,0.022214,0.015656
1964,62,0.012111,0.022955,0.017001
1964,63,0.012059,0.024772,0.017718
1964,64,0.013775,0.026872,0.019573
1964,65,0.014638,0.030146,0.021406
1964,66,0.017901,0.033867,0.024798
1964,67,0.021456,0.036362,0.027872
1964,68,0.023788,0.040315,0.030862
1964,69,0.025056,0.043416,0.032841
1964,70,0.026767,0.046474,0.035016
1964,71,0.034004,0.051274,0.0412
1964,72,0.037157,0.055472,0.044723
1964,73,0.038952,0.058265,0.046845
1964,74,0.044973,0.07038,0.055197
1964,75,0.04995,0.068285,0.057268
1964,76,0.058149,0.073239,0.064193
1964,77,0.068101,0.083903,0.074391
1964,78,0.070844,0.100827,0.082616
1964,79,0.078848,0.112894,0.092096
1964,80,0.091301,0.117266,0.101496
1964,81,0.103682,0.125184,0.112039
1964,82,0.116086,0.149451,0.128725
1964,83,0.124152,0.148555,0.133288
1964,84,0.141294,0.162599,0.149134
1964,85,0.149061,0.188336,0.163158
1964,86,0.174611,0.214723,0.188766
1964,87,0.187322,0.226584,0.20136
1964,88,0.208577,0.233994,0.217344
1964,89,0.198928,0.306754,0.235157
1964,90,0.265801,0.289517,0.273701
1965,0,0.015854,0.020011,0.017986
1965,1,0.001273,0.00133,0.001302
1965,2,0.000691,0.001364,0.001034
1965,3,0.000744,0.000973,0.000861
1965,4,0.000534,0.000784,0.000661
1965,5,0.000526,0.000739,0.000634
1965,6,0.000441,0.000699,0.000573
1965,7,0.000335,0.000321,0.000328
1965,8,0.000228,0.000435,0.000334
1965,9,0.000162,0.000601,0.000386
1965,10,0.000188,0.000367,0.000279
1965,11,0.000141,0.000553,0.000349
1965,12,0.000298,0.000555,0.000429
1965,13,0.000228,0.000457,0.000345
1965,14,0.000267,0.00045,0.00036
1965,15,0.000217,0.000492,0.000355
1965,16,0.000357,0.000813,0.000585
1965,17,0.000411,0.000939,0.000676
1965,18,0.000347,0.001113,0.000735
1965,19,0.000505,0.001128,0.000823
1965,20,0.00041,0.00123,0.000827
1965,21,0.000488,0.001508,0.001004
1965,22,0.000537,0.001046,0.000795
1965,23,0.000389,0.001258,0.00083
1965,24,0.00046,0.001235,0.000852
1965,25,0.000601,0.00145,0.00103
1965,26,0.000354,0.001365,0.000864
1965,27,0.000602,0.001277,0.000942
1965,28,0.000537,0.00124,0.000893
1965,29,0.000704,0.001622,0.001171
1965,30,0.000674,0.00133,0.001007
1965,31,0.000667,0.001096,0.000883
1965,32,0.000672,0.001314,0.000994
1965,33,0.00095,0.001832,0.00139
1965,34,0.000868,0.001682,0.001273
1965,35,0.000955,0.001669,0.001309
1965,36,0.000943,0.001488,0.001209
1965,37,0.00114,0.001682,0.001404
1965,38,0.001109,0.0022,0.00164
1965,39,0.001262,0.002446,0.001835
1965,40,0.001242,0.00271,0.001952
1965,41,0.001634,0.00259,0.002097
1965,42,0.001826,0.003144,0.002468
1965,43,0.002038,0.00324,0.002624
1965,44,0.002486,0.003963,0.00321
1965,45,0.002111,0.00444,0.003254
1965,46,0.002364,0.003979,0.003153
1965,47,0.002485,0.004915,0.003674
1965,48,0.003098,0.005606,0.004327
1965,49,0.003696,0.006224,0.004936
1965,50,0.003473,0.005595,0.00451
1965,51,0.003679,0.006908,0.005252
1965,52,0.004292,0.007383,0.00579
1965,53,0.005549,0.009133,0.007269
1965,54,0.004988,0.009734,0.007256
1965,55,0.005662,0.011066,0.008236
1965,56,0.007004,0.012781,0.009728
1965,57,0.006742,0.013852,0.010082
1965,58,0.006917,0.014713,0.010572
1965,59,0.008228,0.017471,0.012523
1965,60,0.011046,0.018581,0.014516
1965,61,0.010316,0.020063,0.014788
1965,62,0.012716,0.022159,0.017015
1965,63,0.013139,0.02631,0.019044
1965,64,0.015566,0.02586,0.020117
1965,65,0.016324,0.03263,0.023489
1965,66,0.019453,0.033716,0.025627
1965,67,0.017678,0.037306,0.026085
1965,68,0.023364,0.041252,0.030996
1965,69,0.025835,0.045072,0.03399
1965,70,0.02897,0.04774,0.036846
1965,71,0.030524,0.05494,0.040621
1965,72,0.034999,0.055029,0.043256
1965,73,0.043165,0.061037,0.050466
1965,74,0.04584,0.069848,0.055522
1965,75,0.052727,0.077457,0.062552
1965,76,0.059522,0.089087,0.071158
1965,77,0.066855,0.097676,0.079028
1965,78,0.073514,0.09558,0.082167
1965,79,0.087153,0.112027,0.096769
1965,80,0.084574,0.126305,0.100559
1965,81,0.106776,0.144284,0.121222
1965,82,0.117275,0.147408,0.128765
1965,83,0.127161,0.155988,0.137859
1965,84,0.143671,0.174938,0.155174
1965,85,0.152053,0.193943,0.167177
1965,86,0.171104,0.215022,0.186408
1965,87,0.197777,0.225407,0.207345
1965,88,0.223885,0.246996,0.231916
1965,89,0.266192,0.284946,0.272531
1965,90,0.280991,0.313991,0.291636
1966,0,0.014871,0.019445,0.017221
1966,1,0.001809,0.001561,0.001682
1966,2,0.000706,0.001227,0.000971
1966,3,0.000514,0.000892,0.000707
1966,4,0.000786,0.000895,0.000841
1966,5,0.000534,0.000763,0.00065
1966,6,0.000503,0.000695,0.000601
1966,7,0.000331,0.000613,0.000475
1966,8,0.000424,0.000491,0.000458
1966,9,0.000228,0.000326,0.000278
1966,10,0.000278,0.000444,0.000363
1966,11,0.000164,0.00039,0.000278
1966,12,0.000141,0.000391,0.000267
1966,13,0.000367,0.000421,0.000394
1966,14,0.000183,0.000499,0.000345
1966,15,0.000356,0.000621,0.000491
1966,16,0.000433,0.000942,0.000689
1966,17,0.000419,0.001024,0.000722
1966,18,0.000412,0.00123,0.000822
1966,19,0.000551,0.001615,0.001089
1966,20,0.000364,0.001169,0.000774
1966,21,0.000574,0.001251,0.000918
1966,22,0.000285,0.001647,0.000974
1966,23,0.000454,0.001549,0.001009
1966,24,0.000583,0.001152,0.000872
1966,25,0.000482,0.001277,0.000884
1966,26,0.000576,0.001285,0.000934
1966,27,0.000518,0.001243,0.000884
1966,28,0.000673,0.001553,0.001118
1966,29,0.000732,0.00159,0.001167
1966,30,0.000533,0.001664,0.001108
1966,31,0.000817,0.00135,0.001088
1966,32,0.00079,0.001458,0.001126
1966,33,0.000497,0.001337,0.000918
1966,34,0.000874,0.001529,0.001201
1966,35,0.000818,0.001178,0.000997
1966,36,0.000829,0.001744,0.001282
1966,37,0.000866,0.001963,0.001403
1966,38,0.001424,0.001842,0.001628
1966,39,0.00134,0.002388,0.001851
1966,40,0.001365,0.002417,0.001874
1966,41,0.001423,0.00293,0.002152
1966,42,0.001582,0.003115,0.002325
1966,43,0.002144,0.003285,0.0027
1966,44,0.001856,0.003463,0.002639
1966,45,0.002303,0.004025,0.003147
1966,46,0.002223,0.004477,0.003329
1966,47,0.002816,0.004492,0.003635
1966,48,0.002588,0.005687,0.004103
1966,49,0.003559,0.005866,0.004689
1966,50,0.003706,0.007485,0.005558
1966,51,0.004405,0.00772,0.006022
1966,52,0.004628,0.008035,0.006286
1966,53,0.004898,0.008899,0.006834
1966,54,0.00563,0.010782,0.008096
1966,55,0.005262,0.010727,0.007866
1966,56,0.005722,0.013273,0.009308
1966,57,0.006571,0.013388,0.009773
1966,58,0.007521,0.015432,0.011222
1966,59,0.008631,0.016438,0.012276
1966,60,0.008331,0.018272,0.012927
1966,61,0.010142,0.01985,0.014591
1966,62,0.011362,0.020954,0.015739
1966,63,0.012956,0.024039,0.017973
1966,64,0.012697,0.02871,0.019829
1966,65,0.016521,0.030845,0.022801
1966,66,0.016974,0.034001,0.02439
1966,67,0.019841,0.036734,0.027086
1966,68,0.024459,0.039029,0.030639
1966,69,0.024935,0.041781,0.032051
1966,70,0.027801,0.048624,0.036539
1966,71,0.031723,0.051716,0.040011
1966,72,0.033478,0.057729,0.043386
1966,73,0.038595,0.064069,0.048968
1966,74,0.045203,0.069311,0.054927
1966,75,0.049049,0.074367,0.059118
1966,76,0.059275,0.076745,0.066121
1966,77,0.066262,0.086261,0.074013
1966,78,0.075533,0.105308,0.087112
1966,79,0.086525,0.106721,0.094341
1966,80,0.095857,0.107969,0.100474
1966,81,0.108957,0.127099,0.115803
1966,82,0.11691,0.145729,0.127827
1966,83,0.129126,0.168471,0.143824
1966,84,0.140988,0.167319,0.150563
1966,85,0.157636,0.187524,0.168396
1966,86,0.183853,0.211767,0.193702
1966,87,0.204543,0.253017,0.221012
1966,88,0.206164,0.269028,0.227342
1966,89,0.248743,0.288023,0.261984
1966,90,0.250869,0.281556,0.260985
1967,0,0.014829,0.02056,0.017764
1967,1,0.001128,0.001343,0.001239
1967,2,0.000791,0.001129,0.000964
1967,3,0.000673,0.000683,0.000678
1967,4,0.000536,0.000668,0.000603
1967,5,0.000663,0.000916,0.000792
1967,6,0.000491,0.000659,0.000576
1967,7,0.000218,0.000756,0.000492
1967,8,0.000308,0.000548,0.00043
1967,9,0.000267,0.000575,0.000424
1967,10,0.000272,0.000519,0.000399
1967,11,0.000231,0.000376,0.000305
1967,12,0.000281,0.000526,0.000405
1967,13,0.000421,0.000459,0.00044
1967,14,0.00016,0.000463,0.000314
1967,15,0.000431,0.000582,0.000508
1967,16,0.000287,0.000809,0.000553
1967,17,0.000258,0.000918,0.000589
1967,18,0.000625,0.001355,0.000989
1967,19,0.000552,0.001676,0.001114
1967,20,0.000382,0.001682,0.001038
1967,21,0.000418,0.001389,0.000912
1967,22,0.000366,0.001829,0.001109
1967,23,0.000443,0.001549,0.001003
1967,24,0.000717,0.001172,0.000948
1967,25,0.000556,0.001533,0.001053
1967,26,0.000613,0.001062,0.000841
1967,27,0.000502,0.001309,0.000911
1967,28,0.000514,0.00125,0.000887
1967,29,0.000597,0.001303,0.000955
1967,30,0.000607,0.001058,0.000836
1967,31,0.000507,0.001863,0.001198
1967,32,0.000551,0.00155,0.001059
1967,33,0.000591,0.001547,0.001073
1967,34,0.000892,0.001602,0.001248
1967,35,0.000822,0.001723,0.001272
1967,36,0.001088,0.001474,0.00128
1967,37,0.001078,0.002046,0.001557
1967,38,0.001118,0.001904,0.001503
1967,39,0.001214,0.002539,0.001862
1967,40,0.001441,0.002517,0.001965
1967,41,0.001517,0.002795,0.002136
1967,42,0.001835,0.002483,0.002148
1967,43,0.001684,0.002889,0.002269
1967,44,0.001905,0.003808,0.002833
1967,45,0.002405,0.004283,0.003321
1967,46,0.002224,0.00364,0.002917
1967,47,0.002554,0.004593,0.003554
1967,48,0.002756,0.004867,0.003787
1967,49,0.003216,0.005735,0.004447
1967,50,0.003048,0.006497,0.004736
1967,51,0.003938,0.007019,0.005445
1967,52,0.003908,0.007515,0.005664
1967,53,0.004045,0.00933,0.00661
1967,54,0.005085,0.010209,0.007558
1967,55,0.005368,0.010262,0.007704
1967,56,0.006389,0.011372,0.008756
1967,57,0.006259,0.01423,0.010029
1967,58,0.006694,0.014215,0.010212
1967,59,0.007879,0.017044,0.012145
1967,60,0.009967,0.018458,0.013912
1967,61,0.010109,0.019982,0.01465
1967,62,0.011127,0.021632,0.015915
1967,63,0.01218,0.023962,0.017525
1967,64,0.013427,0.026362,0.019242
1967,65,0.014939,0.028805,0.021068
1967,66,0.01643,0.035004,0.024503
1967,67,0.017695,0.037501,0.026241
1967,68,0.022211,0.040155,0.029835
1967,69,0.023833,0.043121,0.031939
1967,70,0.027711,0.050376,0.037187
1967,71,0.030147,0.05256,0.039434
1967,72,0.032953,0.05284,0.041097
1967,73,0.038745,0.064377,0.049075
1967,74,0.039218,0.067773,0.050669
1967,75,0.051033,0.072024,0.059377
1967,76,0.051375,0.080107,0.062652
1967,77,0.064597,0.08702,0.073262
1967,78,0.06724,0.094293,0.077563
1967,79,0.075012,0.099576,0.084427
1967,80,0.090164,0.109794,0.097659
1967,81,0.106813,0.133035,0.116727
1967,82,0.116007,0.132399,0.122099
1967,83,0.126394,0.160138,0.138971
1967,84,0.137788,0.155101,0.144147
1967,85,0.152507,0.179721,0.162236
1967,86,0.165878,0.191814,0.175058
1967,87,0.181576,0.197877,0.187225
1967,88,0.212683,0.226749,0.217387
1967,89,0.228605,0.246178,0.234389
1967,90,0.249896,0.292232,0.263817
1968,0,0.014644,0.018018,0.016371
1968,1,0.001222,0.001563,0.001397
1968,2,0.000832,0.000919,0.000877
1968,3,0.000724,0.000944,0.000837
1968,4,0.000543,0.000839,0.000694
1968,5,0.000479,0.000633,0.000557
1968,6,0.00058,0.000658,0.00062
1968,7,0.000426,0.000576,0.000502
1968,8,0.000305,0.000503,0.000405
1968,9,0.000241,0.000567,0.000407
1968,10,0.00031,0.000488,0.000401
1968,11,0.000316,0.00056,0.000441
1968,12,0.000276,0.000441,0.00036
1968,13,0.00021,0.000387,0.0003
1968,14,0.000396,0.000594,0.000496
1968,15,0.000249,0.00057,0.000412
1968,16,0.000248,0.000641,0.000449
1968,17,0.000394,0.000655,0.000527
1968,18,0.000468,0.001337,0.000903
1968,19,0.000491,0.001596,0.00104
1968,20,0.00056,0.001439,0.000997
1968,21,0.000649,0.001403,0.001028
1968,22,0.000509,0.001252,0.000886
1968,23,0.000479,0.001313,0.000903
1968,24,0.000297,0.001461,0.000888
1968,25,0.000628,0.001403,0.001023
1968,26,0.000698,0.001243,0.000976
1968,27,0.000651,0.001021,0.000839
1968,28,0.000475,0.001379,0.000934
1968,29,0.000487,0.001056,0.000776
1968,30,0.000618,0.00124,0.000934
1968,31,0.000531,0.001234,0.000889
1968,32,0.000721,0.001064,0.000896
1968,33,0.00062,0.001448,0.001042
1968,34,0.000564,0.001346,0.000959
1968,35,0.001038,0.001619,0.00133
1968,36,0.001018,0.001368,0.001193
1968,37,0.001134,0.002165,0.001647
1968,38,0.0012,0.002014,0.001603
1968,39,0.001242,0.002267,0.001745
1968,40,0.001727,0.002208,0.001962
1968,41,0.001181,0.002483,0.001816
1968,42,0.001618,0.002814,0.002197
1968,43,0.001677,0.003274,0.00245
1968,44,0.001398,0.003542,0.002438
1968,45,0.002354,0.003552,0.002939
1968,46,0.002587,0.004141,0.003345
1968,47,0.002701,0.004881,0.003769
1968,48,0.002913,0.005512,0.004187
1968,49,0.003305,0.006524,0.004877
1968,50,0.003912,0.007165,0.0055
1968,51,0.004029,0.008088,0.006013
1968,52,0.004492,0.007623,0.006022
1968,53,0.004696,0.009146,0.006858
1968,54,0.005345,0.009158,0.007192
1968,55,0.005839,0.01115,0.008396
1968,56,0.006794,0.013106,0.009798
1968,57,0.007218,0.013888,0.010374
1968,58,0.007232,0.014141,0.010486
1968,59,0.00778,0.017845,0.012463
1968,60,0.007703,0.018551,0.012724
1968,61,0.009994,0.019883,0.014562
1968,62,0.011112,0.021285,0.015764
1968,63,0.012209,0.022065,0.016675
1968,64,0.012993,0.02799,0.019749
1968,65,0.01484,0.028781,0.021059
1968,66,0.016464,0.033615,0.023975
1968,67,0.018106,0.036176,0.02588
1968,68,0.020978,0.039267,0.028788
1968,69,0.022585,0.043186,0.031248
1968,70,0.027898,0.049095,0.036707
1968,71,0.03128,0.04913,0.038654
1968,72,0.032819,0.055435,0.042081
1968,73,0.04046,0.060368,0.048517
1968,74,0.043021,0.068471,0.053122
1968,75,0.04978,0.079024,0.061334
1968,76,0.054297,0.086355,0.06684
1968,77,0.058656,0.093317,0.072025
1968,78,0.069934,0.09769,0.080471
1968,79,0.082997,0.1151,0.095034
1968,80,0.093997,0.124037,0.105325
1968,81,0.096717,0.127805,0.108399
1968,82,0.119935,0.14768,0.13023
1968,83,0.13026,0.165529,0.143164
1968,84,0.148541,0.172812,0.157431
1968,85,0.159692,0.183856,0.16845
1968,86,0.183722,0.219986,0.196409
1968,87,0.171636,0.23452,0.193419
1968,88,0.218501,0.244188,0.227224
1968,89,0.275945,0.258704,0.270205
1968,90,0.250472,0.314448,0.27108
1969,0,0.014012,0.017516,0.015801
1969,1,0.001337,0.001585,0.001464
1969,2,0.000699,0.001049,0.000878
1969,3,0.000645,0.000762,0.000705
1969,4,0.000501,0.000733,0.00062
1969,5,0.000352,0.000939,0.000651
1969,6,0.000481,0.000693,0.000589
1969,7,0.00029,0.000459,0.000376
1969,8,0.000362,0.000534,0.000449
1969,9,0.000217,0.000501,0.000362
1969,10,0.000393,0.000335,0.000363
1969,11,0.000199,0.00036,0.000281
1969,12,0.000225,0.000688,0.000462
1969,13,0.000183,0.000638,0.000415
1969,14,0.000325,0.000591,0.000459
1969,15,0.000324,0.000569,0.000448
1969,16,0.000427,0.00074,0.000587
1969,17,0.000447,0.000975,0.000718
1969,18,0.000522,0.001007,0.000769
1969,19,0.000378,0.001626,0.001001
1969,20,0.000505,0.001918,0.001204
1969,21,0.000588,0.001885,0.001229
1969,22,0.000674,0.001188,0.000932
1969,23,0.000403,0.001453,0.000936
1969,24,0.000686,0.001345,0.001021
1969,25,0.000566,0.001469,0.001026
1969,26,0.000639,0.001357,0.001006
1969,27,0.000606,0.001121,0.000869
1969,28,0.000399,0.001541,0.000979
1969,29,0.000471,0.001251,0.000869
1969,30,0.000852,0.00146,0.001162
1969,31,0.000662,0.001043,0.000857
1969,32,0.000745,0.001479,0.001119
1969,33,0.000527,0.001633,0.001091
1969,34,0.000761,0.001509,0.001142
1969,35,0.001149,0.002105,0.001633
1969,36,0.000888,0.001785,0.001338
1969,37,0.001264,0.001859,0.001561
1969,38,0.001107,0.002011,0.001557
1969,39,0.001098,0.002825,0.001953
1969,40,0.001316,0.002367,0.001831
1969,41,0.001287,0.002794,0.002024
1969,42,0.001564,0.002801,0.002167
1969,43,0.001693,0.003135,0.002392
1969,44,0.001778,0.002994,0.002367
1969,45,0.00194,0.004087,0.002982
1969,46,0.002486,0.004131,0.003289
1969,47,0.003139,0.005458,0.004271
1969,48,0.002889,0.005608,0.00422
1969,49,0.003605,0.005468,0.004518
1969,50,0.003859,0.006274,0.005037
1969,51,0.003855,0.007231,0.005502
1969,52,0.004138,0.008606,0.00632
1969,53,0.005407,0.009229,0.007271
1969,54,0.005103,0.00963,0.007298
1969,55,0.005424,0.009967,0.00762
1969,56,0.005497,0.0133,0.009241
1969,57,0.006918,0.014004,0.010279
1969,58,0.006831,0.013655,0.010048
1969,59,0.008709,0.016433,0.012331
1969,60,0.009711,0.017826,0.013467
1969,61,0.010115,0.020608,0.014943
1969,62,0.009842,0.021952,0.015402
1969,63,0.012178,0.023909,0.017511
1969,64,0.012981,0.027953,0.019716
1969,65,0.015628,0.029842,0.021982
1969,66,0.01839,0.032621,0.024688
1969,67,0.019538,0.035764,0.026575
1969,68,0.019811,0.041422,0.02901
1969,69,0.026221,0.044147,0.03379
1969,70,0.026463,0.04579,0.034501
1969,71,0.031441,0.052692,0.040176
1969,72,0.035681,0.062171,0.046483
1969,73,0.036427,0.064381,0.047725
1969,74,0.042969,0.069158,0.053415
1969,75,0.050839,0.072328,0.059243
1969,76,0.055779,0.078817,0.06474
1969,77,0.06348,0.093498,0.075021
1969,78,0.06764,0.100632,0.080131
1969,79,0.082005,0.106984,0.091316
1969,80,0.082917,0.11564,0.094953
1969,81,0.096082,0.130505,0.1088
1969,82,0.113208,0.140594,0.123291
1969,83,0.118589,0.155612,0.132076
1969,84,0.138578,0.179443,0.153161
1969,85,0.142059,0.188616,0.158803
1969,86,0.167438,0.196734,0.177798
1969,87,0.185229,0.209437,0.193492
1969,88,0.217047,0.238641,0.22437
1969,89,0.224917,0.283406,0.244615
1969,90,0.256171,0.285732,0.265809
1970,0,0.013141,0.017838,0.01554
1970,1,0.000912,0.001394,0.001158
1970,2,0.00057,0.000798,0.000686
1970,3,0.00068,0.000711,0.000696
1970,4,0.00053,0.000711,0.000623
1970,5,0.000444,0.000812,0.000632
1970,6,0.000449,0.000584,0.000518
1970,7,0.00054,0.000655,0.000599
1970,8,0.000228,0.000739,0.000488
1970,9,0.000382,0.000349,0.000365
1970,10,0.000346,0.000542,0.000446
1970,11,0.000217,0.000293,0.000256
1970,12,0.000198,0.000465,0.000334
1970,13,0.000291,0.000472,0.000383
1970,14,0.000159,0.000483,0.000324
1970,15,0.000368,0.000607,0.000489
1970,16,0.000345,0.001105,0.000728
1970,17,0.000559,0.000781,0.000672
1970,18,0.000448,0.001602,0.001039
1970,19,0.000526,0.001877,0.001211
1970,20,0.000465,0.002115,0.00129
1970,21,0.000465,0.001674,0.001063
1970,22,0.000452,0.001895,0.001165
1970,23,0.000328,0.001643,0.000986
1970,24,0.000443,0.001227,0.000839
1970,25,0.000452,0.001262,0.000862
1970,26,0.000449,0.001329,0.000896
1970,27,0.000339,0.001078,0.000715
1970,28,0.000583,0.001285,0.00094
1970,29,0.000598,0.001303,0.000957
1970,30,0.000539,0.001559,0.001058
1970,31,0.000577,0.00155,0.001073
1970,32,0.000639,0.001224,0.000937
1970,33,0.000913,0.001638,0.001283
1970,34,0.000646,0.001536,0.0011
1970,35,0.000689,0.001506,0.001106
1970,36,0.0011,0.001382,0.001243
1970,37,0.000764,0.0019,0.001335
1970,38,0.001164,0.001801,0.001483
1970,39,0.001254,0.002592,0.001922
1970,40,0.001472,0.002614,0.002038
1970,41,0.001418,0.002589,0.001994
1970,42,0.001467,0.002991,0.002215
1970,43,0.002,0.003127,0.002552
1970,44,0.001925,0.003409,0.002647
1970,45,0.001963,0.003925,0.002914
1970,46,0.00275,0.004577,0.003638
1970,47,0.002918,0.004292,0.00359
1970,48,0.003069,0.005152,0.004088
1970,49,0.003056,0.006319,0.004657
1970,50,0.003398,0.006587,0.00496
1970,51,0.003454,0.006292,0.004839
1970,52,0.004634,0.008021,0.006287
1970,53,0.004846,0.008981,0.006866
1970,54,0.00563,0.009749,0.007639
1970,55,0.005281,0.010795,0.007952
1970,56,0.005796,0.010889,0.008253
1970,57,0.006183,0.011817,0.00888
1970,58,0.006614,0.01521,0.010682
1970,59,0.008032,0.016982,0.012238
1970,60,0.007744,0.017102,0.012112
1970,61,0.008738,0.018422,0.013198
1970,62,0.009646,0.021649,0.015135
1970,63,0.011823,0.023734,0.017258
1970,64,0.013101,0.025693,0.018789
1970,65,0.013531,0.029309,0.020568
1970,66,0.015801,0.030131,0.022154
1970,67,0.01739,0.035114,0.025161
1970,68,0.020597,0.03892,0.028463
1970,69,0.021705,0.042652,0.030522
1970,70,0.02749,0.044708,0.034677
1970,71,0.028219,0.051605,0.037838
1970,72,0.033835,0.056655,0.043079
1970,73,0.035469,0.062118,0.046176
1970,74,0.039422,0.067297,0.050511
1970,75,0.04522,0.069488,0.05476
1970,76,0.050367,0.082507,0.06275
1970,77,0.061409,0.083779,0.069964
1970,78,0.069448,0.091884,0.077931
1970,79,0.079394,0.100717,0.087337
1970,80,0.087946,0.115908,0.098152
1970,81,0.100517,0.122086,0.108298
1970,82,0.109313,0.14406,0.121916
1970,83,0.125136,0.141967,0.131223
1970,84,0.130218,0.170087,0.144403
1970,85,0.148717,0.177949,0.158905
1970,86,0.168085,0.214083,0.184188
1970,87,0.174851,0.208412,0.186479
1970,88,0.20453,0.233024,0.214063
1970,89,0.227178,0.246773,0.233681
1970,90,0.224338,0.265881,0.238054
1971,0,0.011965,0.01671,0.014397
1971,1,0.001069,0.001246,0.00116
1971,2,0.000769,0.001155,0.000966
1971,3,0.000653,0.000896,0.000777
1971,4,0.000602,0.000866,0.000737
1971,5,0.00059,0.000581,0.000585
1971,6,0.000329,0.000701,0.000519
1971,7,0.000411,0.000641,0.000528
1971,8,0.000301,0.000366,0.000334
1971,9,0.000456,0.000539,0.000498
1971,10,0.000149,0.000616,0.000386
1971,11,0.000238,0.000479,0.000361
1971,12,0.000282,0.000272,0.000277
1971,13,0.000307,0.000528,0.00042
1971,14,0.00049,0.00075,0.000623
1971,15,0.000541,0.000741,0.000643
1971,16,0.000342,0.000939,0.000643
1971,17,0.000501,0.001332,0.000918
1971,18,0.000737,0.001428,0.001086
1971,19,0.000495,0.0017,0.001107
1971,20,0.000638,0.002206,0.001432
1971,21,0.000488,0.001823,0.001156
1971,22,0.000407,0.001564,0.000978
1971,23,0.000416,0.001592,0.000995
1971,24,0.000506,0.001335,0.000919
1971,25,0.000582,0.00155,0.001069
1971,26,0.000494,0.001241,0.000871
1971,27,0.000668,0.001153,0.000914
1971,28,0.000522,0.00105,0.00079
1971,29,0.000586,0.000991,0.000792
1971,30,0.000734,0.000952,0.000845
1971,31,0.000632,0.001334,0.000988
1971,32,0.000694,0.001158,0.000931
1971,33,0.00064,0.001273,0.000963
1971,34,0.00065,0.001271,0.000967
1971,35,0.000815,0.001265,0.001044
1971,36,0.001357,0.001691,0.001527
1971,37,0.001176,0.001884,0.001534
1971,38,0.00111,0.002119,0.001618
1971,39,0.00129,0.002488,0.001891
1971,40,0.001256,0.00299,0.002121
1971,41,0.001575,0.002232,0.001901
1971,42,0.001395,0.003183,0.002276
1971,43,0.001805,0.002983,0.002384
1971,44,0.002339,0.003462,0.00289
1971,45,0.002317,0.003663,0.002973
1971,46,0.002489,0.004457,0.003444
1971,47,0.002603,0.004863,0.003703
1971,48,0.003088,0.005052,0.004049
1971,49,0.003739,0.006367,0.005026
1971,50,0.002989,0.006195,0.00456
1971,51,0.003413,0.006655,0.005
1971,52,0.00467,0.007141,0.005876
1971,53,0.004424,0.008686,0.006504
1971,54,0.005433,0.009926,0.007628
1971,55,0.004815,0.009971,0.007327
1971,56,0.004945,0.010639,0.007697
1971,57,0.006294,0.013093,0.009567
1971,58,0.006909,0.013521,0.010066
1971,59,0.008818,0.01554,0.011989
1971,60,0.008037,0.016287,0.011895
1971,61,0.009032,0.020213,0.014222
1971,62,0.009484,0.020974,0.014747
1971,63,0.011251,0.023835,0.016968
1971,64,0.012119,0.027241,0.018973
1971,65,0.013717,0.028459,0.020324
1971,66,0.014239,0.031992,0.022088
1971,67,0.017093,0.034617,0.024792
1971,68,0.019044,0.03734,0.026985
1971,69,0.022213,0.042731,0.03093
1971,70,0.024471,0.044301,0.032729
1971,71,0.027289,0.048732,0.03613
1971,72,0.033325,0.056149,0.042594
1971,73,0.035178,0.05926,0.044792
1971,74,0.041397,0.064733,0.050637
1971,75,0.044914,0.069525,0.05456
1971,76,0.051744,0.07876,0.062203
1971,77,0.056934,0.085814,0.067893
1971,78,0.068072,0.101653,0.080711
1971,79,0.074986,0.105524,0.086355
1971,80,0.081556,0.118822,0.095135
1971,81,0.091345,0.127865,0.104436
1971,82,0.108016,0.141007,0.119687
1971,83,0.119372,0.150145,0.130318
1971,84,0.134044,0.176539,0.14909
1971,85,0.159475,0.179465,0.166447
1971,86,0.166995,0.20105,0.178581
1971,87,0.182151,0.234764,0.200138
1971,88,0.20941,0.227887,0.215656
1971,89,0.224972,0.225609,0.225183
1971,90,0.26021,0.279773,0.266629
1972,0,0.011105,0.015137,0.013178
1972,1,0.001,0.001399,0.001205
1972,2,0.000712,0.000923,0.00082
1972,3,0.000585,0.000857,0.000724
1972,4,0.00041,0.000859,0.00064
1972,5,0.000383,0.000655,0.000522
1972,6,0.000514,0.000637,0.000577
1972,7,0.000389,0.000592,0.000493
1972,8,0.000353,0.000452,0.000403
1972,9,0.000301,0.000443,0.000373
1972,10,0.000228,0.000399,0.000315
1972,11,0.000234,0.00039,0.000313
1972,12,0.000173,0.0005,0.000339
1972,13,0.000326,0.000438,0.000383
1972,14,0.000394,0.000507,0.000451
1972,15,0.000419,0.000835,0.000631
1972,16,0.000334,0.000848,0.000594
1972,17,0.00047,0.000936,0.000704
1972,18,0.000402,0.001599,0.000998
1972,19,0.000635,0.002001,0.001317
1972,20,0.000374,0.002029,0.001206
1972,21,0.00058,0.002198,0.001392
1972,22,0.000562,0.001572,0.001065
1972,23,0.00038,0.001766,0.001064
1972,24,0.00039,0.001141,0.000761
1972,25,0.000424,0.001197,0.000811
1972,26,0.000578,0.001397,0.000992
1972,27,0.00065,0.001188,0.000923
1972,28,0.000373,0.001296,0.000841
1972,29,0.000603,0.001355,0.000986
1972,30,0.00088,0.001131,0.001007
1972,31,0.000669,0.001061,0.000868
1972,32,0.000725,0.001469,0.001103
1972,33,0.000836,0.001319,0.001082
1972,34,0.000833,0.00153,0.001189
1972,35,0.000749,0.001765,0.001267
1972,36,0.000985,0.001434,0.001214
1972,37,0.000978,0.001631,0.001311
1972,38,0.000883,0.002182,0.00154
1972,39,0.001013,0.001811,0.001414
1972,40,0.001344,0.002129,0.001737
1972,41,0.001358,0.002509,0.001931
1972,42,0.001554,0.002625,0.002085
1972,43,0.001778,0.003465,0.002608
1972,44,0.00217,0.003967,0.003052
1972,45,0.002162,0.003884,0.003006
1972,46,0.002295,0.003329,0.002797
1972,47,0.002389,0.004539,0.00343
1972,48,0.003259,0.004701,0.003959
1972,49,0.003283,0.00567,0.004449
1972,50,0.003007,0.005968,0.004453
1972,51,0.003773,0.007255,0.005474
1972,52,0.004512,0.007531,0.005986
1972,53,0.004032,0.008226,0.006074
1972,54,0.004672,0.009916,0.007225
1972,55,0.005025,0.0105,0.007693
1972,56,0.005426,0.011609,0.008427
1972,57,0.006008,0.011926,0.008857
1972,58,0.005978,0.012867,0.009279
1972,59,0.007793,0.014109,0.010796
1972,60,0.008008,0.017371,0.012403
1972,61,0.00842,0.018982,0.013325
1972,62,0.009882,0.020915,0.014973
1972,63,0.010426,0.021932,0.015662
1972,64,0.011405,0.02375,0.01697
1972,65,0.011474,0.027913,0.018874
1972,66,0.0147,0.029388,0.021225
1972,67,0.016436,0.034829,0.024497
1972,68,0.018967,0.035376,0.026111
1972,69,0.020482,0.041362,0.02945
1972,70,0.024088,0.040945,0.031181
1972,71,0.026933,0.050081,0.036457
1972,72,0.029032,0.054304,0.039313
1972,73,0.033688,0.060373,0.044375
1972,74,0.039529,0.060736,0.047878
1972,75,0.045076,0.070615,0.055046
1972,76,0.05092,0.075562,0.060431
1972,77,0.056739,0.082212,0.066446
1972,78,0.061161,0.087317,0.07091
1972,79,0.073658,0.100256,0.083516
1972,80,0.083895,0.113647,0.094707
1972,81,0.085868,0.1191,0.097726
1972,82,0.094733,0.136736,0.109444
1972,83,0.115096,0.143886,0.125045
1972,84,0.125257,0.161901,0.137993
1972,85,0.141313,0.176337,0.153442
1972,86,0.161829,0.179568,0.167891
1972,87,0.154704,0.193536,0.167638
1972,88,0.196234,0.223812,0.205413
1972,89,0.225599,0.234462,0.228561
1972,90,0.234315,0.29614,0.254606
1973,0,0.011191,0.01521,0.013261
1973,1,0.000863,0.001053,0.000961
1973,2,0.000506,0.001104,0.000813
1973,3,0.000477,0.000474,0.000476
1973,4,0.000607,0.00064,0.000624
1973,5,0.000267,0.000645,0.000461
1973,6,0.000485,0.000541,0.000514
1973,7,0.000438,0.000528,0.000484
1973,8,0.000156,0.000463,0.000313
1973,9,0.000196,0.000395,0.000297
1973,10,0.000281,0.000384,0.000333
1973,11,0.000228,0.000259,0.000244
1973,12,0.00036,0.00043,0.000396
1973,13,0.000194,0.000374,0.000286
1973,14,0.000238,0.000688,0.000467
1973,15,0.00052,0.000632,0.000577
1973,16,0.000349,0.000747,0.00055
1973,17,0.000394,0.000995,0.000697
1973,18,0.000329,0.001463,0.000892
1973,19,0.000567,0.001752,0.00115
1973,20,0.000406,0.001694,0.001041
1973,21,0.000601,0.001615,0.001104
1973,22,0.00044,0.001716,0.001075
1973,23,0.00063,0.001239,0.000932
1973,24,0.000549,0.001711,0.001122
1973,25,0.000289,0.001428,0.000854
1973,26,0.000459,0.001116,0.000789
1973,27,0.00046,0.001207,0.00084
1973,28,0.000373,0.001171,0.00078
1973,29,0.000452,0.001359,0.000915
1973,30,0.000604,0.001233,0.000925
1973,31,0.000525,0.001048,0.000792
1973,32,0.000493,0.001257,0.000881
1973,33,0.00066,0.001057,0.000862
1973,34,0.000583,0.001168,0.000881
1973,35,0.000621,0.001263,0.000949
1973,36,0.000703,0.001402,0.001059
1973,37,0.000963,0.001629,0.001302
1973,38,0.000836,0.001851,0.001352
1973,39,0.001006,0.002098,0.001557
1973,40,0.001163,0.002016,0.001591
1973,41,0.00142,0.002388,0.001905
1973,42,0.001458,0.00242,0.001937
1973,43,0.001604,0.003229,0.002408
1973,44,0.001651,0.003195,0.002408
1973,45,0.002093,0.003559,0.00281
1973,46,0.002627,0.003393,0.003001
1973,47,0.002221,0.005081,0.003607
1973,48,0.002679,0.005101,0.003848
1973,49,0.002797,0.004955,0.003842
1973,50,0.003502,0.006163,0.004799
1973,51,0.003356,0.006688,0.004978
1973,52,0.003867,0.007321,0.00555
1973,53,0.004277,0.008547,0.006356
1973,54,0.004401,0.007911,0.006105
1973,55,0.004317,0.010237,0.007193
1973,56,0.006307,0.010184,0.008191
1973,57,0.006211,0.012559,0.009282
1973,58,0.007172,0.012959,0.009945
1973,59,0.006629,0.013253,0.009788
1973,60,0.008087,0.017636,0.012603
1973,61,0.008599,0.017877,0.012928
1973,62,0.008402,0.021297,0.014353
1973,63,0.011377,0.021889,0.016199
1973,64,0.011396,0.02541,0.017726
1973,65,0.012827,0.026424,0.018914
1973,66,0.015498,0.029583,0.021785
1973,67,0.015765,0.032114,0.022965
1973,68,0.016474,0.036584,0.025202
1973,69,0.020841,0.038656,0.028512
1973,70,0.02294,0.042659,0.031328
1973,71,0.025077,0.048159,0.034672
1973,72,0.03232,0.050334,0.039634
1973,73,0.033518,0.055713,0.042428
1973,74,0.037125,0.065722,0.048412
1973,75,0.043118,0.068687,0.053032
1973,76,0.049735,0.074473,0.059249
1973,77,0.055104,0.082486,0.0655
1973,78,0.062069,0.095768,0.074676
1973,79,0.07477,0.103561,0.085315
1973,80,0.077607,0.104128,0.087243
1973,81,0.087322,0.122243,0.099775
1973,82,0.097059,0.134992,0.110277
1973,83,0.118256,0.140697,0.125933
1973,84,0.125094,0.166619,0.139131
1973,85,0.147948,0.159007,0.151717
1973,86,0.165117,0.186086,0.172261
1973,87,0.170668,0.208124,0.183239
1973,88,0.193417,0.245325,0.210266
1973,89,0.214284,0.243738,0.223894
1973,90,0.233425,0.303545,0.25629
1974,0,0.010572,0.014674,0.012679
1974,1,0.00107,0.001191,0.001132
1974,2,0.000599,0.000828,0.000716
1974,3,0.000442,0.00088,0.000667
1974,4,0.000521,0.000619,0.000571
1974,5,0.000502,0.000579,0.000541
1974,6,0.000185,0.000588,0.000391
1974,7,0.000446,0.000485,0.000466
1974,8,0.000179,0.00034,0.000262
1974,9,0.000272,0.000296,0.000285
1974,10,0.000157,0.000507,0.000335
1974,11,0.00022,0.000441,0.000333
1974,12,0.000186,0.000438,0.000314
1974,13,6.4e-05,0.000368,0.000218
1974,14,0.00028,0.000395,0.000338
1974,15,0.000345,0.000876,0.000615
1974,16,0.000281,0.000781,0.000534
1974,17,0.000564,0.000854,0.00071
1974,18,0.000391,0.00186,0.001127
1974,19,0.000713,0.001818,0.001259
1974,20,0.000516,0.00178,0.001133
1974,21,0.00038,0.001923,0.001133
1974,22,0.000444,0.001817,0.001118
1974,23,0.000661,0.001794,0.001221
1974,24,0.000321,0.001557,0.000932
1974,25,0.000504,0.001291,0.000893
1974,26,0.000516,0.00108,0.000796
1974,27,0.000266,0.001197,0.000735
1974,28,0.000555,0.000957,0.00076
1974,29,0.000511,0.001125,0.000825
1974,30,0.00063,0.001164,0.000903
1974,31,0.000726,0.001019,0.000876
1974,32,0.000779,0.001027,0.000906
1974,33,0.000719,0.001217,0.000973
1974,34,0.0008,0.001348,0.001079
1974,35,0.000725,0.001286,0.001011
1974,36,0.000671,0.001568,0.001128
1974,37,0.000705,0.001571,0.001146
1974,38,0.001012,0.001638,0.00133
1974,39,0.001458,0.001674,0.001568
1974,40,0.001153,0.00196,0.00156
1974,41,0.00104,0.002418,0.00173
1974,42,0.001422,0.002945,0.002183
1974,43,0.001385,0.002532,0.001955
1974,44,0.00183,0.003116,0.002465
1974,45,0.002008,0.003344,0.002661
1974,46,0.002174,0.003957,0.003045
1974,47,0.002141,0.003928,0.003013
1974,48,0.002225,0.004508,0.003329
1974,49,0.002686,0.005047,0.003824
1974,50,0.003066,0.006253,0.004605
1974,51,0.003671,0.006616,0.005101
1974,52,0.003737,0.00739,0.00551
1974,53,0.00391,0.007823,0.005811
1974,54,0.004434,0.008091,0.006209
1974,55,0.005465,0.009714,0.007524
1974,56,0.004942,0.010839,0.007799
1974,57,0.005643,0.010373,0.007935
1974,58,0.005683,0.012939,0.009179
1974,59,0.006597,0.015084,0.010644
1974,60,0.007891,0.014402,0.01098
1974,61,0.008124,0.016621,0.012119
1974,62,0.00825,0.019578,0.013501
1974,63,0.010175,0.022928,0.01602
1974,64,0.012108,0.023307,0.017211
1974,65,0.011871,0.024818,0.017678
1974,66,0.013264,0.030531,0.020925
1974,67,0.014801,0.034765,0.023628
1974,68,0.017484,0.037151,0.026053
1974,69,0.019882,0.036692,0.027099
1974,70,0.01971,0.044625,0.030331
1974,71,0.025025,0.050356,0.035651
1974,72,0.027416,0.050457,0.036873
1974,73,0.032169,0.057347,0.042257
1974,74,0.034754,0.05966,0.044603
1974,75,0.037864,0.06744,0.049348
1974,76,0.046453,0.075879,0.057679
1974,77,0.050623,0.077625,0.060835
1974,78,0.060896,0.086187,0.07034
1974,79,0.06593,0.102201,0.079243
1974,80,0.076731,0.1053,0.086999
1974,81,0.086434,0.115053,0.096644
1974,82,0.098148,0.131943,0.10995
1974,83,0.104032,0.147993,0.118997
1974,84,0.126178,0.163827,0.138758
1974,85,0.142555,0.161059,0.148695
1974,86,0.150169,0.199006,0.166508
1974,87,0.163806,0.208526,0.178693
1974,88,0.186053,0.201311,0.191046
1974,89,0.189422,0.268706,0.214471
1974,90,0.248457,0.268001,0.25459
1975,0,0.008952,0.012384,0.010713
1975,1,0.000615,0.001114,0.000871
1975,2,0.000567,0.000812,0.000694
1975,3,0.000696,0.000636,0.000665
1975,4,0.000289,0.000589,0.000443
1975,5,0.000436,0.000394,0.000415
1975,6,0.000401,0.000404,0.000403
1975,7,0.000269,0.000534,0.000405
1975,8,0.000224,0.00037,0.000299
1975,9,0.00026,0.000322,0.000292
1975,10,0.000195,0.000316,0.000257
1975,11,0.000235,0.000301,0.000269
1975,12,0.000341,0.00025,0.000294
1975,13,0.000249,0.000478,0.000366
1975,14,0.000212,0.000513,0.000365
1975,15,0.000281,0.000772,0.00053
1975,16,0.000367,0.000943,0.00066
1975,17,0.000562,0.00089,0.000728
1975,18,0.000739,0.001611,0.001177
1975,19,0.000435,0.001527,0.00098
1975,20,0.000497,0.002017,0.001243
1975,21,0.000582,0.002115,0.001328
1975,22,0.000569,0.001535,0.001039
1975,23,0.000486,0.001539,0.001002
1975,24,0.00031,0.00127,0.000784
1975,25,0.000462,0.001497,0.000974
1975,26,0.000312,0.00131,0.000806
1975,27,0.00048,0.001081,0.00078
1975,28,0.000612,0.001087,0.000852
1975,29,0.000482,0.001239,0.000868
1975,30,0.000634,0.001225,0.000937
1975,31,0.000496,0.001136,0.000824
1975,32,0.000591,0.001203,0.000904
1975,33,0.000637,0.001078,0.000862
1975,34,0.000839,0.001275,0.001061
1975,35,0.0009,0.001009,0.000955
1975,36,0.000872,0.001416,0.001149
1975,37,0.001039,0.001729,0.00139
1975,38,0.00088,0.001613,0.001252
1975,39,0.001116,0.002151,0.001641
1975,40,0.001323,0.002112,0.001722
1975,41,0.001036,0.002443,0.001743
1975,42,0.00137,0.002638,0.002004
1975,43,0.001656,0.003225,0.002438
1975,44,0.002015,0.00301,0.002509
1975,45,0.001537,0.003506,0.002507
1975,46,0.001863,0.004742,0.003268
1975,47,0.002497,0.004348,0.003399
1975,48,0.002539,0.005086,0.003779
1975,49,0.002834,0.005075,0.003916
1975,50,0.003014,0.005149,0.004041
1975,51,0.003082,0.005523,0.004258
1975,52,0.003663,0.007341,0.005445
1975,53,0.003971,0.008297,0.006065
1975,54,0.004421,0.009764,0.007008
1975,55,0.005114,0.009575,0.007273
1975,56,0.005768,0.011245,0.008415
1975,57,0.005486,0.01167,0.008473
1975,58,0.005683,0.013111,0.009269
1975,59,0.006153,0.014713,0.010255
1975,60,0.006658,0.015028,0.010629
1975,61,0.007453,0.017334,0.012113
1975,62,0.008353,0.019315,0.013476
1975,63,0.009925,0.019849,0.014494
1975,64,0.009692,0.021658,0.015143
1975,65,0.011992,0.026165,0.018399
1975,66,0.014155,0.029948,0.021172
1975,67,0.014797,0.033145,0.022855
1975,68,0.015622,0.034713,0.023967
1975,69,0.019808,0.038691,0.027948
1975,70,0.019802,0.040655,0.028655
1975,71,0.023682,0.042878,0.031756
1975,72,0.024511,0.049352,0.034799
1975,73,0.029195,0.056289,0.040158
1975,74,0.03526,0.061377,0.045563
1975,75,0.039196,0.065255,0.049336
1975,76,0.041093,0.071459,0.052681
1975,77,0.053023,0.078003,0.062377
1975,78,0.058655,0.089347,0.070081
1975,79,0.064021,0.097889,0.07642
1975,80,0.070886,0.107051,0.08391
1975,81,0.080074,0.1191,0.093798
1975,82,0.090943,0.126597,0.103383
1975,83,0.103096,0.132185,0.113023
1975,84,0.117762,0.156615,0.13069
1975,85,0.13078,0.170365,0.143724
1975,86,0.1395,0.183724,0.153805
1975,87,0.150827,0.206508,0.168884
1975,88,0.191785,0.205299,0.196183
1975,89,0.186475,0.238295,0.203004
1975,90,0.220777,0.236875,0.225671
1976,0,0.009454,0.012323,0.010918
1976,1,0.000808,0.001023,0.000918
1976,2,0.00073,0.000591,0.000658
1976,3,0.00045,0.000588,0.000521
1976,4,0.000164,0.000422,0.000297
1976,5,0.000271,0.000428,0.000352
1976,6,0.000268,0.00034,0.000305
1976,7,0.00015,0.000658,0.00041
1976,8,0.000314,0.000441,0.000379
1976,9,0.000226,0.000432,0.000331
1976,10,0.000181,0.000229,0.000206
1976,11,0.000196,0.000429,0.000316
1976,12,0.000118,0.00017,0.000145
1976,13,0.000282,0.000212,0.000247
1976,14,0.000208,0.00046,0.000337
1976,15,0.000234,0.000639,0.00044
1976,16,0.000477,0.000672,0.000576
1976,17,0.000391,0.000929,0.000663
1976,18,0.000478,0.00154,0.001013
1976,19,0.000525,0.001586,0.001057
1976,20,0.000503,0.001835,0.001165
1976,21,0.000479,0.0017,0.001078
1976,22,0.000391,0.001806,0.00108
1976,23,0.000298,0.001472,0.000871
1976,24,0.000363,0.001349,0.000847
1976,25,0.00046,0.001276,0.000864
1976,26,0.000407,0.001524,0.000962
1976,27,0.000376,0.001258,0.000815
1976,28,0.000625,0.001149,0.000887
1976,29,0.000487,0.001063,0.000779
1976,30,0.000727,0.001297,0.001018
1976,31,0.000403,0.000978,0.000698
1976,32,0.000766,0.000983,0.000877
1976,33,0.000641,0.001384,0.001021
1976,34,0.000668,0.001223,0.000951
1976,35,0.00083,0.001394,0.001116
1976,36,0.000844,0.00158,0.001216
1976,37,0.000862,0.001332,0.0011
1976,38,0.001004,0.001788,0.001401
1976,39,0.000866,0.001691,0.001283
1976,40,0.000613,0.002018,0.001323
1976,41,0.000972,0.002384,0.001685
1976,42,0.001395,0.00228,0.001838
1976,43,0.001382,0.002628,0.002004
1976,44,0.001747,0.003345,0.002543
1976,45,0.001984,0.003101,0.002537
1976,46,0.001905,0.004029,0.002948
1976,47,0.002703,0.004503,0.003579
1976,48,0.002098,0.005041,0.003529
1976,49,0.002691,0.005702,0.004153
1976,50,0.003432,0.005362,0.004362
1976,51,0.003063,0.005726,0.004341
1976,52,0.004063,0.008098,0.006002
1976,53,0.003936,0.007969,0.005883
1976,54,0.004026,0.008955,0.006404
1976,55,0.004378,0.009731,0.006962
1976,56,0.00516,0.010087,0.007537
1976,57,0.005055,0.011419,0.008119
1976,58,0.006147,0.012476,0.009193
1976,59,0.005833,0.014082,0.009796
1976,60,0.007256,0.014949,0.010922
1976,61,0.007541,0.016434,0.011731
1976,62,0.008112,0.018828,0.013136
1976,63,0.009348,0.022925,0.015651
1976,64,0.010832,0.023692,0.016713
1976,65,0.011029,0.026188,0.017865
1976,66,0.013246,0.027593,0.019669
1976,67,0.015888,0.031748,0.022871
1976,68,0.015482,0.033159,0.023167
1976,69,0.01914,0.038812,0.027644
1976,70,0.019878,0.042296,0.029433
1976,71,0.021177,0.047439,0.032185
1976,72,0.027959,0.047644,0.036131
1976,73,0.028915,0.053053,0.038778
1976,74,0.032805,0.061508,0.04424
1976,75,0.037023,0.067243,0.048737
1976,76,0.044104,0.07505,0.055932
1976,77,0.047254,0.077573,0.058617
1976,78,0.056015,0.090531,0.068702
1976,79,0.062622,0.09485,0.074369
1976,80,0.068426,0.107094,0.082304
1976,81,0.081354,0.119962,0.094925
1976,82,0.085975,0.127079,0.100047
1976,83,0.110418,0.143335,0.121643
1976,84,0.120824,0.150224,0.130628
1976,85,0.127877,0.173502,0.142671
1976,86,0.152207,0.178905,0.160688
1976,87,0.175889,0.209668,0.186583
1976,88,0.179924,0.231246,0.196151
1976,89,0.195419,0.257083,0.214914
1976,90,0.234742,0.272979,0.246528
1977,0,0.008991,0.01072,0.009874
1977,1,0.000658,0.001045,0.000855
1977,2,0.000354,0.000362,0.000358
1977,3,0.000236,0.000745,0.000497
1977,4,0.000378,0.000474,0.000427
1977,5,0.000285,0.000473,0.000382
1977,6,0.000437,0.000349,0.000392
1977,7,0.00034,0.000367,0.000354
1977,8,0.000238,0.000394,0.000318
1977,9,0.000337,0.000363,0.00035
1977,10,0.000186,0.000336,0.000262
1977,11,0.000121,0.000441,0.000285
1977,12,5.9e-05,0.000412,0.00024
1977,13,0.000139,0.000323,0.000233
1977,14,0.000162,0.000561,0.000366
1977,15,0.000313,0.000541,0.000429
1977,16,0.000555,0.000724,0.000641
1977,17,0.000499,0.000801,0.000652
1977,18,0.000455,0.001359,0.000912
1977,19,0.000435,0.001831,0.001137
1977,20,0.000219,0.001798,0.001007
1977,21,0.00057,0.001804,0.001182
1977,22,0.000393,0.001858,0.001112
1977,23,0.000349,0.001894,0.001104
1977,24,0.000428,0.00143,0.000918
1977,25,0.000602,0.001747,0.001166
1977,26,0.000421,0.001447,0.000931
1977,27,0.000411,0.001217,0.000813
1977,28,0.00048,0.000922,0.000701
1977,29,0.000633,0.001215,0.000926
1977,30,0.000494,0.001211,0.000857
1977,31,0.000597,0.00116,0.000885
1977,32,0.000632,0.001533,0.001094
1977,33,0.000714,0.00127,0.000998
1977,34,0.000733,0.001263,0.001004
1977,35,0.000611,0.001409,0.001017
1977,36,0.000747,0.001415,0.001085
1977,37,0.000807,0.001141,0.000975
1977,38,0.000726,0.001901,0.001319
1977,39,0.001211,0.001937,0.001577
1977,40,0.001248,0.002083,0.00167
1977,41,0.001287,0.002167,0.00173
1977,42,0.001372,0.002534,0.001957
1977,43,0.001305,0.002938,0.002121
1977,44,0.001393,0.003118,0.002252
1977,45,0.001531,0.003305,0.002413
1977,46,0.002201,0.004071,0.003125
1977,47,0.001946,0.004315,0.003107
1977,48,0.002075,0.004854,0.003426
1977,49,0.002695,0.004816,0.003724
1977,50,0.003052,0.00607,0.004515
1977,51,0.002346,0.00631,0.004249
1977,52,0.003565,0.006963,0.00519
1977,53,0.004602,0.00771,0.006091
1977,54,0.004432,0.008926,0.006595
1977,55,0.004843,0.009449,0.007059
1977,56,0.004524,0.010886,0.007585
1977,57,0.005782,0.011369,0.008468
1977,58,0.005362,0.011735,0.00842
1977,59,0.006057,0.014,0.009861
1977,60,0.006568,0.014035,0.010138
1977,61,0.007392,0.016257,0.011589
1977,62,0.008199,0.01715,0.012394
1977,63,0.008872,0.020443,0.014264
1977,64,0.009882,0.022291,0.015603
1977,65,0.010716,0.027004,0.018087
1977,66,0.01126,0.029157,0.019249
1977,67,0.013443,0.031237,0.021333
1977,68,0.016219,0.03296,0.023524
1977,69,0.017422,0.037519,0.026066
1977,70,0.01998,0.04124,0.029058
1977,71,0.022813,0.042226,0.030986
1977,72,0.023695,0.04666,0.033195
1977,73,0.026505,0.051146,0.036593
1977,74,0.032048,0.058901,0.042862
1977,75,0.036999,0.063794,0.047495
1977,76,0.040279,0.072285,0.052458
1977,77,0.045168,0.072452,0.055403
1977,78,0.053738,0.084267,0.06497
1977,79,0.060715,0.094469,0.072878
1977,80,0.065491,0.103029,0.078904
1977,81,0.075977,0.112296,0.08872
1977,82,0.086456,0.122633,0.098839
1977,83,0.09338,0.132808,0.10657
1977,84,0.109002,0.14947,0.122483
1977,85,0.122305,0.160962,0.134851
1977,86,0.138707,0.170096,0.14862
1977,87,0.156002,0.188213,0.16599
1977,88,0.170756,0.212236,0.183559
1977,89,0.174375,0.238012,0.193862
1977,90,0.211316,0.242534,0.220878
1978,0,0.006912,0.010289,0.008647
1978,1,0.00081,0.000884,0.000848
1978,2,0.000718,0.000689,0.000703
1978,3,0.000381,0.000749,0.00057
1978,4,0.000289,0.00052,0.000408
1978,5,0.000355,0.000596,0.000479
1978,6,0.000409,0.000775,0.000597
1978,7,0.000232,0.000397,0.000317
1978,8,0.000227,0.000368,0.000299
1978,9,0.00013,0.000333,0.000234
1978,10,0.000126,0.000384,0.000258
1978,11,0.000186,0.000534,0.000363
1978,12,0.000182,0.000365,0.000275
1978,13,0.000277,0.000413,0.000346
1978,14,0.000238,0.000512,0.000378
1978,15,0.000303,0.000676,0.000494
1978,16,0.000334,0.00062,0.00048
1978,17,0.000448,0.000827,0.000641
1978,18,0.000346,0.001056,0.000706
1978,19,0.00039,0.001772,0.001086
1978,20,0.000347,0.001518,0.000932
1978,21,0.000415,0.001763,0.001086
1978,22,0.000481,0.001779,0.001124
1978,23,0.000458,0.00185,0.001142
1978,24,0.000392,0.00132,0.000846
1978,25,0.000342,0.001335,0.000829
1978,26,0.000473,0.001456,0.000958
1978,27,0.000401,0.001383,0.00089
1978,28,0.000556,0.001176,0.000866
1978,29,0.000623,0.001264,0.000944
1978,30,0.000557,0.001102,0.000831
1978,31,0.000616,0.001312,0.000969
1978,32,0.0007,0.001072,0.00089
1978,33,0.000594,0.001269,0.00094
1978,34,0.000471,0.001496,0.000994
1978,35,0.000841,0.001273,0.001062
1978,36,0.000964,0.001653,0.001315
1978,37,0.000893,0.001889,0.001396
1978,38,0.001192,0.002095,0.001646
1978,39,0.0009,0.001703,0.001304
1978,40,0.001093,0.00205,0.001576
1978,41,0.001179,0.002274,0.00173
1978,42,0.001194,0.00253,0.001866
1978,43,0.001871,0.002507,0.002191
1978,44,0.00174,0.00304,0.002388
1978,45,0.002087,0.003606,0.002842
1978,46,0.002231,0.003981,0.003099
1978,47,0.002596,0.003764,0.003172
1978,48,0.002188,0.004486,0.003312
1978,49,0.002293,0.005085,0.003648
1978,50,0.002816,0.006041,0.004379
1978,51,0.003649,0.006389,0.004973
1978,52,0.004215,0.007273,0.005679
1978,53,0.00407,0.007331,0.005627
1978,54,0.003717,0.009008,0.006246
1978,55,0.004267,0.009684,0.006868
1978,56,0.004495,0.010554,0.007401
1978,57,0.005505,0.012048,0.008642
1978,58,0.005653,0.012267,0.008821
1978,59,0.006922,0.013518,0.010072
1978,60,0.007013,0.015194,0.010914
1978,61,0.007455,0.015957,0.011497
1978,62,0.007672,0.019067,0.013036
1978,63,0.009637,0.019873,0.014408
1978,64,0.010482,0.021806,0.015726
1978,65,0.012087,0.024884,0.017927
1978,66,0.013062,0.027645,0.019596
1978,67,0.012781,0.029359,0.020107
1978,68,0.01508,0.034685,0.023687
1978,69,0.01762,0.036371,0.025719
1978,70,0.01949,0.0394,0.027957
1978,71,0.020342,0.042416,0.029659
1978,72,0.025469,0.050525,0.035884
1978,73,0.027521,0.05492,0.038686
1978,74,0.033054,0.059713,0.043798
1978,75,0.03544,0.061017,0.045585
1978,76,0.038298,0.07306,0.051678
1978,77,0.044861,0.078345,0.057344
1978,78,0.049878,0.083291,0.062163
1978,79,0.058609,0.101287,0.073957
1978,80,0.067491,0.106107,0.081125
1978,81,0.078759,0.1148,0.091337
1978,82,0.085001,0.137371,0.102902
1978,83,0.099068,0.131241,0.109743
1978,84,0.11557,0.149694,0.126728
1978,85,0.121332,0.157238,0.13299
1978,86,0.141859,0.180168,0.154022
1978,87,0.157861,0.202998,0.171716
1978,88,0.159457,0.209218,0.174387
1978,89,0.192579,0.220426,0.200903
1978,90,0.205062,0.25187,0.219003
1979,0,0.007328,0.009916,0.008653
1979,1,0.000734,0.000776,0.000755
1979,2,0.00049,0.000579,0.000536
1979,3,0.000343,0.000439,0.000392
1979,4,0.000353,0.000361,0.000357
1979,5,0.000447,0.000298,0.000371
1979,6,0.000306,0.000384,0.000346
1979,7,0.000242,0.000252,0.000247
1979,8,0.00014,0.000463,0.000306
1979,9,0.000136,0.000238,0.000188
1979,10,0.000217,0.000395,0.000308
1979,11,0.000126,0.000323,0.000227
1979,12,0.000206,0.000395,0.000303
1979,13,0.000322,0.000268,0.000295
1979,14,0.000355,0.000562,0.000461
1979,15,0.000277,0.000435,0.000358
1979,16,0.000343,0.000539,0.000443
1979,17,0.000479,0.000858,0.000673
1979,18,0.000638,0.001405,0.001027
1979,19,0.000411,0.001546,0.000984
1979,20,0.000819,0.001757,0.00129
1979,21,0.000518,0.001804,0.001159
1979,22,0.000782,0.001758,0.001267
1979,23,0.000304,0.001502,0.000898
1979,24,0.000587,0.001683,0.001126
1979,25,0.000478,0.001379,0.000919
1979,26,0.000363,0.001549,0.000945
1979,27,0.000665,0.001321,0.000989
1979,28,0.000484,0.001571,0.001025
1979,29,0.00068,0.001151,0.000916
1979,30,0.000523,0.001481,0.001003
1979,31,0.000477,0.001198,0.00084
1979,32,0.000517,0.00139,0.00096
1979,33,0.000661,0.001534,0.001107
1979,34,0.000759,0.001626,0.001203
1979,35,0.000677,0.001265,0.000977
1979,36,0.001054,0.001278,0.001168
1979,37,0.000923,0.001617,0.001276
1979,38,0.00106,0.001667,0.001366
1979,39,0.000957,0.001774,0.001368
1979,40,0.001073,0.001903,0.001491
1979,41,0.001045,0.001765,0.001408
1979,42,0.001257,0.002011,0.001637
1979,43,0.001448,0.002839,0.002147
1979,44,0.002123,0.00294,0.002533
1979,45,0.002201,0.003156,0.002677
1979,46,0.001863,0.003627,0.002739
1979,47,0.002342,0.003874,0.003102
1979,48,0.002223,0.004318,0.003255
1979,49,0.002948,0.004321,0.003619
1979,50,0.002642,0.006039,0.004288
1979,51,0.003497,0.006067,0.004741
1979,52,0.003534,0.006475,0.004952
1979,53,0.004211,0.007396,0.005733
1979,54,0.004525,0.008946,0.00663
1979,55,0.004254,0.009615,0.006809
1979,56,0.004516,0.010256,0.007264
1979,57,0.005293,0.010565,0.007814
1979,58,0.005964,0.012385,0.009029
1979,59,0.006692,0.014656,0.010489
1979,60,0.006165,0.014066,0.00992
1979,61,0.008229,0.016262,0.012039
1979,62,0.008784,0.017825,0.013061
1979,63,0.00904,0.020033,0.014185
1979,64,0.009612,0.022539,0.0156
1979,65,0.00995,0.0237,0.016258
1979,66,0.01143,0.026384,0.018191
1979,67,0.0139,0.030003,0.021053
1979,68,0.014743,0.032217,0.022386
1979,69,0.017072,0.036044,0.025309
1979,70,0.01782,0.038757,0.026767
1979,71,0.022196,0.041177,0.030168
1979,72,0.02418,0.045791,0.03319
1979,73,0.02661,0.052843,0.037355
1979,74,0.030762,0.057898,0.041643
1979,75,0.035124,0.061044,0.04541
1979,76,0.040763,0.070845,0.052485
1979,77,0.044267,0.073093,0.055146
1979,78,0.049889,0.08288,0.06195
1979,79,0.057559,0.091924,0.069896
1979,80,0.060547,0.101623,0.075014
1979,81,0.073648,0.114146,0.08756
1979,82,0.080046,0.122067,0.094349
1979,83,0.09253,0.128508,0.104497
1979,84,0.108884,0.152448,0.122989
1979,85,0.119215,0.174318,0.136725
1979,86,0.135791,0.167641,0.145809
1979,87,0.154992,0.200504,0.169089
1979,88,0.166333,0.19805,0.175773
1979,89,0.18356,0.220969,0.194515
1979,90,0.204971,0.254377,0.219334
1980,0,0.007826,0.010671,0.00928
1980,1,0.000614,0.000806,0.000712
1980,2,0.000351,0.000635,0.000497
1980,3,0.000258,0.000384,0.000323
1980,4,0.000286,0.000302,0.000294
1980,5,0.000298,0.000566,0.000435
1980,6,0.000211,0.000425,0.000321
1980,7,0.000153,0.00041,0.000286
1980,8,0.000194,0.000367,0.000283
1980,9,0.000186,0.000198,0.000192
1980,10,0.000159,0.000432,0.000299
1980,11,0.000151,0.000414,0.000286
1980,12,0.000273,0.000161,0.000216
1980,13,0.000123,0.000236,0.000181
1980,14,0.000301,0.000382,0.000342
1980,15,0.000275,0.000372,0.000325
1980,16,0.000433,0.00064,0.000539
1980,17,0.000603,0.00092,0.000765
1980,18,0.000413,0.00151,0.000972
1980,19,0.00036,0.001774,0.001076
1980,20,0.000514,0.002033,0.001278
1980,21,0.000641,0.001477,0.001058
1980,22,0.000578,0.001619,0.001096
1980,23,0.000776,0.001915,0.001343
1980,24,0.000604,0.001555,0.001076
1980,25,0.000453,0.001399,0.000919
1980,26,0.000518,0.001298,0.000901
1980,27,0.000404,0.00147,0.000928
1980,28,0.00047,0.001398,0.000929
1980,29,0.000524,0.001076,0.000799
1980,30,0.000739,0.001144,0.000942
1980,31,0.000502,0.001136,0.00082
1980,32,0.000477,0.001154,0.000818
1980,33,0.000814,0.001234,0.001027
1980,34,0.000701,0.001265,0.000989
1980,35,0.000801,0.001783,0.001303
1980,36,0.000759,0.001641,0.001208
1980,37,0.000802,0.001463,0.001138
1980,38,0.000704,0.001748,0.001234
1980,39,0.000991,0.001903,0.001451
1980,40,0.001125,0.002064,0.001596
1980,41,0.001197,0.002536,0.00187
1980,42,0.00142,0.002039,0.001732
1980,43,0.001511,0.002991,0.002255
1980,44,0.001351,0.003025,0.002192
1980,45,0.001757,0.00332,0.002541
1980,46,0.002105,0.003654,0.002877
1980,47,0.002611,0.003595,0.003098
1980,48,0.002583,0.004,0.003285
1980,49,0.002489,0.004152,0.003308
1980,50,0.00288,0.005434,0.004127
1980,51,0.002995,0.005944,0.004422
1980,52,0.003378,0.005971,0.00463
1980,53,0.003764,0.006931,0.005288
1980,54,0.003911,0.008464,0.006082
1980,55,0.004553,0.009542,0.006925
1980,56,0.0045,0.011004,0.007589
1980,57,0.005076,0.011884,0.008325
1980,58,0.006154,0.0119,0.00889
1980,59,0.005867,0.013309,0.009403
1980,60,0.007372,0.01519,0.011081
1980,61,0.00728,0.017728,0.012214
1980,62,0.008276,0.018391,0.013051
1980,63,0.009159,0.020192,0.014348
1980,64,0.009376,0.02048,0.014541
1980,65,0.01149,0.025719,0.018018
1980,66,0.012678,0.027029,0.019195
1980,67,0.012686,0.028131,0.019609
1980,68,0.014804,0.032838,0.022737
1980,69,0.015455,0.03375,0.023374
1980,70,0.019245,0.040679,0.028448
1980,71,0.021083,0.04202,0.029919
1980,72,0.023985,0.048198,0.034032
1980,73,0.028348,0.051037,0.037673
1980,74,0.028641,0.059494,0.041081
1980,75,0.032634,0.059647,0.043293
1980,76,0.041812,0.066509,0.051451
1980,77,0.04502,0.073935,0.056091
1980,78,0.052277,0.081896,0.063262
1980,79,0.05617,0.093481,0.06952
1980,80,0.062695,0.101053,0.076141
1980,81,0.069808,0.108842,0.083207
1980,82,0.087188,0.133875,0.102752
1980,83,0.092271,0.14361,0.109253
1980,84,0.108239,0.140679,0.118736
1980,85,0.116006,0.170131,0.133074
1980,86,0.135811,0.175637,0.147999
1980,87,0.158208,0.203346,0.171991
1980,88,0.161997,0.211679,0.176911
1980,89,0.182859,0.231418,0.1969
1980,90,0.214571,0.238937,0.221447
1981,0,0.006352,0.008758,0.007587
1981,1,0.000998,0.000873,0.000934
1981,2,0.000175,0.000581,0.000383
1981,3,0.000494,0.000522,0.000509
1981,4,0.000257,0.000519,0.000391
1981,5,0.000395,0.000326,0.00036
1981,6,0.000244,0.000232,0.000238
1981,7,0.000238,0.0004,0.000321
1981,8,0.000153,0.000289,0.000223
1981,9,0.000169,0.000274,0.000223
1981,10,0.000232,0.000285,0.000259
1981,11,0.000271,0.000301,0.000286
1981,12,0.000194,0.000289,0.000243
1981,13,0.000231,0.000361,0.000297
1981,14,0.000205,0.000431,0.000321
1981,15,0.0003,0.000475,0.00039
1981,16,0.000313,0.000778,0.000552
1981,17,0.000451,0.001013,0.000738
1981,18,0.000518,0.001088,0.000809
1981,19,0.000718,0.001644,0.001189
1981,20,0.000586,0.001893,0.001245
1981,21,0.000445,0.001855,0.001151
1981,22,0.000316,0.001781,0.001047
1981,23,0.000529,0.002091,0.001307
1981,24,0.000704,0.001893,0.001296
1981,25,0.000469,0.001424,0.000944
1981,26,0.00064,0.001137,0.000886
1981,27,0.000706,0.001343,0.00102
1981,28,0.000422,0.001212,0.000812
1981,29,0.000616,0.001339,0.000974
1981,30,0.000396,0.001296,0.000845
1981,31,0.000572,0.001318,0.000947
1981,32,0.000681,0.001267,0.000976
1981,33,0.000753,0.001129,0.000943
1981,34,0.000654,0.001326,0.000995
1981,35,0.0007,0.001436,0.001076
1981,36,0.000676,0.001194,0.000941
1981,37,0.000944,0.001463,0.001208
1981,38,0.000822,0.001422,0.001127
1981,39,0.001188,0.001835,0.001516
1981,40,0.001109,0.002208,0.001663
1981,41,0.001222,0.001663,0.001443
1981,42,0.001319,0.002394,0.001859
1981,43,0.001271,0.002558,0.001919
1981,44,0.001437,0.002498,0.00197
1981,45,0.001728,0.00321,0.002471
1981,46,0.001909,0.003578,0.002745
1981,47,0.002057,0.004134,0.00309
1981,48,0.002412,0.004261,0.003328
1981,49,0.002669,0.004703,0.003676
1981,50,0.002547,0.005159,0.003831
1981,51,0.002628,0.005821,0.004185
1981,52,0.00277,0.006606,0.004623
1981,53,0.002825,0.007346,0.005004
1981,54,0.004155,0.008818,0.006394
1981,55,0.004715,0.009112,0.006807
1981,56,0.003762,0.010229,0.006827
1981,57,0.005243,0.010996,0.007966
1981,58,0.005444,0.012295,0.008701
1981,59,0.006502,0.013229,0.009691
1981,60,0.006539,0.01576,0.010898
1981,61,0.007994,0.016352,0.011935
1981,62,0.008213,0.01771,0.012676
1981,63,0.009503,0.020307,0.014575
1981,64,0.00996,0.02281,0.015968
1981,65,0.00983,0.025165,0.016895
1981,66,0.011117,0.025768,0.017771
1981,67,0.012037,0.029181,0.019753
1981,68,0.014267,0.031335,0.021845
1981,69,0.016033,0.033365,0.023584
1981,70,0.016568,0.038759,0.026061
1981,71,0.020043,0.044759,0.030513
1981,72,0.02258,0.045371,0.03208
1981,73,0.026074,0.050284,0.035984
1981,74,0.029377,0.057177,0.040619
1981,75,0.034159,0.060569,0.044629
1981,76,0.038438,0.068266,0.050024
1981,77,0.04623,0.076924,0.057995
1981,78,0.049492,0.082307,0.061822
1981,79,0.058781,0.090666,0.070371
1981,80,0.064417,0.104669,0.078464
1981,81,0.075477,0.110279,0.087367
1981,82,0.085093,0.132468,0.100917
1981,83,0.093333,0.13477,0.106734
1981,84,0.109468,0.141333,0.119716
1981,85,0.117746,0.160222,0.131159
1981,86,0.138272,0.177884,0.150376
1981,87,0.15274,0.195938,0.165576
1981,88,0.161358,0.228424,0.181204
1981,89,0.181247,0.260159,0.203977
1981,90,0.200732,0.248553,0.214087
1982,0,0.007218,0.008233,0.007739
1982,1,0.000504,0.000906,0.00071
1982,2,0.000313,0.000898,0.000612
1982,3,0.000232,0.000276,0.000254
1982,4,0.000289,0.000328,0.000309
1982,5,0.000198,0.000459,0.000331
1982,6,0.000169,0.000217,0.000193
1982,7,0.000244,0.000283,0.000264
1982,8,0.000369,0.000175,0.000269
1982,9,0.000102,0.00024,0.000173
1982,10,7.2e-05,0.000251,0.000164
1982,11,0.000139,0.000219,0.00018
1982,12,0.000113,0.000171,0.000143
1982,13,0.000129,0.000309,0.000221
1982,14,0.000168,0.000521,0.000348
1982,15,0.000286,0.000391,0.00034
1982,16,0.000359,0.000738,0.000554
1982,17,0.000507,0.000943,0.00073
1982,18,0.000428,0.001141,0.000792
1982,19,0.000752,0.001773,0.001271
1982,20,0.000386,0.00172,0.001063
1982,21,0.000581,0.001862,0.001226
1982,22,0.000479,0.001899,0.001189
1982,23,0.000561,0.001654,0.001105
1982,24,0.000418,0.001598,0.001006
1982,25,0.000653,0.001396,0.001023
1982,26,0.000653,0.001355,0.001003
1982,27,0.000443,0.001543,0.000988
1982,28,0.000594,0.001363,0.000975
1982,29,0.000774,0.00132,0.001045
1982,30,0.000422,0.001023,0.000721
1982,31,0.000519,0.001344,0.000932
1982,32,0.00051,0.001328,0.000922
1982,33,0.000579,0.001337,0.000961
1982,34,0.000613,0.001105,0.000861
1982,35,0.000693,0.00163,0.001169
1982,36,0.00076,0.00111,0.000938
1982,37,0.000716,0.001311,0.00102
1982,38,0.00082,0.00172,0.001278
1982,39,0.001073,0.001605,0.001344
1982,40,0.001054,0.002091,0.00158
1982,41,0.001345,0.002373,0.001862
1982,42,0.00115,0.002187,0.00167
1982,43,0.001442,0.002395,0.001921
1982,44,0.001721,0.003302,0.002516
1982,45,0.001514,0.003007,0.002263
1982,46,0.001831,0.003694,0.002765
1982,47,0.002357,0.003939,0.003149
1982,48,0.00201,0.004536,0.003265
1982,49,0.002727,0.005015,0.00386
1982,50,0.003064,0.005231,0.004136
1982,51,0.003199,0.006475,0.004808
1982,52,0.003265,0.005751,0.004475
1982,53,0.003732,0.00674,0.005182
1982,54,0.003974,0.008369,0.006088
1982,55,0.004042,0.009237,0.00653
1982,56,0.004009,0.010653,0.007161
1982,57,0.004659,0.010534,0.007434
1982,58,0.005939,0.012968,0.009254
1982,59,0.005935,0.013525,0.009527
1982,60,0.005705,0.013322,0.009296
1982,61,0.006499,0.014869,0.010435
1982,62,0.00779,0.017679,0.012427
1982,63,0.008575,0.020062,0.013943
1982,64,0.00873,0.020198,0.014082
1982,65,0.009951,0.023973,0.016447
1982,66,0.011222,0.025434,0.017711
1982,67,0.011717,0.02826,0.019163
1982,68,0.012776,0.027932,0.019534
1982,69,0.015222,0.033515,0.02327
1982,70,0.016555,0.037359,0.025519
1982,71,0.019596,0.040177,0.028285
1982,72,0.021734,0.046449,0.032069
1982,73,0.024547,0.05196,0.035815
1982,74,0.029497,0.053053,0.038995
1982,75,0.032112,0.058327,0.042539
1982,76,0.034933,0.062082,0.045525
1982,77,0.04251,0.071706,0.053653
1982,78,0.046986,0.078307,0.058767
1982,79,0.056422,0.094363,0.07039
1982,80,0.061325,0.101062,0.075456
1982,81,0.071999,0.11194,0.085589
1982,82,0.079768,0.114026,0.091174
1982,83,0.099321,0.126208,0.108108
1982,84,0.108496,0.139816,0.118389
1982,85,0.116279,0.158073,0.129399
1982,86,0.125931,0.176506,0.141392
1982,87,0.145893,0.185241,0.157563
1982,88,0.158522,0.205816,0.172108
1982,89,0.180613,0.233357,0.19553
1982,90,0.196983,0.247103,0.210877
1983,0,0.006478,0.008525,0.007527
1983,1,0.000749,0.001083,0.00092
1983,2,0.000309,0.000508,0.000411
1983,3,0.000397,0.000434,0.000416
1983,4,0.000201,0.000356,0.000281
1983,5,0.000257,0.000352,0.000306
1983,6,0.000367,0.000351,0.000359
1983,7,0.000197,0.000299,0.000249
1983,8,0.000189,0.000438,0.000317
1983,9,0.000184,0.000324,0.000256
1983,10,0.000178,0.000264,0.000222
1983,11,0.000192,0.000319,0.000257
1983,12,6.9e-05,0.000284,0.00018
1983,13,0.000158,0.000343,0.000253
1983,14,0.000173,0.000536,0.000358
1983,15,0.000377,0.0004,0.000389
1983,16,0.000246,0.000664,0.00046
1983,17,0.000299,0.001041,0.00068
1983,18,0.000428,0.001534,0.000995
1983,19,0.000466,0.001481,0.000983
1983,20,0.00065,0.001987,0.001328
1983,21,0.000607,0.001857,0.001239
1983,22,0.000636,0.002055,0.001348
1983,23,0.000474,0.001636,0.001054
1983,24,0.000535,0.001554,0.001042
1983,25,0.0006,0.001849,0.001223
1983,26,0.000458,0.001418,0.000938
1983,27,0.000459,0.001376,0.000917
1983,28,0.000669,0.001247,0.000956
1983,29,0.000421,0.001131,0.000774
1983,30,0.000375,0.00122,0.000796
1983,31,0.000336,0.001246,0.00079
1983,32,0.00058,0.001336,0.000959
1983,33,0.000468,0.00108,0.000777
1983,34,0.000598,0.001038,0.00082
1983,35,0.000791,0.001414,0.001106
1983,36,0.000831,0.001649,0.001247
1983,37,0.000859,0.001493,0.001183
1983,38,0.000695,0.001702,0.00121
1983,39,0.001126,0.001682,0.001409
1983,40,0.000799,0.001973,0.001396
1983,41,0.001341,0.002053,0.001702
1983,42,0.001298,0.00205,0.001676
1983,43,0.001224,0.002549,0.001889
1983,44,0.001494,0.00262,0.002059
1983,45,0.001449,0.002748,0.002101
1983,46,0.001796,0.003094,0.002447
1983,47,0.001985,0.004464,0.003226
1983,48,0.001893,0.004357,0.003125
1983,49,0.002656,0.004612,0.003627
1983,50,0.002868,0.004883,0.003864
1983,51,0.002555,0.005428,0.003973
1983,52,0.003057,0.006204,0.004599
1983,53,0.003542,0.00702,0.005232
1983,54,0.004234,0.007895,0.005995
1983,55,0.003809,0.008345,0.005986
1983,56,0.004774,0.009793,0.007171
1983,57,0.004173,0.010946,0.007376
1983,58,0.004941,0.012084,0.008302
1983,59,0.005904,0.013152,0.009307
1983,60,0.005893,0.01519,0.010266
1983,61,0.007275,0.0155,0.01113
1983,62,0.007547,0.01746,0.012181
1983,63,0.007684,0.019804,0.01333
1983,64,0.008982,0.022297,0.015167
1983,65,0.009875,0.023591,0.016219
1983,66,0.011008,0.026876,0.018294
1983,67,0.012517,0.028883,0.019924
1983,68,0.013743,0.028951,0.020525
1983,69,0.013781,0.032695,0.022134
1983,70,0.018604,0.036655,0.026461
1983,71,0.02048,0.039485,0.028577
1983,72,0.020214,0.045999,0.030961
1983,73,0.026771,0.052338,0.037299
1983,74,0.027954,0.052826,0.038031
1983,75,0.031763,0.061289,0.043485
1983,76,0.036919,0.067867,0.049017
1983,77,0.040802,0.069501,0.0518
1983,78,0.045784,0.081457,0.059136
1983,79,0.053796,0.085479,0.065483
1983,80,0.061987,0.09789,0.074888
1983,81,0.070865,0.111604,0.084998
1983,82,0.08196,0.125042,0.096222
1983,83,0.092098,0.139094,0.107403
1983,84,0.105449,0.143237,0.117487
1983,85,0.111246,0.159682,0.126114
1983,86,0.133504,0.177016,0.146726
1983,87,0.151639,0.194366,0.164301
1983,88,0.155465,0.220336,0.174042
1983,89,0.187852,0.235031,0.200923
1983,90,0.209067,0.254079,0.221372
1984,0,0.006307,0.008137,0.007249
1984,1,0.00097,0.000897,0.000933
1984,2,0.00053,0.000399,0.000463
1984,3,0.000336,0.000586,0.000464
1984,4,0.000169,0.00027,0.00022
1984,5,0.000314,0.000381,0.000348
1984,6,0.000114,0.000298,0.000209
1984,7,0.000141,0.000298,0.000221
1984,8,0.000113,0.000136,0.000125
1984,9,0.000162,0.000283,0.000224
1984,10,7.9e-05,0.000274,0.000179
1984,11,0.000102,0.000168,0.000136
1984,12,0.000241,0.000318,0.00028
1984,13,0.000185,0.000196,0.000191
1984,14,0.000135,0.000363,0.000252
1984,15,0.000194,0.000556,0.000379
1984,16,0.000335,0.000519,0.000429
1984,17,0.000286,0.000701,0.000499
1984,18,0.000498,0.001551,0.001038
1984,19,0.000407,0.001333,0.00088
1984,20,0.000503,0.001146,0.000829
1984,21,0.000412,0.001967,0.0012
1984,22,0.000442,0.001357,0.000905
1984,23,0.00057,0.001639,0.001106
1984,24,0.00049,0.00154,0.001014
1984,25,0.000245,0.001436,0.000838
1984,26,0.000574,0.001355,0.000964
1984,27,0.000578,0.001667,0.001124
1984,28,0.00058,0.001235,0.000908
1984,29,0.000499,0.001378,0.000938
1984,30,0.000503,0.00131,0.000905
1984,31,0.000457,0.001106,0.000781
1984,32,0.000482,0.001238,0.00086
1984,33,0.000723,0.001185,0.000956
1984,34,0.000834,0.001275,0.001057
1984,35,0.000818,0.001057,0.000939
1984,36,0.00081,0.001471,0.001144
1984,37,0.000614,0.001785,0.001208
1984,38,0.000978,0.001973,0.001486
1984,39,0.000981,0.001684,0.00134
1984,40,0.001024,0.001605,0.001319
1984,41,0.001327,0.001796,0.001565
1984,42,0.001122,0.002316,0.001727
1984,43,0.001111,0.002641,0.00188
1984,44,0.001611,0.002678,0.002147
1984,45,0.001374,0.002974,0.002177
1984,46,0.001904,0.003533,0.002721
1984,47,0.002208,0.002984,0.002596
1984,48,0.00217,0.003353,0.002762
1984,49,0.002826,0.004954,0.00389
1984,50,0.003311,0.004874,0.004086
1984,51,0.002517,0.004864,0.003676
1984,52,0.002804,0.006448,0.004599
1984,53,0.003438,0.006591,0.004979
1984,54,0.003513,0.007121,0.005263
1984,55,0.004209,0.008939,0.00648
1984,56,0.003755,0.009017,0.006273
1984,57,0.004949,0.01038,0.007535
1984,58,0.00481,0.01222,0.008301
1984,59,0.005567,0.012932,0.009015
1984,60,0.006007,0.014248,0.009852
1984,61,0.007211,0.015003,0.010852
1984,62,0.008131,0.01708,0.012304
1984,63,0.008095,0.018925,0.013127
1984,64,0.008931,0.020219,0.014157
1984,65,0.009473,0.020759,0.014666
1984,66,0.010134,0.023645,0.016327
1984,67,0.01228,0.029199,0.019978
1984,68,0.013277,0.028689,0.020188
1984,69,0.014116,0.033076,0.02249
1984,70,0.014638,0.033357,0.022821
1984,71,0.017637,0.038328,0.026544
1984,72,0.020626,0.042029,0.029637
1984,73,0.023305,0.047657,0.03331
1984,74,0.026815,0.05324,0.037541
1984,75,0.030509,0.0578,0.041385
1984,76,0.032611,0.060844,0.043625
1984,77,0.036873,0.070813,0.049904
1984,78,0.045186,0.07336,0.05577
1984,79,0.050427,0.084769,0.063025
1984,80,0.056008,0.097474,0.070943
1984,81,0.065584,0.100738,0.077916
1984,82,0.072945,0.109188,0.085197
1984,83,0.086285,0.12831,0.099823
1984,84,0.098807,0.136665,0.110818
1984,85,0.106983,0.144079,0.118448
1984,86,0.123883,0.16986,0.137601
1984,87,0.137482,0.188938,0.152597
1984,88,0.151435,0.205012,0.166694
1984,89,0.166533,0.232068,0.18448
1984,90,0.193405,0.252888,0.209261
1985,0,0.006105,0.007711,0.006926
1985,1,0.000648,0.000903,0.000779
1985,2,0.00053,0.000532,0.000531
1985,3,0.00025,0.000451,0.000353
1985,4,0.000222,0.000185,0.000204
1985,5,0.000307,0.000295,0.000301
1985,6,0.0002,0.000272,0.000237
1985,7,0.000143,0.000298,0.000223
1985,8,0.000113,0.000162,0.000138
1985,9,0.00031,0.00019,0.000249
1985,10,0.000296,0.000231,0.000263
1985,11,0.000131,0.000398,0.000268
1985,12,0.000152,0.000358,0.000258
1985,13,9.6e-05,0.000227,0.000163
1985,14,0.000253,0.000544,0.000403
1985,15,0.000471,0.000383,0.000426
1985,16,0.00015,0.000757,0.000461
1985,17,0.000334,0.000874,0.00061
1985,18,0.000447,0.00126,0.000863
1985,19,0.000336,0.001643,0.001004
1985,20,0.000424,0.001073,0.000755
1985,21,0.000654,0.001332,0.000997
1985,22,0.000428,0.001349,0.000894
1985,23,0.000379,0.001604,0.000997
1985,24,0.000504,0.001504,0.001005
1985,25,0.000364,0.001624,0.000993
1985,26,0.000565,0.001578,0.001071
1985,27,0.000467,0.001456,0.000962
1985,28,0.000471,0.001074,0.000775
1985,29,0.000453,0.001056,0.000756
1985,30,0.0006,0.001196,0.000898
1985,31,0.000522,0.00113,0.000825
1985,32,0.000476,0.001034,0.000755
1985,33,0.000711,0.00102,0.000866
1985,34,0.000909,0.001199,0.001055
1985,35,0.000752,0.00131,0.001035
1985,36,0.000738,0.001523,0.001134
1985,37,0.000771,0.00116,0.000967
1985,38,0.000891,0.001786,0.001345
1985,39,0.001059,0.001918,0.001497
1985,40,0.001187,0.001469,0.001331
1985,41,0.001087,0.002185,0.001645
1985,42,0.00116,0.002005,0.001589
1985,43,0.001411,0.002474,0.001949
1985,44,0.001681,0.002321,0.002003
1985,45,0.001808,0.002951,0.002381
1985,46,0.001772,0.003209,0.002492
1985,47,0.002086,0.003851,0.002971
1985,48,0.002292,0.003479,0.002886
1985,49,0.001875,0.003951,0.002913
1985,50,0.002889,0.005161,0.004024
1985,51,0.003017,0.00559,0.004292
1985,52,0.002687,0.006114,0.004377
1985,53,0.002817,0.006046,0.004404
1985,54,0.003566,0.00649,0.004993
1985,55,0.004094,0.008732,0.006339
1985,56,0.004186,0.010052,0.006995
1985,57,0.004282,0.009024,0.006544
1985,58,0.004602,0.011845,0.008038
1985,59,0.006233,0.012785,0.009304
1985,60,0.006208,0.013374,0.009546
1985,61,0.006031,0.015498,0.01042
1985,62,0.006976,0.016157,0.011244
1985,63,0.007731,0.017164,0.012102
1985,64,0.008596,0.021358,0.014487
1985,65,0.010796,0.023128,0.01645
1985,66,0.011468,0.025724,0.017974
1985,67,0.011378,0.026362,0.01819
1985,68,0.012519,0.030139,0.020462
1985,69,0.014846,0.033776,0.023251
1985,70,0.015008,0.033841,0.023238
1985,71,0.017154,0.035959,0.025285
1985,72,0.021067,0.040689,0.029415
1985,73,0.021801,0.046092,0.031889
1985,74,0.025856,0.055297,0.037773
1985,75,0.030487,0.056886,0.041022
1985,76,0.032888,0.064639,0.045323
1985,77,0.039967,0.066434,0.050104
1985,78,0.042808,0.074858,0.054891
1985,79,0.047148,0.085651,0.061296
1985,80,0.056279,0.092734,0.069336
1985,81,0.064236,0.105027,0.078559
1985,82,0.077398,0.107273,0.087648
1985,83,0.081781,0.125276,0.096118
1985,84,0.095273,0.140358,0.109414
1985,85,0.104251,0.163555,0.122485
1985,86,0.122435,0.170112,0.1367
1985,87,0.130405,0.181445,0.145108
1985,88,0.15219,0.208272,0.168088
1985,89,0.178838,0.228203,0.192325
1985,90,0.181599,0.24964,0.199424
1986,0,0.006092,0.007829,0.006974
1986,1,0.00069,0.000714,0.000702
1986,2,0.000566,0.000561,0.000563
1986,3,0.000389,0.000265,0.000326
1986,4,0.000249,0.000422,0.000337
1986,5,0.000193,0.000289,0.000242
1986,6,0.000111,0.000134,0.000123
1986,7,0.000142,0.000245,0.000195
1986,8,8.6e-05,0.000108,9.7e-05
1986,9,0.000141,0.00027,0.000207
1986,10,0.000224,0.00027,0.000248
1986,11,0.000161,0.000307,0.000236
1986,12,0.000314,0.000223,0.000267
1986,13,0.000152,0.00031,0.000233
1986,14,0.000287,0.000452,0.000372
1986,15,0.000183,0.000433,0.000312
1986,16,0.000447,0.000656,0.000554
1986,17,0.000341,0.000956,0.000656
1986,18,0.000476,0.001499,0.001
1986,19,0.000362,0.001432,0.000907
1986,20,0.00053,0.001281,0.000913
1986,21,0.000612,0.001662,0.001146
1986,22,0.000324,0.00155,0.000943
1986,23,0.00052,0.001699,0.001116
1986,24,0.000493,0.00126,0.000879
1986,25,0.000478,0.001605,0.001043
1986,26,0.00066,0.001221,0.00094
1986,27,0.000638,0.001452,0.001045
1986,28,0.000542,0.001274,0.000909
1986,29,0.00061,0.000938,0.000775
1986,30,0.000429,0.001161,0.000799
1986,31,0.000719,0.001323,0.001023
1986,32,0.000498,0.001033,0.000766
1986,33,0.000577,0.001167,0.000873
1986,34,0.000835,0.001156,0.000996
1986,35,0.000742,0.001071,0.000908
1986,36,0.000528,0.001542,0.001042
1986,37,0.000717,0.001557,0.001142
1986,38,0.000909,0.001776,0.001347
1986,39,0.000752,0.001729,0.001248
1986,40,0.00084,0.001899,0.00138
1986,41,0.001105,0.002002,0.001563
1986,42,0.001334,0.001969,0.001657
1986,43,0.001541,0.002482,0.002018
1986,44,0.001919,0.002589,0.002258
1986,45,0.001495,0.002891,0.002196
1986,46,0.001184,0.002718,0.001953
1986,47,0.002122,0.003421,0.002772
1986,48,0.002193,0.004043,0.00312
1986,49,0.002019,0.003978,0.003
1986,50,0.00183,0.004685,0.003256
1986,51,0.002774,0.005504,0.004135
1986,52,0.002876,0.005821,0.004333
1986,53,0.002595,0.006091,0.004315
1986,54,0.00331,0.007533,0.005382
1986,55,0.003907,0.007392,0.005605
1986,56,0.004555,0.009094,0.006747
1986,57,0.00441,0.009507,0.006843
1986,58,0.004901,0.010747,0.007682
1986,59,0.005584,0.012423,0.008813
1986,60,0.005821,0.01332,0.009318
1986,61,0.006063,0.014184,0.00982
1986,62,0.006556,0.015422,0.010645
1986,63,0.007405,0.017533,0.012087
1986,64,0.009354,0.020911,0.014674
1986,65,0.008815,0.021538,0.014626
1986,66,0.01017,0.024821,0.016824
1986,67,0.012199,0.028541,0.019594
1986,68,0.012322,0.03068,0.020589
1986,69,0.013782,0.032725,0.022232
1986,70,0.015082,0.034013,0.023398
1986,71,0.018331,0.036952,0.02638
1986,72,0.019716,0.040146,0.028452
1986,73,0.022934,0.045549,0.032429
1986,74,0.024351,0.051715,0.035539
1986,75,0.028825,0.057078,0.040072
1986,76,0.033413,0.062506,0.044823
1986,77,0.035417,0.064711,0.046684
1986,78,0.04096,0.073273,0.053102
1986,79,0.047702,0.082518,0.060547
1986,80,0.056011,0.093499,0.069478
1986,81,0.061891,0.101252,0.075627
1986,82,0.072191,0.114541,0.08668
1986,83,0.085043,0.119834,0.096692
1986,84,0.097791,0.12952,0.107963
1986,85,0.104327,0.144967,0.116714
1986,86,0.127856,0.156656,0.136436
1986,87,0.136568,0.174185,0.147506
1986,88,0.147308,0.20301,0.162794
1986,89,0.173891,0.198776,0.18068
1986,90,0.196993,0.281513,0.219164
1987,0,0.006302,0.007568,0.006947
1987,1,0.000519,0.000741,0.000632
1987,2,0.000388,0.000345,0.000366
1987,3,0.000366,0.000266,0.000315
1987,4,0.000193,0.000343,0.000269
1987,5,8.2e-05,0.000156,0.00012
1987,6,2.7e-05,0.000288,0.000161
1987,7,0.00025,0.00032,0.000286
1987,8,8.5e-05,0.000136,0.000111
1987,9,0.000426,0.000269,0.000345
1987,10,8.4e-05,0.000188,0.000137
1987,11,0.000195,0.000134,0.000164
1987,12,0.000161,0.000178,0.00017
1987,13,2.6e-05,0.000148,8.9e-05
1987,14,0.000126,0.000261,0.000195
1987,15,0.000238,0.000494,0.000369
1987,16,0.0005,0.000687,0.000596
1987,17,0.000332,0.000882,0.000614
1987,18,0.000317,0.001091,0.000712
1987,19,0.000491,0.001476,0.000993
1987,20,0.000439,0.00139,0.000923
1987,21,0.000563,0.001729,0.001156
1987,22,0.000642,0.001618,0.001137
1987,23,0.000414,0.001614,0.001018
1987,24,0.00038,0.001665,0.001028
1987,25,0.00062,0.001397,0.001011
1987,26,0.000569,0.001327,0.000949
1987,27,0.000512,0.001513,0.001013
1987,28,0.000177,0.001584,0.000882
1987,29,0.000397,0.000998,0.0007
1987,30,0.000443,0.001199,0.000825
1987,31,0.000466,0.001599,0.00104
1987,32,0.00051,0.001525,0.001022
1987,33,0.000661,0.001164,0.000914
1987,34,0.000678,0.00146,0.001071
1987,35,0.000707,0.001476,0.001094
1987,36,0.000698,0.001709,0.001209
1987,37,0.000648,0.001752,0.001208
1987,38,0.000874,0.001592,0.001237
1987,39,0.000848,0.001484,0.00117
1987,40,0.001227,0.002285,0.001764
1987,41,0.001079,0.002189,0.001645
1987,42,0.001064,0.001924,0.001503
1987,43,0.001458,0.002192,0.00183
1987,44,0.001542,0.002466,0.00201
1987,45,0.001568,0.002442,0.00201
1987,46,0.001759,0.002873,0.002319
1987,47,0.001744,0.003282,0.002514
1987,48,0.001954,0.003608,0.002781
1987,49,0.002049,0.004136,0.003094
1987,50,0.002254,0.004615,0.003434
1987,51,0.002754,0.005158,0.003952
1987,52,0.002533,0.005979,0.004248
1987,53,0.003776,0.006166,0.004956
1987,54,0.003453,0.007217,0.0053
1987,55,0.003998,0.007497,0.005712
1987,56,0.00439,0.009643,0.006944
1987,57,0.004081,0.009393,0.006639
1987,58,0.004638,0.010397,0.007379
1987,59,0.004378,0.011824,0.007904
1987,60,0.00589,0.013641,0.009532
1987,61,0.005305,0.013177,0.008952
1987,62,0.006186,0.01646,0.010914
1987,63,0.007876,0.016645,0.011897
1987,64,0.008076,0.018733,0.012971
1987,65,0.010408,0.021439,0.015436
1987,66,0.011152,0.02331,0.016656
1987,67,0.010996,0.026442,0.017948
1987,68,0.013405,0.030203,0.020936
1987,69,0.012218,0.030569,0.020398
1987,70,0.016143,0.031684,0.023009
1987,71,0.017036,0.038762,0.026479
1987,72,0.018946,0.03961,0.027778
1987,73,0.022707,0.043994,0.031701
1987,74,0.022634,0.05015,0.034017
1987,75,0.027089,0.052141,0.037164
1987,76,0.032685,0.060306,0.043495
1987,77,0.035467,0.065285,0.046965
1987,78,0.039265,0.074505,0.052537
1987,79,0.046061,0.082565,0.059491
1987,80,0.054027,0.085725,0.065487
1987,81,0.061607,0.10124,0.075521
1987,82,0.069711,0.102709,0.080937
1987,83,0.07868,0.121337,0.092919
1987,84,0.083394,0.130948,0.09888
1987,85,0.10243,0.147055,0.116344
1987,86,0.107147,0.145817,0.118621
1987,87,0.127305,0.181856,0.143091
1987,88,0.144819,0.187729,0.156892
1987,89,0.164889,0.198894,0.174084
1987,90,0.181051,0.241105,0.196899
1988,0,0.005784,0.008278,0.00706
1988,1,0.000653,0.000809,0.000733
1988,2,0.000247,0.000505,0.000378
1988,3,0.000302,0.000396,0.00035
1988,4,0.000167,0.000237,0.000203
1988,5,0.00019,0.00026,0.000226
1988,6,0.00019,0.000415,0.000305
1988,7,0.000191,0.00026,0.000227
1988,8,8.3e-05,0.000159,0.000122
1988,9,0.000113,0.000188,0.000151
1988,10,0.000225,0.000294,0.00026
1988,11,0.000222,0.000133,0.000177
1988,12,5.5e-05,0.000293,0.000177
1988,13,0.000186,0.000354,0.000272
1988,14,0.000259,0.000393,0.000328
1988,15,0.000299,0.000399,0.000351
1988,16,0.000423,0.000577,0.000503
1988,17,0.000248,0.000744,0.000503
1988,18,0.000394,0.001062,0.000736
1988,19,0.000438,0.001533,0.000995
1988,20,0.000568,0.001415,0.000998
1988,21,0.000494,0.001638,0.001073
1988,22,0.000403,0.001591,0.001004
1988,23,0.00067,0.001626,0.001152
1988,24,0.000686,0.001342,0.001016
1988,25,0.000599,0.001663,0.001134
1988,26,0.000535,0.00145,0.000995
1988,27,0.000367,0.00161,0.000991
1988,28,0.000466,0.001661,0.001065
1988,29,0.000601,0.001556,0.001081
1988,30,0.000471,0.001424,0.000953
1988,31,0.000698,0.001221,0.000964
1988,32,0.000683,0.001419,0.001057
1988,33,0.000648,0.001268,0.000962
1988,34,0.000657,0.001577,0.001121
1988,35,0.000572,0.001448,0.001013
1988,36,0.000765,0.001648,0.00121
1988,37,0.000736,0.001599,0.001172
1988,38,0.001008,0.00147,0.001243
1988,39,0.000832,0.001607,0.001224
1988,40,0.001024,0.001617,0.001324
1988,41,0.001027,0.00192,0.00148
1988,42,0.001138,0.002224,0.001691
1988,43,0.001104,0.002337,0.001733
1988,44,0.001416,0.002811,0.002124
1988,45,0.001774,0.002735,0.002261
1988,46,0.001769,0.002986,0.002384
1988,47,0.001999,0.003685,0.002845
1988,48,0.001965,0.003052,0.002509
1988,49,0.002655,0.003822,0.003238
1988,50,0.002458,0.003902,0.00318
1988,51,0.002851,0.00493,0.003888
1988,52,0.00256,0.005634,0.00409
1988,53,0.003105,0.005717,0.004403
1988,54,0.003221,0.006816,0.004993
1988,55,0.003873,0.0079,0.005846
1988,56,0.003813,0.008422,0.006066
1988,57,0.004159,0.008913,0.006465
1988,58,0.00452,0.011211,0.007732
1988,59,0.00528,0.010837,0.007913
1988,60,0.006119,0.012239,0.009003
1988,61,0.005771,0.014415,0.009805
1988,62,0.007224,0.015219,0.01091
1988,63,0.006658,0.016437,0.011133
1988,64,0.007752,0.021398,0.013968
1988,65,0.009583,0.019779,0.014219
1988,66,0.009847,0.022798,0.0157
1988,67,0.010802,0.025911,0.017586
1988,68,0.012779,0.027607,0.019392
1988,69,0.014648,0.032068,0.022382
1988,70,0.016416,0.031635,0.023136
1988,71,0.017209,0.034376,0.024718
1988,72,0.017984,0.040226,0.027537
1988,73,0.021796,0.044981,0.031577
1988,74,0.022454,0.047487,0.032881
1988,75,0.025858,0.054261,0.037425
1988,76,0.029725,0.061987,0.042473
1988,77,0.035619,0.066582,0.047521
1988,78,0.039161,0.070644,0.051057
1988,79,0.044954,0.079815,0.057807
1988,80,0.050801,0.089476,0.064734
1988,81,0.058496,0.098618,0.072651
1988,82,0.072009,0.109521,0.084878
1988,83,0.079204,0.125101,0.094395
1988,84,0.087454,0.130425,0.101379
1988,85,0.092322,0.148213,0.10993
1988,86,0.113542,0.158346,0.1271
1988,87,0.126936,0.175631,0.140894
1988,88,0.145112,0.190388,0.157763
1988,89,0.153997,0.215295,0.170665
1988,90,0.189461,0.248594,0.204824
1989,0,0.006702,0.008132,0.007435
1989,1,0.000476,0.000857,0.000671
1989,2,0.000219,0.000367,0.000295
1989,3,0.000273,0.000212,0.000242
1989,4,0.000136,0.000341,0.000241
1989,5,0.000137,0.000156,0.000147
1989,6,0.000189,0.000232,0.000211
1989,7,8.1e-05,0.000181,0.000132
1989,8,5.4e-05,0.000103,7.9e-05
1989,9,0.000246,0.000211,0.000228
1989,10,8.4e-05,0.000213,0.00015
1989,11,5.6e-05,0.000185,0.000122
1989,12,5.5e-05,0.00029,0.000175
1989,13,0.00011,0.000423,0.000269
1989,14,0.000211,0.000376,0.000296
1989,15,0.000282,0.000388,0.000336
1989,16,0.000395,0.000533,0.000466
1989,17,0.000488,0.000725,0.00061
1989,18,0.000533,0.001349,0.000952
1989,19,0.000368,0.001395,0.000892
1989,20,0.0006,0.001549,0.001081
1989,21,0.000381,0.001411,0.000902
1989,22,0.000643,0.00167,0.00116
1989,23,0.000567,0.001617,0.001097
1989,24,0.000532,0.001715,0.001128
1989,25,0.000512,0.001757,0.001137
1989,26,0.000571,0.001961,0.001271
1989,27,0.000545,0.001733,0.001145
1989,28,0.00059,0.001597,0.001097
1989,29,0.000459,0.001344,0.000904
1989,30,0.000709,0.001792,0.001255
1989,31,0.00037,0.00163,0.001008
1989,32,0.000632,0.001372,0.001009
1989,33,0.000498,0.001667,0.001094
1989,34,0.000764,0.001684,0.00123
1989,35,0.000714,0.00152,0.001121
1989,36,0.000893,0.001435,0.001167
1989,37,0.000823,0.001394,0.001111
1989,38,0.000896,0.00167,0.001287
1989,39,0.000904,0.00162,0.001267
1989,40,0.000909,0.001699,0.001308
1989,41,0.001021,0.001788,0.001409
1989,42,0.001224,0.002204,0.001721
1989,43,0.001136,0.002493,0.001828
1989,44,0.001349,0.002516,0.001944
1989,45,0.001683,0.002374,0.002033
1989,46,0.001627,0.002573,0.002106
1989,47,0.001971,0.003494,0.00274
1989,48,0.002242,0.004195,0.003222
1989,49,0.002119,0.003501,0.002811
1989,50,0.002636,0.004383,0.003509
1989,51,0.002262,0.005124,0.003691
1989,52,0.002682,0.005305,0.003988
1989,53,0.002906,0.006019,0.004453
1989,54,0.00279,0.005976,0.004371
1989,55,0.003797,0.007619,0.005678
1989,56,0.003901,0.00861,0.006202
1989,57,0.004685,0.009272,0.006923
1989,58,0.004925,0.009883,0.007323
1989,59,0.005048,0.010978,0.007881
1989,60,0.005277,0.012398,0.008634
1989,61,0.005632,0.012943,0.009057
1989,62,0.00653,0.014543,0.010255
1989,63,0.007302,0.015469,0.011047
1989,64,0.007162,0.018984,0.012535
1989,65,0.008572,0.020413,0.013906
1989,66,0.009655,0.022731,0.015547
1989,67,0.010328,0.024485,0.016676
1989,68,0.012242,0.026252,0.018481
1989,69,0.01348,0.02947,0.020548
1989,70,0.014072,0.030855,0.02145
1989,71,0.015375,0.033196,0.02317
1989,72,0.018273,0.03904,0.027255
1989,73,0.021113,0.043556,0.03063
1989,74,0.022932,0.050047,0.034205
1989,75,0.026103,0.050407,0.036071
1989,76,0.027822,0.060601,0.040928
1989,77,0.033138,0.064991,0.045465
1989,78,0.037056,0.068998,0.049094
1989,79,0.043618,0.078526,0.05654
1989,80,0.05143,0.088044,0.064637
1989,81,0.060995,0.097702,0.073889
1989,82,0.068038,0.111292,0.082907
1989,83,0.074485,0.120634,0.089877
1989,84,0.088549,0.12626,0.100682
1989,85,0.096287,0.150217,0.113197
1989,86,0.110457,0.161233,0.125887
1989,87,0.123747,0.179829,0.140123
1989,88,0.144413,0.195829,0.158661
1989,89,0.163141,0.215975,0.177309
1989,90,0.182179,0.256413,0.201505
1990,0,0.00643,0.007522,0.006988
1990,1,0.000488,0.000952,0.000726
1990,2,0.000238,0.000227,0.000232
1990,3,0.000217,0.000364,0.000292
1990,4,0.00027,0.000392,0.000332
1990,5,0.000134,0.000103,0.000118
1990,6,8.1e-05,0.00018,0.000132
1990,7,0.000107,0.000128,0.000118
1990,8,0.000187,0.000255,0.000222
1990,9,0.000295,0.000307,0.000301
1990,10,0.000108,0.000182,0.000146
1990,11,0.000249,0.000158,0.000202
1990,12,8.3e-05,0.000235,0.000161
1990,13,0.000191,0.000209,0.0002
1990,14,0.000163,0.000209,0.000186
1990,15,0.000182,0.000395,0.000291
1990,16,0.000304,0.000524,0.000418
1990,17,0.000316,0.00103,0.000684
1990,18,0.000389,0.001284,0.000848
1990,19,0.000505,0.001643,0.001086
1990,20,0.000214,0.001367,0.000799
1990,21,0.000388,0.001541,0.00097
1990,22,0.000513,0.001304,0.000911
1990,23,0.000344,0.00169,0.00102
1990,24,0.000686,0.001794,0.001243
1990,25,0.000557,0.001363,0.000963
1990,26,0.000448,0.001521,0.000987
1990,27,0.000649,0.001891,0.001276
1990,28,0.000461,0.001994,0.001238
1990,29,0.000523,0.001466,0.000999
1990,30,0.000622,0.001847,0.00124
1990,31,0.000663,0.001643,0.001159
1990,32,0.000615,0.001688,0.001161
1990,33,0.00043,0.001442,0.000947
1990,34,0.00075,0.001453,0.00111
1990,35,0.000678,0.001603,0.001148
1990,36,0.00085,0.002056,0.00146
1990,37,0.000847,0.001501,0.001177
1990,38,0.000737,0.001343,0.001043
1990,39,0.000913,0.001759,0.001341
1990,40,0.000921,0.002119,0.001529
1990,41,0.001025,0.002118,0.001578
1990,42,0.001197,0.002053,0.00163
1990,43,0.001282,0.002147,0.00172
1990,44,0.001514,0.002629,0.002082
1990,45,0.001697,0.002637,0.002176
1990,46,0.001499,0.003376,0.00245
1990,47,0.001927,0.003075,0.002508
1990,48,0.00244,0.003288,0.002868
1990,49,0.002607,0.003735,0.003172
1990,50,0.002465,0.003859,0.003162
1990,51,0.00282,0.004609,0.003713
1990,52,0.002705,0.005467,0.004082
1990,53,0.003006,0.005954,0.004471
1990,54,0.003365,0.006548,0.004944
1990,55,0.003094,0.008216,0.005632
1990,56,0.00348,0.00758,0.005492
1990,57,0.004475,0.008852,0.006607
1990,58,0.004403,0.009699,0.00698
1990,59,0.004832,0.010129,0.007384
1990,60,0.005321,0.013139,0.009035
1990,61,0.00614,0.013452,0.009566
1990,62,0.006942,0.016866,0.011567
1990,63,0.006713,0.016279,0.011132
1990,64,0.009038,0.016656,0.012512
1990,65,0.008419,0.019494,0.013398
1990,66,0.009287,0.022957,0.01539
1990,67,0.011089,0.025463,0.017514
1990,68,0.011985,0.028148,0.019171
1990,69,0.012747,0.030107,0.020411
1990,70,0.015472,0.0322,0.022798
1990,71,0.016557,0.037772,0.025791
1990,72,0.020005,0.039332,0.02836
1990,73,0.020569,0.040868,0.029245
1990,74,0.024335,0.048118,0.034283
1990,75,0.028495,0.053861,0.038881
1990,76,0.031247,0.055772,0.041152
1990,77,0.034521,0.068216,0.047734
1990,78,0.037801,0.074681,0.05177
1990,79,0.044989,0.078968,0.057526
1990,80,0.054401,0.086333,0.066006
1990,81,0.059717,0.099419,0.073715
1990,82,0.064853,0.108269,0.079677
1990,83,0.073591,0.120254,0.089162
1990,84,0.093223,0.140992,0.108705
1990,85,0.103249,0.158237,0.120381
1990,86,0.117274,0.177697,0.1355
1990,87,0.133129,0.187809,0.149067
1990,88,0.153554,0.20277,0.167409
1990,89,0.16884,0.229999,0.185041
1990,90,0.190039,0.260456,0.207911
1991,0,0.005405,0.007306,0.006379
1991,1,0.00065,0.0005,0.000573
1991,2,0.000612,0.000486,0.000548
1991,3,0.00013,0.000272,0.000203
1991,4,0.000266,0.000204,0.000234
1991,5,0.00021,0.000229,0.00022
1991,6,0.000211,0.000227,0.000219
1991,7,0.000107,0.000405,0.000261
1991,8,0.000159,0.000328,0.000245
1991,9,0.000132,0.000202,0.000168
1991,10,0.000133,0.000152,0.000142
1991,11,0.000134,0.000385,0.000262
1991,12,8.2e-05,0.000234,0.00016
1991,13,0.000165,0.000233,0.0002
1991,14,0.000136,0.000362,0.000251
1991,15,0.000216,0.000308,0.000263
1991,16,0.000335,0.000511,0.000425
1991,17,0.000201,0.00073,0.000474
1991,18,0.000504,0.00125,0.000887
1991,19,0.000564,0.001479,0.00103
1991,20,0.000626,0.001718,0.00118
1991,21,0.000336,0.00171,0.00103
1991,22,0.000478,0.001648,0.001064
1991,23,0.000403,0.001732,0.001066
1991,24,0.00065,0.001863,0.001256
1991,25,0.000323,0.001783,0.001056
1991,26,0.000521,0.001646,0.001088
1991,27,0.000571,0.001811,0.001194
1991,28,0.000453,0.001671,0.001069
1991,29,0.000749,0.001463,0.00111
1991,30,0.000578,0.001702,0.001146
1991,31,0.000876,0.001786,0.001336
1991,32,0.00061,0.001737,0.001182
1991,33,0.000811,0.001827,0.00133
1991,34,0.000634,0.001777,0.001219
1991,35,0.00064,0.001722,0.001193
1991,36,0.00079,0.001582,0.001193
1991,37,0.000601,0.001602,0.001108
1991,38,0.00078,0.001313,0.001049
1991,39,0.000792,0.001533,0.001166
1991,40,0.001153,0.001929,0.001546
1991,41,0.000858,0.002694,0.001789
1991,42,0.001338,0.00285,0.002102
1991,43,0.001491,0.002534,0.002018
1991,44,0.001458,0.002741,0.002108
1991,45,0.001314,0.002922,0.002132
1991,46,0.001515,0.003333,0.00244
1991,47,0.001525,0.003531,0.002541
1991,48,0.001973,0.003974,0.002986
1991,49,0.002336,0.003825,0.003087
1991,50,0.002255,0.004239,0.003248
1991,51,0.002772,0.004697,0.003733
1991,52,0.002789,0.005355,0.004069
1991,53,0.003087,0.006143,0.004609
1991,54,0.003533,0.005638,0.004577
1991,55,0.003809,0.00721,0.005493
1991,56,0.004239,0.008389,0.006289
1991,57,0.003803,0.009169,0.006428
1991,58,0.004446,0.010425,0.00735
1991,59,0.004687,0.009422,0.00698
1991,60,0.005172,0.011607,0.008251
1991,61,0.00567,0.013788,0.0095
1991,62,0.006171,0.013223,0.009458
1991,63,0.007062,0.01605,0.011226
1991,64,0.00776,0.017708,0.012325
1991,65,0.009117,0.018694,0.013443
1991,66,0.009163,0.022398,0.015059
1991,67,0.010426,0.024527,0.016666
1991,68,0.012436,0.027007,0.018897
1991,69,0.012649,0.02889,0.019798
1991,70,0.014694,0.031788,0.022159
1991,71,0.016087,0.036419,0.024891
1991,72,0.018827,0.038135,0.027123
1991,73,0.019707,0.040546,0.028616
1991,74,0.021945,0.048351,0.033069
1991,75,0.024817,0.050201,0.03526
1991,76,0.02964,0.058326,0.041202
1991,77,0.032961,0.061856,0.044409
1991,78,0.037527,0.065525,0.048277
1991,79,0.042493,0.076318,0.055037
1991,80,0.047912,0.086074,0.061729
1991,81,0.056579,0.105712,0.073988
1991,82,0.064733,0.105291,0.078618
1991,83,0.075315,0.121782,0.090728
1991,84,0.084437,0.131309,0.099585
1991,85,0.099983,0.146658,0.114621
1991,86,0.108074,0.150759,0.120948
1991,87,0.125175,0.170352,0.13834
1991,88,0.14177,0.189311,0.155185
1991,89,0.160687,0.22045,0.17691
1991,90,0.18413,0.224985,0.194484
1992,0,0.005382,0.007505,0.00647
1992,1,0.000684,0.000394,0.000535
1992,2,0.000297,0.000424,0.000362
1992,3,7.5e-05,0.000358,0.00022
1992,4,7.7e-05,0.000243,0.000162
1992,5,0.000104,0.000274,0.000191
1992,6,7.8e-05,0.00025,0.000165
1992,7,0.000156,9.9e-05,0.000127
1992,8,0.000186,0.000175,0.00018
1992,9,0.00021,0.000175,0.000192
1992,10,0.000236,0.000199,0.000217
1992,11,0.000132,0.000149,0.000141
1992,12,0.000106,0.000304,0.000207
1992,13,0.000109,0.00018,0.000145
1992,14,0.000246,0.000308,0.000278
1992,15,0.000269,0.000433,0.000353
1992,16,0.000319,0.000557,0.000441
1992,17,0.000255,0.000744,0.000506
1992,18,0.000371,0.00084,0.000612
1992,19,0.000471,0.001112,0.000798
1992,20,0.000376,0.001579,0.000985
1992,21,0.000382,0.001608,0.001
1992,22,0.000659,0.00176,0.001211
1992,23,0.000427,0.001572,0.000996
1992,24,0.000467,0.001741,0.0011
1992,25,0.000487,0.001528,0.001005
1992,26,0.000557,0.001596,0.001077
1992,27,0.000505,0.001717,0.001114
1992,28,0.00057,0.001508,0.001042
1992,29,0.000524,0.001495,0.001014
1992,30,0.000519,0.001746,0.001139
1992,31,0.00058,0.001691,0.001141
1992,32,0.000876,0.00157,0.001227
1992,33,0.0006,0.002089,0.001358
1992,34,0.000557,0.001618,0.001099
1992,35,0.0007,0.001623,0.001172
1992,36,0.000942,0.001613,0.001286
1992,37,0.000627,0.001796,0.001222
1992,38,0.000816,0.002158,0.001495
1992,39,0.000874,0.001776,0.001329
1992,40,0.000973,0.002046,0.001515
1992,41,0.001008,0.001828,0.001423
1992,42,0.001016,0.002252,0.001642
1992,43,0.00126,0.002623,0.001948
1992,44,0.001178,0.002941,0.002069
1992,45,0.001537,0.003001,0.002278
1992,46,0.001556,0.002644,0.002109
1992,47,0.001953,0.003071,0.002523
1992,48,0.00188,0.003568,0.002734
1992,49,0.002556,0.003748,0.003159
1992,50,0.002525,0.004163,0.00335
1992,51,0.002584,0.004809,0.003696
1992,52,0.00336,0.005124,0.004239
1992,53,0.002688,0.005801,0.004239
1992,54,0.00325,0.005851,0.004542
1992,55,0.003118,0.006768,0.004925
1992,56,0.003742,0.008496,0.006088
1992,57,0.004092,0.009644,0.006823
1992,58,0.004583,0.008957,0.006715
1992,59,0.004595,0.010073,0.007241
1992,60,0.004836,0.012559,0.008548
1992,61,0.006328,0.01224,0.009136
1992,62,0.006435,0.013656,0.009824
1992,63,0.007006,0.015446,0.010918
1992,64,0.007087,0.017233,0.011754
1992,65,0.009271,0.019504,0.013919
1992,66,0.008735,0.021077,0.014254
1992,67,0.010399,0.02386,0.016343
1992,68,0.011711,0.02426,0.017222
1992,69,0.012454,0.029448,0.01992
1992,70,0.014166,0.032994,0.022362
1992,71,0.016122,0.032877,0.023357
1992,72,0.017226,0.038338,0.026258
1992,73,0.020128,0.041483,0.029203
1992,74,0.021787,0.047942,0.032802
1992,75,0.025432,0.049098,0.035241
1992,76,0.027048,0.053815,0.037885
1992,77,0.032944,0.062087,0.044467
1992,78,0.035732,0.069228,0.048745
1992,79,0.038145,0.07094,0.050469
1992,80,0.047681,0.088022,0.062331
1992,81,0.053783,0.092073,0.067277
1992,82,0.063897,0.104777,0.07798
1992,83,0.076083,0.115291,0.089148
1992,84,0.08568,0.129816,0.099888
1992,85,0.093974,0.125651,0.103908
1992,86,0.111048,0.156362,0.124862
1992,87,0.12217,0.17063,0.136322
1992,88,0.144259,0.198907,0.159631
1992,89,0.153709,0.192587,0.16427
1992,90,0.166028,0.227232,0.182051
1993,0,0.00524,0.005756,0.005504
1993,1,0.00081,0.00043,0.000615
1993,2,0.00029,0.000252,0.00027
1993,3,0.000416,0.000232,0.000322
1993,4,0.000149,0.000283,0.000218
1993,5,0.000202,0.000359,0.000282
1993,6,0.000231,0.000246,0.000239
1993,7,0.000102,0.000419,0.000264
1993,8,0.00018,0.00022,0.000201
1993,9,0.000105,0.000173,0.00014
1993,10,0.000155,0.000172,0.000164
1993,11,0.00013,0.000197,0.000164
1993,12,0.000182,0.000147,0.000164
1993,13,1e-10,0.0002,0.000102
1993,14,0.000241,0.000177,0.000208
1993,15,0.000161,0.000176,0.000169
1993,16,0.000237,0.000676,0.000462
1993,17,0.000236,0.000723,0.000485
1993,18,0.000402,0.000948,0.000683
1993,19,0.000436,0.001024,0.000736
1993,20,0.000464,0.00158,0.001029
1993,21,0.000415,0.001511,0.000966
1993,22,0.000313,0.001392,0.000854
1993,23,0.000423,0.001543,0.000981
1993,24,0.000399,0.001688,0.001037
1993,25,0.000548,0.001693,0.001116
1993,26,0.000583,0.001641,0.001109
1993,27,0.00058,0.001294,0.000938
1993,28,0.000779,0.00134,0.001061
1993,29,0.000479,0.001401,0.000943
1993,30,0.000734,0.001847,0.001296
1993,31,0.000701,0.001974,0.001344
1993,32,0.000575,0.001432,0.001008
1993,33,0.000585,0.001605,0.001102
1993,34,0.000829,0.001774,0.00131
1993,35,0.000757,0.001623,0.0012
1993,36,0.000583,0.001327,0.000964
1993,37,0.000823,0.001643,0.001243
1993,38,0.001014,0.001734,0.00138
1993,39,0.001091,0.001727,0.001413
1993,40,0.000753,0.002124,0.001444
1993,41,0.001092,0.001729,0.001413
1993,42,0.001007,0.002204,0.001612
1993,43,0.001276,0.002527,0.001909
1993,44,0.001221,0.002493,0.001863
1993,45,0.001356,0.002566,0.001967
1993,46,0.002074,0.002916,0.0025
1993,47,0.001881,0.003139,0.00252
1993,48,0.001958,0.003766,0.002877
1993,49,0.00201,0.003877,0.002953
1993,50,0.002589,0.004046,0.003325
1993,51,0.002338,0.004507,0.003429
1993,52,0.002596,0.00544,0.004014
1993,53,0.003209,0.004952,0.004076
1993,54,0.003013,0.00593,0.004462
1993,55,0.003147,0.007076,0.005094
1993,56,0.003841,0.007095,0.005446
1993,57,0.004413,0.00779,0.006072
1993,58,0.00432,0.008181,0.006213
1993,59,0.004516,0.00915,0.006764
1993,60,0.005303,0.009652,0.007391
1993,61,0.005411,0.013166,0.009114
1993,62,0.006684,0.01314,0.009734
1993,63,0.006898,0.015133,0.010738
1993,64,0.007395,0.016984,0.011811
1993,65,0.008592,0.018901,0.013282
1993,66,0.010148,0.021107,0.01508
1993,67,0.009683,0.023802,0.015946
1993,68,0.011003,0.024798,0.017045
1993,69,0.011666,0.029386,0.01938
1993,70,0.013467,0.029887,0.020612
1993,71,0.014946,0.032114,0.022342
1993,72,0.018054,0.037235,0.026254
1993,73,0.02063,0.042968,0.030073
1993,74,0.022137,0.043511,0.031105
1993,75,0.022131,0.049389,0.033448
1993,76,0.02816,0.055569,0.03934
1993,77,0.029636,0.062243,0.042601
1993,78,0.035776,0.070785,0.049344
1993,79,0.04017,0.074211,0.05311
1993,80,0.044614,0.083664,0.058994
1993,81,0.055666,0.088759,0.067398
1993,82,0.062087,0.101885,0.075771
1993,83,0.068665,0.113368,0.083664
1993,84,0.079282,0.122121,0.093161
1993,85,0.088524,0.138485,0.10413
1993,86,0.109891,0.154015,0.123367
1993,87,0.122852,0.160775,0.13407
1993,88,0.13858,0.19661,0.154976
1993,89,0.157585,0.19876,0.168759
1993,90,0.178576,0.218735,0.189161
1994,0,0.004519,0.005807,0.00518
1994,1,0.000436,0.000668,0.000555
1994,2,0.000426,0.000471,0.000449
1994,3,0.000144,0.000271,0.000209
1994,4,0.000194,0.00023,0.000212
1994,5,2.5e-05,0.000256,0.000143
1994,6,0.00015,0.000142,0.000146
1994,7,0.000102,0.000316,0.000212
1994,8,0.000152,0.000219,0.000186
1994,9,5.1e-05,0.000218,0.000137
1994,10,0.000104,0.000171,0.000139
1994,11,0.000128,0.000268,0.0002
1994,12,0.00018,0.000243,0.000212
1994,13,0.00018,0.000219,0.0002
1994,14,0.000234,0.000419,0.000329
1994,15,0.000133,0.000275,0.000206
1994,16,0.000451,0.000373,0.000411
1994,17,0.000339,0.000718,0.000533
1994,18,0.000233,0.000914,0.000581
1994,19,0.000418,0.000827,0.000627
1994,20,0.000406,0.001369,0.000894
1994,21,0.000526,0.00144,0.000987
1994,22,0.000429,0.001998,0.001213
1994,23,0.000573,0.001342,0.000956
1994,24,0.000355,0.001646,0.000995
1994,25,0.000484,0.001646,0.001056
1994,26,0.000537,0.001556,0.001041
1994,27,0.000572,0.001859,0.001212
1994,28,0.000588,0.001591,0.001091
1994,29,0.000589,0.001368,0.000981
1994,30,0.000686,0.00159,0.001141
1994,31,0.00089,0.001407,0.001151
1994,32,0.000679,0.001458,0.001073
1994,33,0.000571,0.001925,0.001256
1994,34,0.000599,0.001608,0.00111
1994,35,0.000879,0.001729,0.001312
1994,36,0.000699,0.001774,0.001249
1994,37,0.000656,0.001859,0.001272
1994,38,0.000706,0.001658,0.001193
1994,39,0.00074,0.001638,0.001196
1994,40,0.001227,0.002385,0.001812
1994,41,0.001167,0.002457,0.001817
1994,42,0.001152,0.001792,0.001475
1994,43,0.001531,0.00203,0.001783
1994,44,0.001197,0.002746,0.001981
1994,45,0.00138,0.002636,0.002013
1994,46,0.001694,0.003081,0.002393
1994,47,0.001684,0.003257,0.002479
1994,48,0.001905,0.003486,0.002707
1994,49,0.002111,0.004049,0.003095
1994,50,0.002455,0.003758,0.003113
1994,51,0.0023,0.004541,0.00343
1994,52,0.002798,0.005122,0.003965
1994,53,0.002856,0.005418,0.004131
1994,54,0.002928,0.006273,0.004588
1994,55,0.003496,0.006338,0.004904
1994,56,0.00378,0.00652,0.005134
1994,57,0.003711,0.007246,0.005451
1994,58,0.004721,0.008295,0.006472
1994,59,0.005138,0.009596,0.007317
1994,60,0.005717,0.010469,0.008012
1994,61,0.005324,0.011221,0.00814
1994,62,0.005896,0.0128,0.009177
1994,63,0.006471,0.013898,0.00996
1994,64,0.007773,0.014561,0.010922
1994,65,0.008178,0.018175,0.012731
1994,66,0.009986,0.019136,0.014115
1994,67,0.009599,0.022323,0.015287
1994,68,0.010947,0.024575,0.016942
1994,69,0.013705,0.026834,0.01941
1994,70,0.01361,0.029685,0.02054
1994,71,0.014562,0.030531,0.021442
1994,72,0.016729,0.037442,0.025562
1994,73,0.01697,0.038911,0.026226
1994,74,0.020994,0.042679,0.03005
1994,75,0.023839,0.052322,0.03563
1994,76,0.026987,0.05143,0.036966
1994,77,0.030645,0.058424,0.041792
1994,78,0.034578,0.062279,0.045386
1994,79,0.038718,0.068896,0.050185
1994,80,0.045428,0.083617,0.059635
1994,81,0.050137,0.090951,0.064813
1994,82,0.05978,0.099178,0.073393
1994,83,0.070521,0.113256,0.084813
1994,84,0.078113,0.121286,0.092182
1994,85,0.088766,0.129878,0.101654
1994,86,0.103542,0.150461,0.117734
1994,87,0.118432,0.171902,0.134247
1994,88,0.130181,0.184594,0.14569
1994,89,0.150865,0.197338,0.163517
1994,90,0.171625,0.234544,0.188052
1995,0,0.004472,0.005667,0.005084
1995,1,0.000373,0.000661,0.000521
1995,2,0.000169,0.000275,0.000223
1995,3,7e-05,0.000289,0.000183
1995,4,0.000119,0.000224,0.000173
1995,5,0.00012,0.000205,0.000164
1995,6,0.000146,0.000162,0.000154
1995,7,0.000124,0.000212,0.000169
1995,8,0.000101,0.000145,0.000123
1995,9,0.000176,0.000121,0.000148
1995,10,0.000126,9.6e-05,0.000111
1995,11,0.000103,0.000218,0.000162
1995,12,0.000102,0.000338,0.000223
1995,13,0.000102,0.000168,0.000136
1995,14,0.000128,0.000289,0.000211
1995,15,0.000309,0.000561,0.000438
1995,16,0.000314,0.000421,0.000368
1995,17,0.000368,0.000961,0.000674
1995,18,0.00036,0.000933,0.000653
1995,19,0.00033,0.001207,0.000775
1995,20,0.00034,0.001296,0.000825
1995,21,0.00033,0.000971,0.000653
1995,22,0.00054,0.001547,0.001045
1995,23,0.000527,0.001516,0.001018
1995,24,0.000543,0.001168,0.000852
1995,25,0.000483,0.001273,0.000872
1995,26,0.000383,0.001339,0.000853
1995,27,0.00044,0.001227,0.000829
1995,28,0.000479,0.001229,0.000852
1995,29,0.000647,0.001257,0.000953
1995,30,0.000712,0.001241,0.000979
1995,31,0.000728,0.001432,0.001083
1995,32,0.000705,0.001606,0.00116
1995,33,0.000928,0.001795,0.001367
1995,34,0.00081,0.001461,0.001139
1995,35,0.000736,0.001551,0.001149
1995,36,0.000752,0.001501,0.001133
1995,37,0.000881,0.001912,0.001408
1995,38,0.000918,0.001877,0.001409
1995,39,0.000686,0.001698,0.001203
1995,40,0.000719,0.001942,0.00134
1995,41,0.001128,0.001689,0.001411
1995,42,0.001247,0.002541,0.001898
1995,43,0.001335,0.002075,0.001708
1995,44,0.001756,0.002668,0.002217
1995,45,0.001378,0.002676,0.002034
1995,46,0.001956,0.002687,0.002324
1995,47,0.001857,0.003346,0.002607
1995,48,0.001669,0.003605,0.002646
1995,49,0.001874,0.003897,0.0029
1995,50,0.002264,0.004217,0.003255
1995,51,0.002594,0.004652,0.003631
1995,52,0.002549,0.004853,0.003709
1995,53,0.00304,0.004897,0.003971
1995,54,0.003685,0.006114,0.004892
1995,55,0.003554,0.006321,0.004924
1995,56,0.004042,0.007549,0.005776
1995,57,0.003974,0.008165,0.006041
1995,58,0.003634,0.008479,0.00601
1995,59,0.00498,0.00987,0.007368
1995,60,0.005241,0.010168,0.007639
1995,61,0.005912,0.011914,0.008796
1995,62,0.006296,0.012404,0.009202
1995,63,0.006937,0.015229,0.01086
1995,64,0.00628,0.015832,0.010747
1995,65,0.008759,0.017334,0.012696
1995,66,0.007905,0.020213,0.013463
1995,67,0.010033,0.020792,0.014855
1995,68,0.010536,0.023236,0.01617
1995,69,0.012615,0.028466,0.019538
1995,70,0.01299,0.031221,0.020838
1995,71,0.015309,0.032374,0.022598
1995,72,0.017405,0.035112,0.024962
1995,73,0.019168,0.037526,0.026898
1995,74,0.021236,0.042753,0.030202
1995,75,0.024533,0.045544,0.033194
1995,76,0.029604,0.052976,0.03913
1995,77,0.028779,0.059814,0.041256
1995,78,0.032677,0.065545,0.045619
1995,79,0.038351,0.071153,0.050901
1995,80,0.047339,0.074938,0.05764
1995,81,0.053634,0.087814,0.066076
1995,82,0.058854,0.100914,0.073601
1995,83,0.066073,0.110782,0.081111
1995,84,0.081252,0.124392,0.095272
1995,85,0.086581,0.137591,0.102706
1995,86,0.10608,0.14128,0.116786
1995,87,0.121285,0.161017,0.132969
1995,88,0.135149,0.189077,0.150537
1995,89,0.161636,0.20541,0.173727
1995,90,0.188097,0.245051,0.202982
1996,0,0.004077,0.005392,0.004752
1996,1,0.000275,0.000477,0.000379
1996,2,0.000348,0.0004,0.000374
1996,3,0.000288,0.000205,0.000246
1996,4,0.000117,0.000244,0.000182
1996,5,0.000142,0.000313,0.00023
1996,6,0.00012,0.000181,0.000152
1996,7,4.9e-05,0.000138,9.5e-05
1996,8,9.9e-05,0.000187,0.000144
1996,9,0.000151,0.000144,0.000147
1996,10,7.5e-05,7.2e-05,7.3e-05
1996,11,0.000151,0.000143,0.000147
1996,12,0.00018,9.6e-05,0.000137
1996,13,0.000177,0.000216,0.000197
1996,14,0.000127,0.000215,0.000172
1996,15,0.000381,0.000191,0.000283
1996,16,0.000255,0.000581,0.000422
1996,17,0.000234,0.000368,0.000303
1996,18,0.000338,0.000954,0.000656
1996,19,0.000355,0.001031,0.000698
1996,20,0.000201,0.000786,0.000497
1996,21,0.000192,0.001059,0.00063
1996,22,0.000325,0.001364,0.000846
1996,23,0.0004,0.001475,0.000936
1996,24,0.000396,0.001489,0.000937
1996,25,0.000277,0.001244,0.000753
1996,26,0.000438,0.001282,0.000852
1996,27,0.00045,0.001216,0.000826
1996,28,0.000523,0.001109,0.000812
1996,29,0.000423,0.001083,0.000751
1996,30,0.000593,0.001314,0.000954
1996,31,0.000596,0.001283,0.000942
1996,32,0.000484,0.00133,0.000911
1996,33,0.000752,0.001489,0.001124
1996,34,0.000707,0.001561,0.001139
1996,35,0.000585,0.001324,0.000959
1996,36,0.000945,0.001603,0.001278
1996,37,0.000626,0.001381,0.00101
1996,38,0.00088,0.001723,0.00131
1996,39,0.000655,0.001956,0.00132
1996,40,0.000763,0.00152,0.001149
1996,41,0.001284,0.002328,0.001813
1996,42,0.00109,0.001853,0.001474
1996,43,0.001248,0.001903,0.001577
1996,44,0.001583,0.002264,0.001926
1996,45,0.001234,0.002443,0.001844
1996,46,0.001443,0.002591,0.002023
1996,47,0.001626,0.002877,0.002255
1996,48,0.001707,0.003426,0.002572
1996,49,0.002075,0.003374,0.00273
1996,50,0.00229,0.003827,0.003069
1996,51,0.002111,0.004151,0.003145
1996,52,0.002798,0.004424,0.003616
1996,53,0.002957,0.005374,0.004172
1996,54,0.003476,0.005361,0.00442
1996,55,0.003219,0.005507,0.004354
1996,56,0.003484,0.007813,0.005623
1996,57,0.003378,0.007476,0.0054
1996,58,0.004415,0.007851,0.006104
1996,59,0.004899,0.008712,0.006762
1996,60,0.004786,0.009567,0.00711
1996,61,0.005151,0.011071,0.008016
1996,62,0.005675,0.011663,0.00854
1996,63,0.007058,0.013427,0.010074
1996,64,0.007185,0.014401,0.010581
1996,65,0.00733,0.016865,0.011745
1996,66,0.007966,0.019175,0.013068
1996,67,0.009646,0.019303,0.013974
1996,68,0.010246,0.022277,0.0156
1996,69,0.011727,0.025768,0.017907
1996,70,0.013639,0.027765,0.019754
1996,71,0.014489,0.032216,0.022044
1996,72,0.015578,0.033241,0.023049
1996,73,0.019531,0.037171,0.026983
1996,74,0.021056,0.044779,0.030923
1996,75,0.02252,0.043602,0.031192
1996,76,0.027074,0.051068,0.036835
1996,77,0.029612,0.05693,0.040577
1996,78,0.034043,0.061242,0.044772
1996,79,0.038948,0.070727,0.051222
1996,80,0.046252,0.079054,0.058596
1996,81,0.052097,0.085557,0.064343
1996,82,0.060048,0.098496,0.073712
1996,83,0.070411,0.107179,0.082969
1996,84,0.074257,0.119954,0.089208
1996,85,0.09263,0.130087,0.104429
1996,86,0.10494,0.142692,0.116515
1996,87,0.121254,0.164856,0.134166
1996,88,0.12869,0.179317,0.143051
1996,89,0.150582,0.211718,0.167402
1996,90,0.177161,0.224499,0.189718
1997,0,0.004687,0.004804,0.004747
1997,1,0.000475,0.000618,0.000549
1997,2,0.000151,0.000262,0.000208
1997,3,0.000249,0.000258,0.000254
1997,4,9.6e-05,0.000342,0.000222
1997,5,0.000165,8.9e-05,0.000126
1997,6,0.000143,0.000134,0.000138
1997,7,4.8e-05,0.000136,9.3e-05
1997,8,0.000146,9.2e-05,0.000118
1997,9,9.9e-05,0.000187,0.000144
1997,10,0.000101,7.2e-05,8.6e-05
1997,11,0.0001,0.000239,0.000171
1997,12,0.000176,0.000166,0.000171
1997,13,0.000179,0.000168,0.000173
1997,14,0.000177,0.000143,0.000159
1997,15,0.000252,0.00038,0.000318
1997,16,0.000277,0.000522,0.000403
1997,17,0.00033,0.000482,0.000408
1997,18,0.00031,0.00093,0.000628
1997,19,0.000386,0.000906,0.000652
1997,20,0.000302,0.000833,0.000571
1997,21,0.00035,0.001476,0.000917
1997,22,0.00031,0.00099,0.000652
1997,23,0.000345,0.00143,0.000887
1997,24,0.000286,0.001224,0.000752
1997,25,0.000309,0.000931,0.000616
1997,26,0.000353,0.001238,0.000788
1997,27,0.000358,0.000765,0.000558
1997,28,0.000339,0.001004,0.000665
1997,29,0.000416,0.00105,0.000729
1997,30,0.000607,0.001164,0.000883
1997,31,0.000624,0.001195,0.00091
1997,32,0.000337,0.000774,0.000557
1997,33,0.000499,0.00163,0.00107
1997,34,0.000441,0.001312,0.000881
1997,35,0.000708,0.001232,0.000974
1997,36,0.000671,0.001276,0.000977
1997,37,0.000631,0.00123,0.000935
1997,38,0.000752,0.001316,0.001039
1997,39,0.000937,0.001624,0.001287
1997,40,0.001051,0.00157,0.001316
1997,41,0.00086,0.001712,0.001294
1997,42,0.001151,0.001674,0.001416
1997,43,0.00123,0.002177,0.001707
1997,44,0.001094,0.002546,0.001822
1997,45,0.001282,0.002339,0.001813
1997,46,0.001605,0.002815,0.002215
1997,47,0.001852,0.003242,0.002553
1997,48,0.002052,0.003353,0.002706
1997,49,0.002155,0.003907,0.003036
1997,50,0.00239,0.003857,0.003129
1997,51,0.002408,0.00428,0.003356
1997,52,0.002589,0.00454,0.003576
1997,53,0.00301,0.005291,0.004156
1997,54,0.003092,0.005614,0.004358
1997,55,0.00332,0.006563,0.00494
1997,56,0.003599,0.007248,0.005405
1997,57,0.00391,0.007094,0.005479
1997,58,0.004974,0.008072,0.006497
1997,59,0.00449,0.008615,0.006511
1997,60,0.004369,0.009695,0.00696
1997,61,0.004801,0.010575,0.007594
1997,62,0.005934,0.011211,0.008477
1997,63,0.006176,0.012976,0.009416
1997,64,0.007427,0.015012,0.011001
1997,65,0.007733,0.017145,0.01212
1997,66,0.00858,0.016822,0.012365
1997,67,0.009278,0.020202,0.014218
1997,68,0.010524,0.022961,0.016061
1997,69,0.012351,0.024836,0.017866
1997,70,0.012641,0.025862,0.018411
1997,71,0.014516,0.027544,0.02011
1997,72,0.015346,0.030664,0.021816
1997,73,0.018859,0.039655,0.027561
1997,74,0.020558,0.041982,0.029491
1997,75,0.024943,0.046294,0.0337
1997,76,0.024977,0.048778,0.034636
1997,77,0.02941,0.052293,0.03858
1997,78,0.032832,0.060663,0.043825
1997,79,0.038981,0.068209,0.050307
1997,80,0.044245,0.076969,0.056628
1997,81,0.04833,0.088978,0.063295
1997,82,0.059733,0.090984,0.070914
1997,83,0.067378,0.104315,0.080205
1997,84,0.076251,0.117882,0.090089
1997,85,0.089508,0.127831,0.101733
1997,86,0.106178,0.151186,0.119937
1997,87,0.124399,0.160483,0.135166
1997,88,0.132018,0.185844,0.147445
1997,89,0.153884,0.203176,0.167349
1997,90,0.176738,0.233411,0.191764
1998,0,0.003981,0.005545,0.004782
1998,1,0.000353,0.000551,0.000455
1998,2,0.000226,0.000215,0.00022
1998,3,7.5e-05,0.000191,0.000135
1998,4,0.00015,0.000188,0.000169
1998,5,0.000145,0.00016,0.000153
1998,6,7.1e-05,0.0002,0.000137
1998,7,0.000119,6.7e-05,9.2e-05
1998,8,2.4e-05,0.000181,0.000105
1998,9,7.3e-05,9.2e-05,8.2e-05
1998,10,9.8e-05,0.000116,0.000108
1998,11,0.0001,0.000143,0.000122
1998,12,0.0001,0.000238,0.000171
1998,13,0.000175,0.000236,0.000207
1998,14,0.000128,0.000333,0.000234
1998,15,0.000126,0.000474,0.000305
1998,16,0.0002,0.000473,0.00034
1998,17,0.000226,0.000519,0.000377
1998,18,0.000277,0.000744,0.000516
1998,19,0.00023,0.001003,0.000625
1998,20,0.000356,0.000976,0.000672
1998,21,0.000325,0.001027,0.000679
1998,22,0.00042,0.001178,0.000801
1998,23,0.00047,0.001197,0.000834
1998,24,0.000273,0.001259,0.000764
1998,25,0.000455,0.001037,0.000744
1998,26,0.000367,0.001195,0.000775
1998,27,0.000116,0.001145,0.000621
1998,28,0.000411,0.001049,0.000724
1998,29,0.00039,0.000978,0.000678
1998,30,0.000413,0.001204,0.000803
1998,31,0.000387,0.000835,0.000609
1998,32,0.000557,0.001305,0.000932
1998,33,0.000465,0.001055,0.000762
1998,34,0.000627,0.001263,0.000948
1998,35,0.000555,0.000911,0.000735
1998,36,0.000607,0.001021,0.000816
1998,37,0.000689,0.001044,0.000869
1998,38,0.000667,0.001304,0.000989
1998,39,0.000753,0.001564,0.001165
1998,40,0.000865,0.00165,0.001265
1998,41,0.000884,0.002029,0.001467
1998,42,0.001225,0.001959,0.001598
1998,43,0.001172,0.001893,0.001536
1998,44,0.001292,0.002227,0.001762
1998,45,0.001196,0.002282,0.00174
1998,46,0.001307,0.002247,0.001779
1998,47,0.001856,0.002773,0.002318
1998,48,0.00194,0.003185,0.002567
1998,49,0.001883,0.003536,0.002713
1998,50,0.002185,0.003756,0.002974
1998,51,0.002243,0.004146,0.003201
1998,52,0.002565,0.003851,0.003215
1998,53,0.003069,0.005018,0.004054
1998,54,0.00359,0.005727,0.004663
1998,55,0.003201,0.006338,0.004772
1998,56,0.003533,0.007073,0.005296
1998,57,0.003786,0.00735,0.005546
1998,58,0.004306,0.008253,0.006244
1998,59,0.004299,0.008709,0.006459
1998,60,0.004447,0.009245,0.006788
1998,61,0.005434,0.011764,0.008498
1998,62,0.00567,0.012355,0.008889
1998,63,0.00581,0.013497,0.009504
1998,64,0.006006,0.015759,0.010629
1998,65,0.007236,0.015274,0.010986
1998,66,0.007925,0.016514,0.011899
1998,67,0.008245,0.019239,0.01326
1998,68,0.009898,0.020557,0.014689
1998,69,0.01018,0.023516,0.016076
1998,70,0.012049,0.02546,0.017924
1998,71,0.01314,0.028799,0.019923
1998,72,0.01551,0.032947,0.022928
1998,73,0.016627,0.034783,0.02422
1998,74,0.020442,0.042638,0.029622
1998,75,0.021754,0.0458,0.031651
1998,76,0.026349,0.048251,0.035223
1998,77,0.030223,0.059383,0.041875
1998,78,0.034991,0.059738,0.044758
1998,79,0.038463,0.067447,0.049732
1998,80,0.044302,0.076505,0.05654
1998,81,0.048944,0.083532,0.06174
1998,82,0.056295,0.096704,0.070826
1998,83,0.065478,0.111025,0.08139
1998,84,0.077507,0.117713,0.091066
1998,85,0.083398,0.137229,0.10079
1998,86,0.098197,0.153554,0.11526
1998,87,0.110921,0.16005,0.125437
1998,88,0.128744,0.184594,0.144808
1998,89,0.155487,0.202167,0.16834
1998,90,0.168453,0.224873,0.183285
1999,0,0.003848,0.005378,0.004633
1999,1,0.000388,0.000518,0.000455
1999,2,0.000177,0.000287,0.000233
1999,3,0.000251,0.00019,0.00022
1999,4,0.000126,0.000191,0.000159
1999,5,5e-05,0.000283,0.00017
1999,6,9.7e-05,9.1e-05,9.4e-05
1999,7,0.000117,0.000199,0.000159
1999,8,0.000119,8.9e-05,0.000103
1999,9,9.5e-05,4.5e-05,6.9e-05
1999,10,0.000169,0.000228,0.000199
1999,11,0.000196,0.000116,0.000155
1999,12,0.0001,0.000142,0.000122
1999,13,2.5e-05,7.1e-05,4.8e-05
1999,14,0.000224,0.000352,0.00029
1999,15,0.000178,0.000638,0.000416
1999,16,0.000349,0.000188,0.000266
1999,17,0.000299,0.000657,0.000483
1999,18,0.000323,0.000586,0.000459
1999,19,0.000374,0.000765,0.000573
1999,20,0.000227,0.000874,0.000557
1999,21,0.000327,0.000923,0.00063
1999,22,0.000369,0.00107,0.000721
1999,23,0.000364,0.000976,0.000669
1999,24,0.000347,0.001162,0.000753
1999,25,0.000223,0.001019,0.000618
1999,26,0.000342,0.000936,0.000636
1999,27,0.000502,0.001281,0.000886
1999,28,0.000383,0.000952,0.000662
1999,29,0.000498,0.001035,0.000761
1999,30,0.000545,0.000858,0.000698
1999,31,0.000394,0.001035,0.00071
1999,32,0.000501,0.000964,0.000731
1999,33,0.000375,0.000973,0.000675
1999,34,0.000574,0.000893,0.000735
1999,35,0.000722,0.00107,0.000898
1999,36,0.000538,0.001007,0.000775
1999,37,0.00064,0.001087,0.000866
1999,38,0.000705,0.00118,0.000945
1999,39,0.000931,0.001116,0.001024
1999,40,0.000646,0.001707,0.001184
1999,41,0.000884,0.001547,0.001221
1999,42,0.000865,0.001672,0.001275
1999,43,0.001244,0.001984,0.00162
1999,44,0.001368,0.002245,0.001811
1999,45,0.001373,0.001959,0.001667
1999,46,0.001458,0.002428,0.001944
1999,47,0.001473,0.00313,0.002304
1999,48,0.001983,0.003027,0.002509
1999,49,0.001643,0.003041,0.002347
1999,50,0.002371,0.003258,0.002816
1999,51,0.002377,0.003977,0.00318
1999,52,0.002518,0.004433,0.003481
1999,53,0.002577,0.005033,0.003817
1999,54,0.002919,0.004875,0.003906
1999,55,0.003289,0.005782,0.004538
1999,56,0.003581,0.006025,0.004804
1999,57,0.003584,0.007172,0.005369
1999,58,0.003634,0.007361,0.00547
1999,59,0.004365,0.00841,0.006344
1999,60,0.005011,0.009461,0.007184
1999,61,0.005084,0.010177,0.007559
1999,62,0.005578,0.011896,0.008624
1999,63,0.006014,0.014159,0.009924
1999,64,0.006232,0.014517,0.010195
1999,65,0.007106,0.014774,0.010706
1999,66,0.008128,0.016476,0.012
1999,67,0.008793,0.018251,0.013141
1999,68,0.010095,0.019722,0.014461
1999,69,0.011287,0.023246,0.016628
1999,70,0.012355,0.026035,0.018361
1999,71,0.012634,0.030119,0.020238
1999,72,0.01438,0.031011,0.021509
1999,73,0.017804,0.034951,0.02503
1999,74,0.017941,0.038684,0.026526
1999,75,0.023092,0.044223,0.031727
1999,76,0.024503,0.049171,0.034536
1999,77,0.028856,0.050464,0.037491
1999,78,0.033956,0.059817,0.044127
1999,79,0.035519,0.066174,0.047421
1999,80,0.046229,0.073913,0.05681
1999,81,0.048128,0.080759,0.060287
1999,82,0.055862,0.096889,0.070676
1999,83,0.068784,0.104297,0.08125
1999,84,0.071694,0.118767,0.087691
1999,85,0.084085,0.12119,0.096229
1999,86,0.099021,0.139044,0.111561
1999,87,0.117653,0.165239,0.131824
1999,88,0.129514,0.18034,0.144001
1999,89,0.152206,0.199788,0.165408
1999,90,0.170474,0.222307,0.184182
2000,0,0.004466,0.005416,0.004955
2000,1,0.000314,0.000422,0.000369
2000,2,0.000181,0.000221,0.000201
2000,3,0.000126,0.000191,0.000159
2000,4,7.5e-05,0.000237,0.000158
2000,5,7.6e-05,0.000168,0.000123
2000,6,0.000175,0.000118,0.000146
2000,7,7.2e-05,9.1e-05,8.2e-05
2000,8,2.3e-05,8.8e-05,5.7e-05
2000,9,4.7e-05,0.000244,0.000148
2000,10,4.8e-05,0.000223,0.000138
2000,11,9.6e-05,0.000136,0.000116
2000,12,0.000292,0.000138,0.000213
2000,13,5e-05,0.000188,0.000121
2000,14,0.000197,0.000305,0.000252
2000,15,0.000124,0.000279,0.000204
2000,16,0.000352,0.000235,0.000291
2000,17,0.000149,0.000585,0.000373
2000,18,0.000246,0.000746,0.000503
2000,19,0.000245,0.000862,0.000562
2000,20,0.000393,0.001161,0.000784
2000,21,0.000373,0.001088,0.000736
2000,22,0.000296,0.001159,0.000733
2000,23,0.000337,0.000795,0.000566
2000,24,0.000285,0.000939,0.00061
2000,25,0.000271,0.0011,0.000683
2000,26,0.000372,0.001069,0.000717
2000,27,0.000545,0.001241,0.000889
2000,28,0.000296,0.000854,0.000571
2000,29,0.000508,0.001054,0.000776
2000,30,0.000328,0.000888,0.000603
2000,31,0.000366,0.001063,0.000709
2000,32,0.000492,0.001007,0.000747
2000,33,0.000282,0.001074,0.000675
2000,34,0.000454,0.000871,0.000663
2000,35,0.000476,0.001029,0.000755
2000,36,0.000815,0.001068,0.000943
2000,37,0.000683,0.00118,0.000934
2000,38,0.000705,0.001497,0.001105
2000,39,0.000773,0.001247,0.001012
2000,40,0.000719,0.001546,0.001137
2000,41,0.000878,0.001535,0.001211
2000,42,0.000957,0.001855,0.001413
2000,43,0.001354,0.002039,0.001702
2000,44,0.001073,0.002084,0.001586
2000,45,0.001076,0.002021,0.001552
2000,46,0.001275,0.002263,0.00177
2000,47,0.00114,0.002716,0.001929
2000,48,0.001969,0.003242,0.002608
2000,49,0.001887,0.003344,0.00262
2000,50,0.002074,0.003704,0.002893
2000,51,0.002201,0.003697,0.002951
2000,52,0.002815,0.004549,0.003684
2000,53,0.002367,0.005318,0.003849
2000,54,0.002777,0.004611,0.003701
2000,55,0.003495,0.005448,0.004479
2000,56,0.00394,0.00653,0.005236
2000,57,0.00419,0.007485,0.005835
2000,58,0.004247,0.007574,0.005897
2000,59,0.004813,0.00909,0.006912
2000,60,0.004668,0.009603,0.007072
2000,61,0.005533,0.010091,0.007749
2000,62,0.006227,0.010745,0.008414
2000,63,0.006834,0.012441,0.009528
2000,64,0.006729,0.013392,0.009914
2000,65,0.007055,0.014737,0.010697
2000,66,0.008171,0.016109,0.011873
2000,67,0.009517,0.01845,0.013635
2000,68,0.009541,0.021015,0.014782
2000,69,0.010387,0.02341,0.016256
2000,70,0.010955,0.02528,0.017304
2000,71,0.01341,0.028327,0.019907
2000,72,0.015183,0.028829,0.021063
2000,73,0.016422,0.033396,0.023627
2000,74,0.018875,0.035501,0.025814
2000,75,0.020866,0.042759,0.029823
2000,76,0.02299,0.04582,0.0322
2000,77,0.028392,0.052482,0.038065
2000,78,0.030221,0.057107,0.040801
2000,79,0.036045,0.06557,0.047455
2000,80,0.046131,0.074854,0.057108
2000,81,0.049072,0.085492,0.062727
2000,82,0.05721,0.088341,0.068537
2000,83,0.06473,0.099342,0.076941
2000,84,0.073741,0.115652,0.088075
2000,85,0.085703,0.127731,0.099596
2000,86,0.103498,0.138575,0.114683
2000,87,0.11401,0.153144,0.125941
2000,88,0.128079,0.173996,0.141308
2000,89,0.143734,0.18623,0.155449
2000,90,0.177608,0.212134,0.186929
2001,0,0.004235,0.005484,0.004877
2001,1,0.000437,0.000386,0.000411
2001,2,0.000186,0.000453,0.000323
2001,3,0.00013,0.000199,0.000165
2001,4,0.000254,0.000265,0.000259
2001,5,2.5e-05,2.4e-05,2.5e-05
2001,6,7.6e-05,2.4e-05,4.9e-05
2001,7,0.0001,0.000141,0.000121
2001,8,0.000192,0.000296,0.000245
2001,9,2.3e-05,4.4e-05,3.4e-05
2001,10,2.3e-05,0.000133,8e-05
2001,11,9.5e-05,0.000112,0.000104
2001,12,0.000119,0.000135,0.000128
2001,13,7.3e-05,0.000161,0.000118
2001,14,0.000247,0.000281,0.000265
2001,15,9.8e-05,0.000352,0.000228
2001,16,0.000221,0.000511,0.00037
2001,17,0.000175,0.000539,0.000363
2001,18,0.000368,0.000677,0.000527
2001,19,0.00034,0.000884,0.000618
2001,20,0.000193,0.000975,0.000592
2001,21,0.000241,0.001019,0.000633
2001,22,0.000315,0.000908,0.000614
2001,23,0.00024,0.000831,0.000537
2001,24,0.000233,0.000823,0.000527
2001,25,0.000369,0.000889,0.000627
2001,26,0.000263,0.000755,0.000508
2001,27,0.000404,0.000711,0.000556
2001,28,0.000307,0.000871,0.000587
2001,29,0.000425,0.000733,0.000577
2001,30,0.000518,0.000984,0.000749
2001,31,0.000432,0.001126,0.000774
2001,32,0.000395,0.000897,0.000643
2001,33,0.000486,0.00085,0.000667
2001,34,0.000443,0.000958,0.0007
2001,35,0.000466,0.001069,0.000769
2001,36,0.000711,0.001397,0.001057
2001,37,0.000573,0.001046,0.000812
2001,38,0.000648,0.001049,0.00085
2001,39,0.000836,0.001348,0.001094
2001,40,0.000735,0.001413,0.001077
2001,41,0.000964,0.001671,0.00132
2001,42,0.000911,0.001762,0.001342
2001,43,0.001137,0.002104,0.001628
2001,44,0.001031,0.001604,0.001321
2001,45,0.00134,0.00292,0.002141
2001,46,0.001036,0.002429,0.001737
2001,47,0.001675,0.002728,0.002202
2001,48,0.001644,0.002701,0.002173
2001,49,0.001892,0.003417,0.002657
2001,50,0.002017,0.003154,0.002589
2001,51,0.001942,0.003867,0.002909
2001,52,0.002533,0.004239,0.003388
2001,53,0.002723,0.005086,0.003906
2001,54,0.002788,0.005222,0.004008
2001,55,0.003319,0.005739,0.004538
2001,56,0.003519,0.005577,0.004553
2001,57,0.003578,0.006698,0.005135
2001,58,0.004473,0.006923,0.005693
2001,59,0.004101,0.007807,0.005936
2001,60,0.004467,0.008216,0.006299
2001,61,0.00549,0.010456,0.0079
2001,62,0.005841,0.010744,0.008215
2001,63,0.005444,0.011598,0.008412
2001,64,0.006308,0.012569,0.009302
2001,65,0.006972,0.014909,0.010733
2001,66,0.007893,0.017116,0.012228
2001,67,0.008895,0.017204,0.012748
2001,68,0.00961,0.020272,0.014486
2001,69,0.009585,0.021225,0.014865
2001,70,0.011057,0.024113,0.016903
2001,71,0.012321,0.026794,0.018683
2001,72,0.014866,0.029951,0.021375
2001,73,0.015265,0.030733,0.021869
2001,74,0.017479,0.036849,0.025615
2001,75,0.020912,0.039966,0.028767
2001,76,0.02251,0.044409,0.031343
2001,77,0.025925,0.048991,0.035105
2001,78,0.031082,0.054409,0.040297
2001,79,0.033428,0.060302,0.043819
2001,80,0.039072,0.069416,0.050613
2001,81,0.048237,0.076059,0.058681
2001,82,0.050386,0.090557,0.065146
2001,83,0.063631,0.102004,0.077289
2001,84,0.072298,0.104606,0.083422
2001,85,0.086187,0.121457,0.097965
2001,86,0.09476,0.134512,0.107566
2001,87,0.10861,0.155001,0.12301
2001,88,0.120624,0.160878,0.132536
2001,89,0.143678,0.191469,0.156993
2001,90,0.166409,0.214605,0.17928
2002,0,0.004202,0.004889,0.004555
2002,1,0.000256,0.000295,0.000276
2002,2,8.3e-05,0.000522,0.000308
2002,3,0.000294,0.000178,0.000234
2002,4,0.00021,0.00015,0.000179
2002,5,0.000102,0.000217,0.000161
2002,6,0.000226,2.4e-05,0.000122
2002,7,0.0001,0.000119,0.00011
2002,8,1e-10,4.7e-05,2.4e-05
2002,9,9.5e-05,0.000159,0.000128
2002,10,4.6e-05,0.00011,7.9e-05
2002,11,2.3e-05,8.9e-05,5.7e-05
2002,12,9.4e-05,0.000111,0.000103
2002,13,9.5e-05,0.000112,0.000104
2002,14,9.6e-05,0.000206,0.000153
2002,15,0.000221,0.00021,0.000216
2002,16,7.3e-05,0.000327,0.000203
2002,17,0.000293,0.000371,0.000333
2002,18,0.000247,0.000514,0.000384
2002,19,0.000435,0.001071,0.000759
2002,20,0.00038,0.000809,0.000597
2002,21,0.000378,0.001063,0.000724
2002,22,0.000282,0.00084,0.000562
2002,23,0.000328,0.000843,0.000586
2002,24,0.000417,0.000624,0.00052
2002,25,0.000204,0.000753,0.000477
2002,26,0.000313,0.000724,0.000517
2002,27,0.000298,0.001288,0.000791
2002,28,0.000414,0.000855,0.000634
2002,29,0.000339,0.000889,0.000612
2002,30,0.000341,0.000845,0.000591
2002,31,0.00049,0.000977,0.000732
2002,32,0.000283,0.000971,0.000624
2002,33,0.000508,0.00079,0.000648
2002,34,0.000414,0.000951,0.000682
2002,35,0.000521,0.001027,0.000774
2002,36,0.000574,0.000932,0.000754
2002,37,0.000549,0.001015,0.000784
2002,38,0.000427,0.001288,0.000861
2002,39,0.000708,0.001552,0.001133
2002,40,0.000964,0.001572,0.00127
2002,41,0.000903,0.001565,0.001236
2002,42,0.000871,0.001597,0.001237
2002,43,0.001119,0.001636,0.00138
2002,44,0.001332,0.001796,0.001567
2002,45,0.001365,0.002,0.001687
2002,46,0.00172,0.00238,0.002054
2002,47,0.001603,0.002873,0.002242
2002,48,0.001716,0.002506,0.002111
2002,49,0.002007,0.003527,0.002768
2002,50,0.001793,0.003076,0.002436
2002,51,0.002043,0.003863,0.002958
2002,52,0.00246,0.003915,0.003192
2002,53,0.002824,0.0045,0.003663
2002,54,0.002996,0.005158,0.004076
2002,55,0.002822,0.005338,0.004082
2002,56,0.003359,0.005525,0.004448
2002,57,0.003914,0.006947,0.005437
2002,58,0.003911,0.007054,0.005478
2002,59,0.004219,0.007934,0.006066
2002,60,0.004805,0.009225,0.006985
2002,61,0.005009,0.010581,0.007723
2002,62,0.005571,0.010004,0.007715
2002,63,0.006115,0.011941,0.008924
2002,64,0.006335,0.011774,0.008946
2002,65,0.00693,0.013655,0.010119
2002,66,0.007448,0.014674,0.010847
2002,67,0.008456,0.016146,0.012052
2002,68,0.00867,0.017864,0.012906
2002,69,0.009748,0.0205,0.014631
2002,70,0.012398,0.025504,0.018311
2002,71,0.013421,0.026196,0.019098
2002,72,0.013322,0.029159,0.02022
2002,73,0.015762,0.031603,0.022536
2002,74,0.017869,0.034316,0.024821
2002,75,0.019999,0.036116,0.026696
2002,76,0.021803,0.04323,0.03052
2002,77,0.025949,0.048851,0.035071
2002,78,0.027995,0.053153,0.037861
2002,79,0.035587,0.059906,0.045039
2002,80,0.041005,0.068199,0.051341
2002,81,0.046252,0.072883,0.056206
2002,82,0.05416,0.08744,0.066403
2002,83,0.062344,0.099337,0.075619
2002,84,0.071155,0.104231,0.08267
2002,85,0.085355,0.120117,0.097058
2002,86,0.097922,0.136826,0.110611
2002,87,0.107296,0.14907,0.120362
2002,88,0.129251,0.163285,0.139518
2002,89,0.145621,0.17879,0.155184
2002,90,0.163418,0.205693,0.174829
2003,0,0.004096,0.004489,0.004298
2003,1,0.000229,0.00027,0.00025
2003,2,0.000254,0.000239,0.000246
2003,3,2.7e-05,0.000155,9.3e-05
2003,4,0.000212,0.000151,0.000181
2003,5,0.000104,0.000124,0.000114
2003,6,2.5e-05,0.000168,9.8e-05
2003,7,7.5e-05,7.1e-05,7.3e-05
2003,8,0.0001,0.000118,0.000109
2003,9,7.4e-05,0.000116,9.6e-05
2003,10,7.1e-05,9e-05,8.1e-05
2003,11,1e-10,0.000109,5.6e-05
2003,12,9.3e-05,0.000154,0.000124
2003,13,9.3e-05,0.000155,0.000125
2003,14,0.000259,0.000268,0.000263
2003,15,0.000287,0.000249,0.000268
2003,16,4.9e-05,0.000255,0.000154
2003,17,0.000194,0.000487,0.000343
2003,18,0.000289,0.000826,0.000564
2003,19,0.000316,0.000927,0.000629
2003,20,0.000213,0.001128,0.000676
2003,21,0.00014,0.000709,0.000427
2003,22,0.000347,0.000868,0.000609
2003,23,0.000206,0.000873,0.000539
2003,24,0.000252,0.000895,0.000573
2003,25,0.000383,0.000589,0.000485
2003,26,0.00044,0.000736,0.000587
2003,27,0.000239,0.000708,0.000471
2003,28,0.00027,0.000672,0.00047
2003,29,0.000263,0.000983,0.000621
2003,30,0.00047,0.000794,0.000631
2003,31,0.000372,0.000565,0.000468
2003,32,0.000376,0.001072,0.000721
2003,33,0.000489,0.00078,0.000634
2003,34,0.000436,0.000951,0.000692
2003,35,0.000657,0.000842,0.000749
2003,36,0.000517,0.00118,0.000848
2003,37,0.000555,0.001097,0.000828
2003,38,0.000499,0.00107,0.000787
2003,39,0.000675,0.001389,0.001035
2003,40,0.000817,0.001119,0.000969
2003,41,0.000778,0.001208,0.000994
2003,42,0.000798,0.001426,0.001114
2003,43,0.001215,0.001867,0.001543
2003,44,0.00078,0.001892,0.001341
2003,45,0.001202,0.002381,0.001798
2003,46,0.001512,0.001854,0.001685
2003,47,0.001681,0.002525,0.002109
2003,48,0.001348,0.002275,0.001814
2003,49,0.001838,0.003007,0.002423
2003,50,0.001848,0.003034,0.002441
2003,51,0.002539,0.00352,0.00303
2003,52,0.002029,0.004533,0.003287
2003,53,0.002303,0.004644,0.003479
2003,54,0.002729,0.005481,0.004105
2003,55,0.003067,0.005312,0.004188
2003,56,0.003624,0.006247,0.004936
2003,57,0.003695,0.006327,0.005016
2003,58,0.003981,0.007271,0.00563
2003,59,0.004732,0.008237,0.006476
2003,60,0.004796,0.00859,0.006676
2003,61,0.004691,0.01014,0.007371
2003,62,0.005576,0.009874,0.007662
2003,63,0.005839,0.011158,0.008402
2003,64,0.006312,0.011773,0.008937
2003,65,0.007024,0.013378,0.010052
2003,66,0.008144,0.015346,0.011542
2003,67,0.008517,0.017268,0.012611
2003,68,0.008489,0.017581,0.01272
2003,69,0.00988,0.020221,0.014616
2003,70,0.01185,0.020117,0.015584
2003,71,0.012477,0.023778,0.017544
2003,72,0.014875,0.026801,0.020137
2003,73,0.01585,0.033066,0.023281
2003,74,0.017598,0.03393,0.024515
2003,75,0.020924,0.039171,0.028561
2003,76,0.022233,0.042199,0.030443
2003,77,0.02687,0.046147,0.034622
2003,78,0.028496,0.052646,0.037986
2003,79,0.035529,0.05926,0.044687
2003,80,0.040182,0.067808,0.050755
2003,81,0.045093,0.077409,0.05715
2003,82,0.054546,0.080599,0.064109
2003,83,0.063636,0.101254,0.077178
2003,84,0.076288,0.116541,0.090391
2003,85,0.085525,0.123221,0.098334
2003,86,0.098875,0.140584,0.11259
2003,87,0.110242,0.160538,0.126187
2003,88,0.130366,0.168239,0.141878
2003,89,0.144092,0.194599,0.15887
2003,90,0.167277,0.21042,0.179299
2004,0,0.003709,0.004914,0.004327
2004,1,0.000571,0.000511,0.00054
2004,2,0.00017,0.000187,0.000179
2004,3,0.000196,0.000237,0.000217
2004,4,8.2e-05,0.000128,0.000106
2004,5,7.9e-05,7.5e-05,7.7e-05
2004,6,0.000156,0.000123,0.000139
2004,7,0.000101,0.000119,0.00011
2004,8,0.0001,9.4e-05,9.7e-05
2004,9,0.000173,4.7e-05,0.000109
2004,10,9.8e-05,0.000116,0.000107
2004,11,9.4e-05,0.000112,0.000103
2004,12,0.000138,0.000174,0.000156
2004,13,0.000208,0.000131,0.000168
2004,14,0.000186,0.000154,0.000169
2004,15,0.000117,0.000199,0.000159
2004,16,0.000119,0.000494,0.000312
2004,17,0.000242,0.000529,0.000389
2004,18,0.000335,0.000575,0.000458
2004,19,0.000308,0.000865,0.000593
2004,20,0.000239,0.000849,0.00055
2004,21,0.000209,0.000797,0.000505
2004,22,0.00032,0.000656,0.000489
2004,23,0.000203,0.000698,0.000451
2004,24,0.000291,0.000744,0.000516
2004,25,0.0002,0.000945,0.000571
2004,26,0.000286,0.000886,0.000585
2004,27,0.000193,0.000851,0.000519
2004,28,0.000404,0.000715,0.000558
2004,29,0.000305,0.000577,0.00044
2004,30,0.000298,0.000664,0.00048
2004,31,0.000444,0.000897,0.000669
2004,32,0.000477,0.000929,0.000702
2004,33,0.000603,0.000539,0.000571
2004,34,0.000416,0.000614,0.000515
2004,35,0.000549,0.001027,0.000786
2004,36,0.000457,0.001247,0.000851
2004,37,0.00053,0.001124,0.000827
2004,38,0.000584,0.000967,0.000777
2004,39,0.00059,0.001339,0.000968
2004,40,0.000799,0.001261,0.001032
2004,41,0.000846,0.001414,0.001133
2004,42,0.000726,0.001482,0.001107
2004,43,0.000881,0.001758,0.001322
2004,44,0.00123,0.00176,0.001497
2004,45,0.001043,0.002549,0.001803
2004,46,0.001111,0.002275,0.0017
2004,47,0.001736,0.002599,0.002173
2004,48,0.001624,0.002453,0.002044
2004,49,0.001937,0.002528,0.002235
2004,50,0.00162,0.003553,0.002587
2004,51,0.002014,0.003248,0.00263
2004,52,0.002174,0.004012,0.003093
2004,53,0.002202,0.004347,0.003279
2004,54,0.003094,0.004957,0.004029
2004,55,0.002722,0.005458,0.004088
2004,56,0.003187,0.005291,0.004236
2004,57,0.003437,0.006468,0.004951
2004,58,0.003654,0.006706,0.005183
2004,59,0.004163,0.007715,0.005941
2004,60,0.00414,0.008335,0.006222
2004,61,0.005104,0.008814,0.006937
2004,62,0.004458,0.009391,0.006878
2004,63,0.005444,0.010671,0.007974
2004,64,0.005895,0.011653,0.008661
2004,65,0.006932,0.013527,0.010079
2004,66,0.007673,0.014626,0.010967
2004,67,0.007656,0.016594,0.011848
2004,68,0.00851,0.015841,0.011921
2004,69,0.010437,0.019351,0.014561
2004,70,0.011102,0.021474,0.015826
2004,71,0.012346,0.021927,0.016649
2004,72,0.014075,0.025005,0.018945
2004,73,0.01472,0.029339,0.021117
2004,74,0.016695,0.033927,0.024059
2004,75,0.018815,0.033583,0.02501
2004,76,0.021626,0.040302,0.029367
2004,77,0.024402,0.042971,0.031949
2004,78,0.028462,0.047839,0.036166
2004,79,0.03314,0.052356,0.040583
2004,80,0.037419,0.064503,0.047717
2004,81,0.040765,0.07182,0.052431
2004,82,0.051535,0.080159,0.062016
2004,83,0.058171,0.088708,0.069166
2004,84,0.067546,0.100107,0.079001
2004,85,0.080897,0.113431,0.092023
2004,86,0.092706,0.124968,0.103408
2004,87,0.103309,0.141579,0.115534
2004,88,0.121551,0.153695,0.131486
2004,89,0.141827,0.181953,0.153718
2004,90,0.156633,0.20889,0.171422
2005,0,0.003697,0.004792,0.004259
2005,1,0.000256,0.000487,0.000375
2005,2,8.5e-05,0.000187,0.000138
2005,3,8.5e-05,0.000106,9.6e-05
2005,4,0.000139,0.000157,0.000148
2005,5,8.1e-05,0.000153,0.000118
2005,6,0.000184,0.000199,0.000191
2005,7,0.000103,7.3e-05,8.8e-05
2005,8,2.5e-05,7.1e-05,4.9e-05
2005,9,2.5e-05,0.000141,8.4e-05
2005,10,7.4e-05,9.3e-05,8.4e-05
2005,11,9.7e-05,0.000115,0.000106
2005,12,7e-05,0.000156,0.000114
2005,13,6.8e-05,6.5e-05,6.7e-05
2005,14,0.000115,0.00026,0.00019
2005,15,0.000208,0.000175,0.000191
2005,16,0.000279,0.000286,0.000282
2005,17,0.000212,0.000536,0.000379
2005,18,0.000335,0.000617,0.000479
2005,19,0.000236,0.000616,0.000429
2005,20,0.000303,0.000722,0.000516
2005,21,0.000211,0.00093,0.000576
2005,22,0.000319,0.000901,0.000612
2005,23,0.000291,0.000757,0.000525
2005,24,0.000243,0.000686,0.000465
2005,25,0.000328,0.000465,0.000396
2005,26,0.000174,0.000618,0.000394
2005,27,0.000387,0.000716,0.000551
2005,28,0.000378,0.000727,0.000551
2005,29,0.000292,0.000468,0.000379
2005,30,0.00022,0.000588,0.000403
2005,31,0.000235,0.000595,0.000414
2005,32,0.000343,0.00079,0.000565
2005,33,0.000364,0.00068,0.000521
2005,34,0.000616,0.000942,0.000778
2005,35,0.000568,0.001079,0.000822
2005,36,0.000446,0.000936,0.00069
2005,37,0.000551,0.001126,0.000838
2005,38,0.00064,0.001166,0.000903
2005,39,0.000598,0.000977,0.000789
2005,40,0.000604,0.001198,0.000904
2005,41,0.000922,0.001088,0.001006
2005,42,0.001004,0.00152,0.001264
2005,43,0.000956,0.001822,0.001392
2005,44,0.000812,0.001973,0.001396
2005,45,0.001228,0.002151,0.001693
2005,46,0.001484,0.00196,0.001724
2005,47,0.00122,0.002598,0.001917
2005,48,0.001682,0.002709,0.002203
2005,49,0.002145,0.002679,0.002415
2005,50,0.001431,0.003034,0.002238
2005,51,0.001645,0.003788,0.002717
2005,52,0.00208,0.003828,0.002953
2005,53,0.002119,0.004344,0.003232
2005,54,0.002648,0.004601,0.003627
2005,55,0.002549,0.004784,0.00367
2005,56,0.002961,0.00575,0.004351
2005,57,0.003288,0.005627,0.004453
2005,58,0.003457,0.007328,0.005387
2005,59,0.004085,0.007119,0.005602
2005,60,0.004925,0.007855,0.006388
2005,61,0.004507,0.008971,0.006716
2005,62,0.005284,0.009989,0.007603
2005,63,0.005457,0.01056,0.007952
2005,64,0.006005,0.011297,0.008559
2005,65,0.006838,0.013198,0.009872
2005,66,0.00765,0.013733,0.010536
2005,67,0.007066,0.014167,0.010414
2005,68,0.008207,0.016575,0.012111
2005,69,0.009311,0.019578,0.014061
2005,70,0.011184,0.019636,0.015073
2005,71,0.011332,0.023309,0.016753
2005,72,0.012634,0.025037,0.018168
2005,73,0.014115,0.027068,0.019846
2005,74,0.016341,0.031426,0.022882
2005,75,0.017805,0.035175,0.025159
2005,76,0.021611,0.036972,0.027994
2005,77,0.022632,0.045837,0.03214
2005,78,0.026351,0.04669,0.034517
2005,79,0.031468,0.057086,0.04152
2005,80,0.03654,0.059193,0.045192
2005,81,0.045302,0.074231,0.056115
2005,82,0.050668,0.084315,0.063072
2005,83,0.058507,0.091309,0.070286
2005,84,0.065486,0.10371,0.078942
2005,85,0.079175,0.115403,0.09163
2005,86,0.094158,0.128861,0.105769
2005,87,0.103865,0.144131,0.116893
2005,88,0.119068,0.166687,0.133864
2005,89,0.136547,0.18448,0.15094
2005,90,0.157578,0.205138,0.171165
2006,0,0.003985,0.00488,0.004446
2006,1,0.000337,0.000347,0.000342
2006,2,8.5e-05,0.000135,0.00011
2006,3,0.000141,0.000159,0.00015
2006,4,0.000112,0.000132,0.000123
2006,5,0.000139,0.000104,0.000121
2006,6,5.4e-05,0.000152,0.000104
2006,7,7.8e-05,9.9e-05,8.9e-05
2006,8,5.1e-05,0.00017,0.000112
2006,9,0.00015,0.000141,0.000145
2006,10,7.4e-05,7e-05,7.2e-05
2006,11,7.4e-05,1e-10,3.6e-05
2006,12,7.2e-05,6.9e-05,7.1e-05
2006,13,9.3e-05,0.0002,0.000148
2006,14,9.1e-05,0.000258,0.000177
2006,15,0.00016,0.000216,0.000189
2006,16,0.000183,0.000238,0.000211
2006,17,0.000346,0.000394,0.000371
2006,18,0.000373,0.000644,0.000512
2006,19,0.000141,0.000726,0.000439
2006,20,0.000371,0.000565,0.000469
2006,21,4.6e-05,0.000425,0.000238
2006,22,0.000254,0.000696,0.000478
2006,23,0.000134,0.000644,0.00039
2006,24,0.00044,0.000789,0.000615
2006,25,0.000238,0.00074,0.000489
2006,26,0.000363,0.000956,0.000657
2006,27,0.000149,0.000583,0.000365
2006,28,0.000315,0.000702,0.000507
2006,29,0.000371,0.000672,0.00052
2006,30,0.000287,0.000753,0.000518
2006,31,0.000492,0.000499,0.000496
2006,32,0.000485,0.000704,0.000594
2006,33,0.000302,0.000837,0.000569
2006,34,0.000343,0.000873,0.000607
2006,35,0.000455,0.000775,0.000614
2006,36,0.000479,0.000967,0.000722
2006,37,0.000395,0.000847,0.00062
2006,38,0.000404,0.000925,0.000664
2006,39,0.000718,0.001239,0.000979
2006,40,0.000644,0.001066,0.000857
2006,41,0.000788,0.001345,0.001069
2006,42,0.000842,0.001221,0.001034
2006,43,0.000764,0.001314,0.001041
2006,44,0.000971,0.001802,0.001389
2006,45,0.001031,0.001687,0.001361
2006,46,0.001573,0.002166,0.001872
2006,47,0.001184,0.002532,0.001864
2006,48,0.001585,0.002528,0.002062
2006,49,0.001891,0.002095,0.001994
2006,50,0.001919,0.002645,0.002287
2006,51,0.002142,0.003569,0.00286
2006,52,0.002253,0.00344,0.002846
2006,53,0.002616,0.003764,0.003189
2006,54,0.00219,0.004055,0.003121
2006,55,0.002974,0.004962,0.00397
2006,56,0.003251,0.005698,0.004476
2006,57,0.003268,0.006177,0.004716
2006,58,0.003789,0.006668,0.005221
2006,59,0.003945,0.006959,0.005445
2006,60,0.00364,0.007632,0.005629
2006,61,0.005249,0.008748,0.006991
2006,62,0.004859,0.009655,0.007225
2006,63,0.00596,0.009334,0.007617
2006,64,0.005981,0.010969,0.008414
2006,65,0.006654,0.011881,0.009162
2006,66,0.006449,0.013506,0.009798
2006,67,0.007567,0.014221,0.010709
2006,68,0.008699,0.015599,0.011937
2006,69,0.009771,0.016867,0.013065
2006,70,0.010591,0.020409,0.015109
2006,71,0.011161,0.020617,0.015486
2006,72,0.012482,0.023998,0.01766
2006,73,0.014741,0.026023,0.019742
2006,74,0.01606,0.030241,0.022286
2006,75,0.017321,0.035105,0.024959
2006,76,0.020917,0.037832,0.028012
2006,77,0.025839,0.040722,0.031954
2006,78,0.026139,0.049861,0.035733
2006,79,0.030617,0.054156,0.039939
2006,80,0.033935,0.059192,0.043721
2006,81,0.038833,0.071315,0.051028
2006,82,0.045576,0.077339,0.057204
2006,83,0.057356,0.086791,0.067992
2006,84,0.06414,0.097512,0.075883
2006,85,0.076956,0.109754,0.088247
2006,86,0.088613,0.123067,0.10016
2006,87,0.101941,0.147905,0.116889
2006,88,0.115428,0.16389,0.130651
2006,89,0.134232,0.181116,0.148355
2006,90,0.15005,0.197069,0.1637
2007,0,0.003942,0.004103,0.004025
2007,1,0.000451,0.000212,0.000328
2007,2,0.000139,0.000132,0.000135
2007,3,2.8e-05,0.00016,9.6e-05
2007,4,5.6e-05,7.9e-05,6.8e-05
2007,5,0.00014,7.9e-05,0.000108
2007,6,0.00011,0.000129,0.00012
2007,7,2.7e-05,0.000126,7.8e-05
2007,8,7.8e-05,0.000123,0.000101
2007,9,5.1e-05,7.2e-05,6.2e-05
2007,10,0.000124,0.000117,0.00012
2007,11,7.4e-05,4.6e-05,6e-05
2007,12,9.8e-05,9.2e-05,9.5e-05
2007,13,2.4e-05,0.000114,7e-05
2007,14,0.000139,0.00011,0.000124
2007,15,0.000226,0.000299,0.000263
2007,16,0.000181,0.000299,0.000242
2007,17,0.000296,0.000409,0.000354
2007,18,0.000137,0.000477,0.000312
2007,19,0.000184,0.000726,0.000461
2007,20,0.000323,0.000695,0.000512
2007,21,0.000182,0.000647,0.000417
2007,22,0.000248,0.000815,0.000535
2007,23,0.000293,0.000837,0.000568
2007,24,0.000284,0.000652,0.000468
2007,25,0.000364,0.000641,0.000502
2007,26,0.000274,0.000592,0.000433
2007,27,0.00027,0.000841,0.000553
2007,28,0.000207,0.000713,0.000458
2007,29,0.000327,0.000579,0.000453
2007,30,0.000222,0.000491,0.000355
2007,31,0.000261,0.000856,0.000556
2007,32,0.000426,0.000663,0.000544
2007,33,0.000363,0.000383,0.000373
2007,34,0.000373,0.000579,0.000476
2007,35,0.000393,0.000806,0.000599
2007,36,0.00045,0.000765,0.000607
2007,37,0.000527,0.000682,0.000604
2007,38,0.000408,0.001018,0.000712
2007,39,0.00053,0.000948,0.000739
2007,40,0.000476,0.001244,0.000862
2007,41,0.000875,0.001394,0.001137
2007,42,0.0008,0.001275,0.001041
2007,43,0.000854,0.001304,0.001082
2007,44,0.000951,0.001633,0.001296
2007,45,0.000952,0.001406,0.001181
2007,46,0.000961,0.001746,0.001356
2007,47,0.001191,0.002176,0.001688
2007,48,0.001501,0.002528,0.002019
2007,49,0.001712,0.002598,0.00216
2007,50,0.001837,0.003427,0.002643
2007,51,0.00198,0.003545,0.002774
2007,52,0.002069,0.003093,0.002584
2007,53,0.002119,0.003954,0.003037
2007,54,0.002888,0.004234,0.003559
2007,55,0.003354,0.005299,0.004325
2007,56,0.003159,0.00506,0.004111
2007,57,0.003753,0.006101,0.004927
2007,58,0.003414,0.006404,0.0049
2007,59,0.004023,0.006968,0.005485
2007,60,0.004651,0.007095,0.005864
2007,61,0.004659,0.008952,0.006792
2007,62,0.004885,0.010084,0.007464
2007,63,0.005261,0.010825,0.007997
2007,64,0.006227,0.011063,0.008597
2007,65,0.00608,0.012484,0.009186
2007,66,0.006786,0.013763,0.010116
2007,67,0.007568,0.014293,0.010745
2007,68,0.008446,0.016004,0.012
2007,69,0.009858,0.017515,0.013435
2007,70,0.009748,0.019342,0.014178
2007,71,0.011176,0.02154,0.015921
2007,72,0.012589,0.023181,0.017403
2007,73,0.015477,0.027527,0.020864
2007,74,0.016016,0.027549,0.021092
2007,75,0.01749,0.032116,0.023857
2007,76,0.020728,0.035396,0.026973
2007,77,0.0215,0.038597,0.028604
2007,78,0.02575,0.046312,0.034104
2007,79,0.029861,0.053067,0.039127
2007,80,0.033183,0.058162,0.042955
2007,81,0.041536,0.067314,0.051373
2007,82,0.052081,0.073254,0.059893
2007,83,0.054475,0.088187,0.066579
2007,84,0.061424,0.094818,0.073247
2007,85,0.076448,0.109176,0.087731
2007,86,0.084109,0.126582,0.098381
2007,87,0.101227,0.144387,0.115286
2007,88,0.114775,0.161926,0.129655
2007,89,0.128802,0.183472,0.145419
2007,90,0.145027,0.193673,0.159213
2008,0,0.003778,0.004338,0.004066
2008,1,8.3e-05,0.000158,0.000122
2008,2,0.000139,0.000235,0.000188
2008,3,0.000138,0.000156,0.000147
2008,4,5.6e-05,7.9e-05,6.8e-05
2008,5,0.000138,7.8e-05,0.000107
2008,6,8.3e-05,0.000104,9.4e-05
2008,7,1e-10,0.000179,9.2e-05
2008,8,5.3e-05,0.000149,0.000103
2008,9,5.1e-05,4.9e-05,5e-05
2008,10,0.000101,7.2e-05,8.6e-05
2008,11,2.5e-05,9.3e-05,6e-05
2008,12,9.7e-05,0.000184,0.000142
2008,13,4.8e-05,9.2e-05,7.1e-05
2008,14,9.5e-05,0.000113,0.000104
2008,15,0.000115,0.000327,0.000224
2008,16,0.000156,0.00036,0.000261
2008,17,0.00027,0.000382,0.000328
2008,18,0.00018,0.000469,0.000328
2008,19,0.000224,0.000621,0.000427
2008,20,0.000269,0.000605,0.00044
2008,21,0.000158,0.000571,0.000367
2008,22,0.000244,0.00048,0.000363
2008,23,0.000109,0.000705,0.00041
2008,24,0.000304,0.000597,0.000452
2008,25,0.000295,0.000817,0.000557
2008,26,0.000308,0.000596,0.000452
2008,27,0.000222,0.000708,0.000465
2008,28,0.00028,0.000504,0.000392
2008,29,0.0003,0.000544,0.000421
2008,30,0.000338,0.000518,0.000428
2008,31,0.000294,0.000673,0.000482
2008,32,0.000372,0.000731,0.00055
2008,33,0.000398,0.000682,0.00054
2008,34,0.000431,0.000766,0.000599
2008,35,0.000386,0.000823,0.000605
2008,36,0.000282,0.000825,0.000554
2008,37,0.000632,0.000973,0.000803
2008,38,0.000453,0.000922,0.000688
2008,39,0.000647,0.000776,0.000711
2008,40,0.000462,0.000902,0.000683
2008,41,0.000645,0.001227,0.000938
2008,42,0.000589,0.001137,0.000866
2008,43,0.000917,0.00138,0.001152
2008,44,0.000987,0.001593,0.001294
2008,45,0.001136,0.00168,0.001411
2008,46,0.000964,0.002034,0.001504
2008,47,0.001293,0.002098,0.001699
2008,48,0.001582,0.002741,0.002166
2008,49,0.001162,0.00245,0.001812
2008,50,0.001583,0.003125,0.002363
2008,51,0.001818,0.002836,0.002334
2008,52,0.00202,0.003151,0.002594
2008,53,0.002268,0.003599,0.002938
2008,54,0.002849,0.004245,0.003547
2008,55,0.002982,0.004208,0.003593
2008,56,0.00248,0.004897,0.003686
2008,57,0.003321,0.005571,0.004447
2008,58,0.003434,0.006038,0.004735
2008,59,0.003768,0.00758,0.00566
2008,60,0.00468,0.00685,0.005755
2008,61,0.004763,0.007598,0.006167
2008,62,0.00526,0.009973,0.007596
2008,63,0.006097,0.010146,0.0081
2008,64,0.005486,0.011088,0.008234
2008,65,0.006204,0.011925,0.008992
2008,66,0.007235,0.013681,0.010348
2008,67,0.007031,0.013497,0.010104
2008,68,0.008798,0.017324,0.012808
2008,69,0.008815,0.016158,0.012251
2008,70,0.010256,0.017427,0.01359
2008,71,0.010662,0.019492,0.014718
2008,72,0.012733,0.022306,0.017088
2008,73,0.013505,0.025094,0.018742
2008,74,0.016364,0.027775,0.02143
2008,75,0.018015,0.030516,0.023478
2008,76,0.018978,0.034522,0.025688
2008,77,0.022613,0.040809,0.030287
2008,78,0.02394,0.042343,0.031505
2008,79,0.029334,0.047876,0.036778
2008,80,0.032942,0.055594,0.041871
2008,81,0.039635,0.06585,0.049734
2008,82,0.046007,0.073835,0.056455
2008,83,0.053193,0.086098,0.065111
2008,84,0.065267,0.091171,0.074383
2008,85,0.076913,0.112929,0.089406
2008,86,0.084928,0.124719,0.098296
2008,87,0.096662,0.130675,0.107787
2008,88,0.113619,0.157044,0.127361
2008,89,0.124599,0.177177,0.140636
2008,90,0.156054,0.20382,0.170062
2009,0,0.003818,0.004944,0.004399
2009,1,0.000322,0.000127,0.000222
2009,2,0.000164,0.000155,0.000159
2009,3,8.2e-05,0.000233,0.00016
2009,4,5.4e-05,2.6e-05,4e-05
2009,5,8.2e-05,0.00013,0.000107
2009,6,0.000164,5.2e-05,0.000106
2009,7,5.5e-05,5.1e-05,5.3e-05
2009,8,8.1e-05,0.000126,0.000104
2009,9,0.000105,0.000123,0.000114
2009,10,2.5e-05,7.2e-05,4.9e-05
2009,11,5e-05,0.000142,9.7e-05
2009,12,9.7e-05,4.6e-05,7.1e-05
2009,13,7.2e-05,0.000205,0.00014
2009,14,0.000192,9.1e-05,0.00014
2009,15,9.5e-05,0.000134,0.000115
2009,16,0.000182,0.000195,0.000189
2009,17,6.7e-05,0.000483,0.00028
2009,18,0.000244,0.000714,0.000486
2009,19,0.00033,0.00061,0.000473
2009,20,0.000218,0.000442,0.000332
2009,21,0.000285,0.000701,0.000496
2009,22,0.00011,0.000668,0.000392
2009,23,0.000193,0.000637,0.000417
2009,24,0.000211,0.000746,0.000481
2009,25,0.000294,0.000475,0.000385
2009,26,0.000243,0.000809,0.000526
2009,27,0.000217,0.000573,0.000395
2009,28,0.000195,0.000604,0.000399
2009,29,0.000213,0.000545,0.000378
2009,30,0.000233,0.000448,0.00034
2009,31,0.000232,0.000659,0.000445
2009,32,0.000344,0.000635,0.000489
2009,33,0.000345,0.000617,0.00048
2009,34,0.000316,0.000704,0.00051
2009,35,0.00035,0.000862,0.000607
2009,36,0.00029,0.001061,0.000676
2009,37,0.000486,0.00076,0.000623
2009,38,0.00027,0.001009,0.00064
2009,39,0.000631,0.000893,0.000762
2009,40,0.000673,0.001117,0.000895
2009,41,0.000646,0.001064,0.000856
2009,42,0.000717,0.001324,0.001022
2009,43,0.000616,0.0012,0.000912
2009,44,0.000698,0.001722,0.001218
2009,45,0.00092,0.001789,0.00136
2009,46,0.001208,0.001805,0.00151
2009,47,0.001382,0.001927,0.001657
2009,48,0.001353,0.002218,0.001789
2009,49,0.001526,0.002664,0.0021
2009,50,0.001739,0.002528,0.002138
2009,51,0.00158,0.003293,0.002448
2009,52,0.002152,0.003397,0.002784
2009,53,0.002172,0.004271,0.003237
2009,54,0.002959,0.004674,0.003822
2009,55,0.002736,0.004985,0.00386
2009,56,0.002988,0.005104,0.004043
2009,57,0.003078,0.004917,0.003995
2009,58,0.003632,0.006237,0.004935
2009,59,0.003703,0.006717,0.005207
2009,60,0.004042,0.006801,0.005409
2009,61,0.004706,0.008212,0.006439
2009,62,0.004729,0.007631,0.006164
2009,63,0.005493,0.010295,0.007867
2009,64,0.005593,0.01077,0.008146
2009,65,0.006427,0.011605,0.008952
2009,66,0.007502,0.011725,0.009552
2009,67,0.007628,0.013484,0.010446
2009,68,0.008142,0.016214,0.011962
2009,69,0.009046,0.015783,0.012199
2009,70,0.009346,0.018821,0.013761
2009,71,0.011527,0.018782,0.014883
2009,72,0.012857,0.021744,0.016918
2009,73,0.013723,0.025402,0.019005
2009,74,0.016583,0.028539,0.02195
2009,75,0.017512,0.030325,0.023162
2009,76,0.020565,0.035551,0.02706
2009,77,0.022565,0.041357,0.030595
2009,78,0.024394,0.042188,0.031817
2009,79,0.028795,0.047554,0.036418
2009,80,0.03415,0.056328,0.042895
2009,81,0.037767,0.068265,0.049615
2009,82,0.046441,0.07401,0.056883
2009,83,0.055131,0.080106,0.064339
2009,84,0.062061,0.09397,0.073405
2009,85,0.072065,0.105551,0.083614
2009,86,0.083781,0.1251,0.097759
2009,87,0.10074,0.131037,0.110679
2009,88,0.110852,0.151113,0.123679
2009,89,0.132294,0.180846,0.147195
2009,90,0.157265,0.206625,0.171821
2010,0,0.004178,0.003675,0.00392
2010,1,0.000132,0.000174,0.000154
2010,2,0.000185,0.000125,0.000154
2010,3,5.4e-05,0.000128,9.2e-05
2010,4,8.1e-05,0.000127,0.000105
2010,5,0.000108,0.000127,0.000118
2010,6,0.000108,5.2e-05,7.9e-05
2010,7,1e-10,2.6e-05,1.3e-05
2010,8,2.7e-05,0.000102,6.6e-05
2010,9,8e-05,2.5e-05,5.2e-05
2010,10,5.1e-05,4.8e-05,4.9e-05
2010,11,7.5e-05,4.8e-05,6.1e-05
2010,12,9.9e-05,0.000141,0.000121
2010,13,7.2e-05,0.000137,0.000105
2010,14,4.8e-05,9e-05,7e-05
2010,15,4.8e-05,0.000135,9.2e-05
2010,16,0.000187,0.000333,0.000262
2010,17,9e-05,0.000473,0.000286
2010,18,0.000306,0.000416,0.000362
2010,19,0.000304,0.000414,0.00036
2010,20,0.000129,0.000372,0.000253
2010,21,0.000214,0.000392,0.000304
2010,22,0.00017,0.000499,0.000337
2010,23,0.00017,0.000543,0.000358
2010,24,0.000125,0.000368,0.000247
2010,25,0.000162,0.000497,0.000331
2010,26,0.000202,0.000376,0.00029
2010,27,0.000234,0.000656,0.000446
2010,28,0.000305,0.000511,0.000409
2010,29,0.00034,0.000431,0.000386
2010,30,0.000283,0.000525,0.000404
2010,31,0.000266,0.000569,0.000418
2010,32,0.000323,0.000492,0.000408
2010,33,0.000321,0.000585,0.000453
2010,34,0.00036,0.000627,0.000493
2010,35,0.000424,0.000423,0.000423
2010,36,0.000293,0.000728,0.000511
2010,37,0.000557,0.000838,0.000698
2010,38,0.000535,0.000823,0.00068
2010,39,0.000554,0.000852,0.000703
2010,40,0.000692,0.000904,0.000798
2010,41,0.000604,0.001317,0.000961
2010,42,0.000485,0.001571,0.00103
2010,43,0.000883,0.001437,0.001161
2010,44,0.000979,0.001431,0.001208
2010,45,0.001041,0.001592,0.001321
2010,46,0.001081,0.001823,0.001457
2010,47,0.001187,0.002042,0.00162
2010,48,0.001198,0.002314,0.001762
2010,49,0.001801,0.002326,0.002066
2010,50,0.001558,0.002774,0.002171
2010,51,0.001563,0.002921,0.002249
2010,52,0.00216,0.003115,0.002644
2010,53,0.00272,0.003804,0.00327
2010,54,0.00235,0.003779,0.003075
2010,55,0.002871,0.004753,0.003818
2010,56,0.003074,0.00521,0.004142
2010,57,0.003122,0.005053,0.004083
2010,58,0.003756,0.005785,0.004767
2010,59,0.003588,0.006978,0.005281
2010,60,0.004088,0.007431,0.00575
2010,61,0.004578,0.007696,0.006117
2010,62,0.004849,0.008913,0.006853
2010,63,0.005764,0.009467,0.007588
2010,64,0.005756,0.009814,0.007754
2010,65,0.006014,0.011467,0.008689
2010,66,0.006789,0.01254,0.00958
2010,67,0.00758,0.013803,0.010586
2010,68,0.007542,0.016119,0.011648
2010,69,0.008164,0.01668,0.01217
2010,70,0.009803,0.017562,0.013411
2010,71,0.011,0.020805,0.015541
2010,72,0.011706,0.019966,0.0155
2010,73,0.013806,0.024013,0.018443
2010,74,0.014921,0.025655,0.019738
2010,75,0.016411,0.029237,0.022123
2010,76,0.019238,0.035631,0.026402
2010,77,0.020385,0.039124,0.02842
2010,78,0.024652,0.04418,0.032893
2010,79,0.02899,0.047956,0.03681
2010,80,0.033534,0.055681,0.042335
2010,81,0.040573,0.063449,0.049464
2010,82,0.045881,0.072773,0.05616
2010,83,0.054045,0.082807,0.064756
2010,84,0.061057,0.089073,0.0712
2010,85,0.070538,0.102859,0.081798
2010,86,0.081464,0.12079,0.094718
2010,87,0.095525,0.129714,0.106803
2010,88,0.108163,0.162499,0.125524
2010,89,0.127951,0.165709,0.139596
2010,90,0.153393,0.187582,0.1636
2011,0,0.003537,0.004167,0.003861
2011,1,0.000128,0.00017,0.000149
2011,2,0.000182,0.000196,0.000189
2011,3,0.000156,9.8e-05,0.000127
2011,4,5.3e-05,5e-05,5.2e-05
2011,5,2.7e-05,0.000151,9.1e-05
2011,6,0.000133,5.1e-05,9.1e-05
2011,7,2.7e-05,0.000154,9.2e-05
2011,8,0.000134,0.000153,0.000144
2011,9,0.000107,0.000101,0.000104
2011,10,0.000129,0.00017,0.00015
2011,11,5e-05,0.000119,8.5e-05
2011,12,9.9e-05,7.1e-05,8.5e-05
2011,13,9.8e-05,9.3e-05,9.6e-05
2011,14,2.4e-05,0.000113,7e-05
2011,15,0.000118,0.000135,0.000127
2011,16,4.7e-05,0.000179,0.000115
2011,17,0.000256,0.000419,0.000339
2011,18,0.000134,0.000382,0.000261
2011,19,0.000107,0.000552,0.000335
2011,20,0.000212,0.00055,0.000384
2011,21,0.000294,0.000446,0.000371
2011,22,8.3e-05,0.000686,0.000389
2011,23,0.000206,0.000623,0.000417
2011,24,0.000226,0.000362,0.000295
2011,25,0.000441,0.000588,0.000515
2011,26,0.000137,0.000382,0.000261
2011,27,0.000291,0.00034,0.000316
2011,28,0.000226,0.000537,0.000383
2011,29,0.000186,0.000511,0.00035
2011,30,0.000203,0.000668,0.000438
2011,31,0.000444,0.000456,0.00045
2011,32,0.000225,0.000631,0.000429
2011,33,0.000395,0.000501,0.000448
2011,34,0.000485,0.000539,0.000512
2011,35,0.000225,0.000734,0.000479
2011,36,0.000384,0.000782,0.000584
2011,37,0.000399,0.000811,0.000606
2011,38,0.000446,0.000655,0.000551
2011,39,0.000463,0.000903,0.000684
2011,40,0.000566,0.000929,0.000748
2011,41,0.000719,0.001192,0.000956
2011,42,0.000711,0.001024,0.000867
2011,43,0.000855,0.00136,0.001108
2011,44,0.000831,0.001153,0.000994
2011,45,0.001081,0.001865,0.001479
2011,46,0.001066,0.001787,0.001432
2011,47,0.001426,0.001831,0.001631
2011,48,0.001432,0.002397,0.001921
2011,49,0.001276,0.002213,0.00175
2011,50,0.001366,0.002679,0.002029
2011,51,0.001779,0.002537,0.002161
2011,52,0.001966,0.003072,0.002526
2011,53,0.002111,0.003937,0.003036
2011,54,0.002181,0.003942,0.003075
2011,55,0.002647,0.004454,0.003563
2011,56,0.002327,0.004224,0.003281
2011,57,0.003003,0.005407,0.004204
2011,58,0.003412,0.0053,0.004352
2011,59,0.003479,0.006119,0.004793
2011,60,0.003824,0.006708,0.005259
2011,61,0.004545,0.007251,0.005886
2011,62,0.005342,0.008355,0.006825
2011,63,0.005084,0.008915,0.006967
2011,64,0.005068,0.010252,0.007611
2011,65,0.006349,0.011835,0.009035
2011,66,0.007163,0.011377,0.009219
2011,67,0.00711,0.013344,0.01012
2011,68,0.008455,0.015005,0.011601
2011,69,0.008963,0.015558,0.012104
2011,70,0.009657,0.018228,0.013665
2011,71,0.010267,0.018252,0.01396
2011,72,0.011132,0.019912,0.01517
2011,73,0.013589,0.02317,0.017964
2011,74,0.01448,0.0264,0.019852
2011,75,0.017332,0.030474,0.023184
2011,76,0.018322,0.032504,0.024582
2011,77,0.019904,0.037504,0.027513
2011,78,0.023497,0.041481,0.031116
2011,79,0.028902,0.047463,0.036647
2011,80,0.031424,0.051984,0.039749
2011,81,0.036441,0.062834,0.046782
2011,82,0.042141,0.07066,0.053047
2011,83,0.052017,0.075577,0.060874
2011,84,0.058446,0.087843,0.069204
2011,85,0.070343,0.106,0.082998
2011,86,0.079294,0.114177,0.091184
2011,87,0.094693,0.13055,0.106477
2011,88,0.10187,0.145276,0.115782
2011,89,0.124303,0.168512,0.137989
2011,90,0.141623,0.191946,0.156678
2012,0,0.003771,0.003831,0.003802
2012,1,0.000151,0.000215,0.000184
2012,2,5.1e-05,0.00024,0.000148
2012,3,0.000129,0.000121,0.000125
2012,4,5.2e-05,7.3e-05,6.3e-05
2012,5,2.6e-05,5e-05,3.8e-05
2012,6,5.3e-05,5e-05,5.1e-05
2012,7,0.000185,0.000125,0.000154
2012,8,0.000107,5.1e-05,7.8e-05
2012,9,8e-05,1e-10,3.9e-05
2012,10,2.7e-05,0.000101,6.5e-05
2012,11,5.1e-05,7.2e-05,6.2e-05
2012,12,2.5e-05,4.7e-05,3.6e-05
2012,13,0.000148,0.000141,0.000145
2012,14,2.4e-05,0.000116,7.1e-05
2012,15,2.4e-05,0.000225,0.000127
2012,16,9.4e-05,0.000201,0.000149
2012,17,0.000187,0.000378,0.000285
2012,18,0.000137,0.000608,0.000379
2012,19,0.000153,0.000438,0.000299
2012,20,0.000231,0.000585,0.000411
2012,21,0.000146,0.000381,0.000265
2012,22,0.000123,0.000378,0.000253
2012,23,0.000264,0.000414,0.00034
2012,24,8e-05,0.000469,0.000277
2012,25,0.00018,0.000468,0.000326
2012,26,0.000116,0.000324,0.000221
2012,27,0.000322,0.000444,0.000384
2012,28,0.000227,0.000368,0.000298
2012,29,0.00035,0.000596,0.000474
2012,30,0.000236,0.000552,0.000395
2012,31,0.00018,0.000549,0.000366
2012,32,0.000382,0.000376,0.000379
2012,33,0.000239,0.000546,0.000394
2012,34,0.000259,0.000693,0.000477
2012,35,0.000276,0.000696,0.000486
2012,36,0.000445,0.000499,0.000472
2012,37,0.000398,0.00086,0.00063
2012,38,0.000359,0.000872,0.000617
2012,39,0.000424,0.000787,0.000607
2012,40,0.00051,0.001146,0.00083
2012,41,0.000528,0.001034,0.000782
2012,42,0.000699,0.001115,0.000908
2012,43,0.00069,0.001281,0.000986
2012,44,0.000881,0.001319,0.001101
2012,45,0.000858,0.001554,0.001209
2012,46,0.001183,0.001547,0.001368
2012,47,0.001182,0.00181,0.001501
2012,48,0.001241,0.001765,0.001507
2012,49,0.001429,0.002043,0.00174
2012,50,0.001807,0.00276,0.002289
2012,51,0.001514,0.002808,0.002167
2012,52,0.001831,0.003158,0.0025
2012,53,0.002108,0.003386,0.002754
2012,54,0.002515,0.004086,0.003311
2012,55,0.002995,0.004469,0.003742
2012,56,0.002791,0.004982,0.003901
2012,57,0.003253,0.00452,0.00389
2012,58,0.003223,0.005607,0.004413
2012,59,0.003653,0.006244,0.00494
2012,60,0.004121,0.007114,0.005605
2012,61,0.004407,0.007179,0.005782
2012,62,0.004079,0.008708,0.006366
2012,63,0.005208,0.010031,0.007574
2012,64,0.006127,0.010376,0.008209
2012,65,0.006257,0.01138,0.008756
2012,66,0.006242,0.011634,0.00887
2012,67,0.007571,0.01324,0.010326
2012,68,0.008592,0.013551,0.010977
2012,69,0.008978,0.016036,0.012355
2012,70,0.009859,0.017929,0.013685
2012,71,0.009725,0.018053,0.013601
2012,72,0.012475,0.019551,0.015732
2012,73,0.013442,0.023517,0.018051
2012,74,0.014114,0.02412,0.018651
2012,75,0.015879,0.027735,0.021187
2012,76,0.017305,0.032867,0.02418
2012,77,0.02159,0.035864,0.027835
2012,78,0.023581,0.042702,0.031764
2012,79,0.027251,0.045388,0.034855
2012,80,0.032437,0.051406,0.040268
2012,81,0.037563,0.060166,0.046599
2012,82,0.045599,0.065992,0.053465
2012,83,0.052676,0.075659,0.06134
2012,84,0.06058,0.086741,0.070247
2012,85,0.070884,0.102916,0.082383
2012,86,0.082223,0.116356,0.094065
2012,87,0.094547,0.12614,0.105082
2012,88,0.109417,0.143086,0.120189
2012,89,0.127311,0.174492,0.142028
2012,90,0.146874,0.185519,0.158464
2013,0,0.00349,0.004409,0.003964
2013,1,0.000151,0.00019,0.000171
2013,2,9.9e-05,0.000189,0.000145
2013,3,7.5e-05,7.1e-05,7.3e-05
2013,4,7.7e-05,0.000216,0.000149
2013,5,7.7e-05,0.000121,9.9e-05
2013,6,2.6e-05,0.000124,7.6e-05
2013,7,0.000105,9.9e-05,0.000102
2013,8,5.2e-05,5e-05,5.1e-05
2013,9,5.3e-05,5e-05,5.2e-05
2013,10,7.9e-05,5e-05,6.4e-05
2013,11,0.000132,7.5e-05,0.000102
2013,12,0.000102,4.8e-05,7.4e-05
2013,13,4.9e-05,0.000117,8.4e-05
2013,14,2.5e-05,0.000116,7.2e-05
2013,15,0.000145,0.000184,0.000165
2013,16,0.000164,0.000334,0.000252
2013,17,0.00014,0.000243,0.000193
2013,18,0.000207,0.000437,0.000325
2013,19,0.000157,0.00049,0.000327
2013,20,0.000171,0.000308,0.000241
2013,21,0.000144,0.000556,0.000353
2013,22,0.000102,0.000472,0.00029
2013,23,0.0002,0.00033,0.000266
2013,24,0.000157,0.000478,0.00032
2013,25,0.000194,0.000531,0.000365
2013,26,0.000193,0.000415,0.000305
2013,27,0.000187,0.00059,0.00039
2013,28,0.000202,0.000612,0.000409
2013,29,7.4e-05,0.000538,0.000309
2013,30,0.000252,0.00044,0.000347
2013,31,0.000142,0.000592,0.000369
2013,32,0.000301,0.000277,0.000289
2013,33,0.000286,0.000736,0.000513
2013,34,0.00029,0.000644,0.000468
2013,35,0.000309,0.000682,0.000497
2013,36,0.000435,0.000431,0.000433
2013,37,0.000439,0.000601,0.00052
2013,38,0.000589,0.000849,0.00072
2013,39,0.000551,0.000756,0.000654
2013,40,0.000473,0.000968,0.000722
2013,41,0.000675,0.001248,0.000964
2013,42,0.000623,0.001039,0.000832
2013,43,0.000661,0.001184,0.000924
2013,44,0.000889,0.00144,0.001166
2013,45,0.000846,0.00166,0.001255
2013,46,0.001037,0.001857,0.001451
2013,47,0.001118,0.001715,0.001421
2013,48,0.001267,0.002248,0.001766
2013,49,0.001222,0.001729,0.001479
2013,50,0.001411,0.002188,0.001804
2013,51,0.00166,0.002692,0.002182
2013,52,0.001795,0.00318,0.002494
2013,53,0.00212,0.003477,0.002804
2013,54,0.002374,0.003717,0.003053
2013,55,0.002629,0.004326,0.003488
2013,56,0.002454,0.004685,0.003584
2013,57,0.003209,0.005364,0.0043
2013,58,0.003387,0.005765,0.004581
2013,59,0.00375,0.006227,0.004984
2013,60,0.004153,0.006893,0.00551
2013,61,0.00462,0.007982,0.006283
2013,62,0.004608,0.007418,0.005998
2013,63,0.004646,0.008624,0.006604
2013,64,0.005449,0.010556,0.007948
2013,65,0.006424,0.010863,0.008588
2013,66,0.006084,0.011849,0.008884
2013,67,0.007492,0.011583,0.009479
2013,68,0.008366,0.01414,0.011163
2013,69,0.008239,0.015441,0.011689
2013,70,0.009812,0.017226,0.013345
2013,71,0.010748,0.017702,0.01403
2013,72,0.011099,0.021008,0.01569
2013,73,0.013407,0.023019,0.017806
2013,74,0.014303,0.025816,0.019537
2013,75,0.015151,0.026943,0.020465
2013,76,0.017961,0.030602,0.023577
2013,77,0.021692,0.035761,0.027864
2013,78,0.023842,0.038604,0.030241
2013,79,0.026759,0.042921,0.033606
2013,80,0.031184,0.052548,0.040067
2013,81,0.036996,0.061562,0.047015
2013,82,0.044735,0.064617,0.052572
2013,83,0.047892,0.078823,0.059646
2013,84,0.060605,0.093217,0.072677
2013,85,0.071158,0.098185,0.080969
2013,86,0.083226,0.114317,0.094163
2013,87,0.094725,0.130758,0.106987
2013,88,0.108554,0.144204,0.120147
2013,89,0.127391,0.155665,0.13621
2013,90,0.146874,0.19763,0.1623
2014,0,0.003536,0.004559,0.004063
2014,1,0.000199,0.00021,0.000205
2014,2,2.5e-05,9.4e-05,6e-05
2014,3,0.000148,7e-05,0.000108
2014,4,0.000124,2.4e-05,7.2e-05
2014,5,2.5e-05,2.4e-05,2.5e-05
2014,6,5.1e-05,2.4e-05,3.7e-05
2014,7,7.7e-05,4.9e-05,6.3e-05
2014,8,2.6e-05,9.8e-05,6.3e-05
2014,9,2.6e-05,9.8e-05,6.3e-05
2014,10,7.8e-05,0.000125,0.000102
2014,11,0.000104,5e-05,7.6e-05
2014,12,7.8e-05,4.9e-05,6.3e-05
2014,13,0.000101,7.1e-05,8.5e-05
2014,14,9.8e-05,6.9e-05,8.3e-05
2014,15,0.000219,0.000115,0.000166
2014,16,0.00012,0.000341,0.000233
2014,17,4.7e-05,0.000287,0.00017
2014,18,0.00016,0.000412,0.000289
2014,19,6.7e-05,0.000385,0.00023
2014,20,8.8e-05,0.000398,0.000246
2014,21,0.000189,0.000344,0.000268
2014,22,0.000281,0.000389,0.000336
2014,23,0.000178,0.000326,0.000253
2014,24,0.000136,0.000396,0.000268
2014,25,0.000133,0.00052,0.000329
2014,26,0.000263,0.000514,0.00039
2014,27,0.00013,0.000438,0.000286
2014,28,0.00029,0.000465,0.000379
2014,29,0.000232,0.000437,0.000335
2014,30,0.000323,0.000489,0.000407
2014,31,0.000246,0.000378,0.000313
2014,32,0.000226,0.000528,0.000378
2014,33,0.000365,0.000662,0.000515
2014,34,0.000299,0.000621,0.000461
2014,35,0.000285,0.00051,0.000398
2014,36,0.000305,0.000458,0.000382
2014,37,0.000357,0.000832,0.000596
2014,38,0.000452,0.000664,0.000558
2014,39,0.000477,0.001046,0.000763
2014,40,0.000563,0.000936,0.000751
2014,41,0.000538,0.000802,0.000671
2014,42,0.000468,0.001118,0.000796
2014,43,0.000829,0.001413,0.001123
2014,44,0.000737,0.001173,0.000956
2014,45,0.000729,0.001183,0.000957
2014,46,0.000887,0.001359,0.001125
2014,47,0.000957,0.001725,0.001345
2014,48,0.001293,0.001852,0.001577
2014,49,0.001114,0.002053,0.001592
2014,50,0.00149,0.002877,0.002194
2014,51,0.001407,0.002634,0.002029
2014,52,0.001689,0.002876,0.002289
2014,53,0.002026,0.003196,0.002616
2014,54,0.002173,0.003178,0.00268
2014,55,0.002905,0.003637,0.003275
2014,56,0.002705,0.004838,0.003784
2014,57,0.002689,0.004687,0.003701
2014,58,0.003181,0.006085,0.00465
2014,59,0.003098,0.005864,0.004485
2014,60,0.003436,0.006617,0.005015
2014,61,0.004069,0.006881,0.005457
2014,62,0.004582,0.007583,0.006063
2014,63,0.004721,0.008887,0.006774
2014,64,0.004903,0.009489,0.007155
2014,65,0.005563,0.011278,0.008344
2014,66,0.006848,0.012018,0.009355
2014,67,0.007356,0.01311,0.010141
2014,68,0.007575,0.013976,0.010674
2014,69,0.008317,0.015439,0.011753
2014,70,0.009135,0.016267,0.012537
2014,71,0.010714,0.018522,0.014417
2014,72,0.011719,0.019297,0.015281
2014,73,0.012836,0.021728,0.016932
2014,74,0.013918,0.023469,0.018263
2014,75,0.014733,0.02581,0.019737
2014,76,0.017876,0.031368,0.023912
2014,77,0.021123,0.033601,0.026629
2014,78,0.022465,0.035207,0.028012
2014,79,0.026334,0.040812,0.032554
2014,80,0.03019,0.051484,0.039101
2014,81,0.037761,0.057186,0.045741
2014,82,0.04103,0.065217,0.050774
2014,83,0.044722,0.073315,0.055817
2014,84,0.059319,0.080436,0.067195
2014,85,0.064278,0.094777,0.075377
2014,86,0.077362,0.114637,0.090612
2014,87,0.090464,0.126667,0.102925
2014,88,0.105404,0.136742,0.11582
2014,89,0.122865,0.158977,0.134336
2014,90,0.140656,0.173744,0.150715
2015,0,0.003367,0.004628,0.004016
2015,1,0.000316,0.000253,0.000283
2015,2,0.000123,0.000162,0.000143
2015,3,7.4e-05,0.000116,9.6e-05
2015,4,4.9e-05,7e-05,5.9e-05
2015,5,2.5e-05,7e-05,4.8e-05
2015,6,0.000175,9.4e-05,0.000133
2015,7,5e-05,0.000118,8.5e-05
2015,8,5.1e-05,2.4e-05,3.7e-05
2015,9,7.7e-05,7.3e-05,7.5e-05
2015,10,5.1e-05,2.4e-05,3.7e-05
2015,11,0.000129,5e-05,8.9e-05
2015,12,7.8e-05,9.8e-05,8.8e-05
2015,13,0.000129,0.000147,0.000138
2015,14,0.0001,9.4e-05,9.7e-05
2015,15,0.000121,0.000183,0.000153
2015,16,0.00012,0.00032,0.000223
2015,17,9.5e-05,0.000225,0.000162
2015,18,0.000137,0.00039,0.000267
2015,19,0.000178,0.000551,0.000369
2015,20,8.8e-05,0.000484,0.00029
2015,21,8.6e-05,0.000618,0.000358
2015,22,0.000102,0.000475,0.000292
2015,23,0.000195,0.000474,0.000337
2015,24,0.000154,0.000484,0.000321
2015,25,9.4e-05,0.000531,0.000315
2015,26,0.000239,0.000486,0.000364
2015,27,5.4e-05,0.000533,0.000296
2015,28,0.000162,0.000478,0.000322
2015,29,0.000212,0.000452,0.000333
2015,30,0.000174,0.000359,0.000267
2015,31,0.000228,0.000529,0.00038
2015,32,0.000379,0.000572,0.000477
2015,33,0.00029,0.000502,0.000397
2015,34,0.000239,0.000518,0.00038
2015,35,0.00026,0.000441,0.000351
2015,36,0.000422,0.000727,0.000576
2015,37,0.000354,0.000678,0.000517
2015,38,0.000407,0.000629,0.000518
2015,39,0.000608,0.000815,0.000712
2015,40,0.000437,0.000706,0.000573
2015,41,0.00047,0.000875,0.000674
2015,42,0.000481,0.000962,0.000724
2015,43,0.000713,0.001336,0.001027
2015,44,0.000872,0.001211,0.001042
2015,45,0.000892,0.001181,0.001037
2015,46,0.000941,0.001893,0.00142
2015,47,0.001051,0.001471,0.001263
2015,48,0.001149,0.001777,0.001466
2015,49,0.001275,0.002356,0.001824
2015,50,0.001468,0.002564,0.002025
2015,51,0.001711,0.002524,0.002123
2015,52,0.001886,0.002634,0.002265
2015,53,0.001947,0.002925,0.002442
2015,54,0.002261,0.003265,0.002768
2015,55,0.002245,0.004363,0.003313
2015,56,0.002682,0.004394,0.003546
2015,57,0.00253,0.004342,0.003446
2015,58,0.003421,0.005331,0.004387
2015,59,0.003332,0.005748,0.004552
2015,60,0.004045,0.006672,0.005357
2015,61,0.003954,0.007288,0.005603
2015,62,0.004372,0.008789,0.006548
2015,63,0.00422,0.008551,0.006348
2015,64,0.005472,0.010676,0.008031
2015,65,0.005921,0.0096,0.007716
2015,66,0.007381,0.011458,0.009356
2015,67,0.006703,0.012993,0.009741
2015,68,0.007981,0.01444,0.011094
2015,69,0.008562,0.015178,0.011751
2015,70,0.009231,0.017138,0.013029
2015,71,0.010225,0.018371,0.014091
2015,72,0.011345,0.020569,0.015701
2015,73,0.012184,0.023053,0.017265
2015,74,0.015439,0.024983,0.019811
2015,75,0.016896,0.027719,0.021788
2015,76,0.019342,0.030409,0.024307
2015,77,0.021031,0.03546,0.027439
2015,78,0.023535,0.039857,0.030682
2015,79,0.025488,0.044005,0.033476
2015,80,0.032768,0.050183,0.040154
2015,81,0.035605,0.05876,0.04518
2015,82,0.041626,0.067756,0.052213
2015,83,0.052224,0.071518,0.059894
2015,84,0.055461,0.087077,0.067532
2015,85,0.068072,0.095397,0.078083
2015,86,0.07937,0.10704,0.089247
2015,87,0.097128,0.129355,0.108347
2015,88,0.106436,0.148523,0.120588
2015,89,0.124005,0.169576,0.138784
2015,90,0.146111,0.196029,0.16148
2016,0,0.003788,0.003364,0.00357
2016,1,9.5e-05,9e-05,9.3e-05
2016,2,0.00012,0.000114,0.000117
2016,3,0.000122,1e-10,5.9e-05
2016,4,7.3e-05,0.000115,9.5e-05
2016,5,2.4e-05,4.6e-05,3.5e-05
2016,6,9.7e-05,2.3e-05,5.9e-05
2016,7,1e-10,7e-05,3.6e-05
2016,8,5e-05,7e-05,6e-05
2016,9,0.000101,2.4e-05,6.2e-05
2016,10,5.1e-05,7.2e-05,6.2e-05
2016,11,7.6e-05,4.8e-05,6.2e-05
2016,12,5.1e-05,9.8e-05,7.5e-05
2016,13,5.1e-05,9.7e-05,7.5e-05
2016,14,0.000205,0.000145,0.000174
2016,15,0.000123,0.000139,0.000132
2016,16,7.2e-05,9e-05,8.1e-05
2016,17,0.000143,0.000224,0.000185
2016,18,0.000209,0.00024,0.000225
2016,19,0.000112,0.000333,0.000226
2016,20,0.000153,0.000311,0.000234
2016,21,0.000151,0.000349,0.000252
2016,22,0.000189,0.000441,0.000318
2016,23,0.0001,0.000364,0.000235
2016,24,0.000228,0.000679,0.000457
2016,25,0.000243,0.000487,0.000367
2016,26,0.000127,0.000496,0.000314
2016,27,0.000142,0.000523,0.000335
2016,28,0.000335,0.000448,0.000392
2016,29,0.000229,0.000396,0.000313
2016,30,0.000207,0.00034,0.000274
2016,31,0.000341,0.000568,0.000456
2016,32,0.000224,0.000436,0.000331
2016,33,0.000356,0.000364,0.00036
2016,34,0.00037,0.000528,0.00045
2016,35,0.000422,0.000543,0.000484
2016,36,0.000325,0.000586,0.000457
2016,37,0.000435,0.000548,0.000492
2016,38,0.000491,0.000637,0.000564
2016,39,0.000263,0.000778,0.000522
2016,40,0.000673,0.00072,0.000697
2016,41,0.000607,0.000905,0.000757
2016,42,0.000536,0.001209,0.000875
2016,43,0.000631,0.000921,0.000778
2016,44,0.000759,0.001182,0.000972
2016,45,0.000931,0.001141,0.001037
2016,46,0.000698,0.001411,0.001056
2016,47,0.001137,0.001901,0.001521
2016,48,0.001109,0.001483,0.001297
2016,49,0.001433,0.001612,0.001523
2016,50,0.001333,0.0025,0.001926
2016,51,0.001244,0.002322,0.001791
2016,52,0.001427,0.002775,0.00211
2016,53,0.002012,0.003211,0.002619
2016,54,0.00216,0.003328,0.00275
2016,55,0.002482,0.003524,0.003007
2016,56,0.002355,0.004234,0.003301
2016,57,0.002974,0.004753,0.003871
2016,58,0.002783,0.004465,0.003632
2016,59,0.003288,0.005523,0.004417
2016,60,0.003846,0.005768,0.004812
2016,61,0.004008,0.006609,0.005303
2016,62,0.004301,0.007938,0.006097
2016,63,0.004621,0.007777,0.00617
2016,64,0.005151,0.010057,0.007557
2016,65,0.005907,0.01072,0.008257
2016,66,0.006649,0.011227,0.008872
2016,67,0.007561,0.012313,0.009855
2016,68,0.006945,0.012896,0.009808
2016,69,0.008758,0.013377,0.010975
2016,70,0.008643,0.015233,0.011807
2016,71,0.010764,0.017447,0.01396
2016,72,0.011929,0.019503,0.015507
2016,73,0.012386,0.020375,0.01614
2016,74,0.013375,0.022967,0.017834
2016,75,0.015561,0.025723,0.020189
2016,76,0.017418,0.029761,0.022959
2016,77,0.020126,0.030186,0.024609
2016,78,0.021727,0.034141,0.027198
2016,79,0.025935,0.039251,0.031717
2016,80,0.03216,0.047414,0.038676
2016,81,0.032943,0.054253,0.041885
2016,82,0.042227,0.061145,0.049937
2016,83,0.048563,0.068641,0.056597
2016,84,0.054968,0.083226,0.066034
2016,85,0.063229,0.092498,0.074208
2016,86,0.071338,0.110014,0.085216
2016,87,0.088847,0.119736,0.099653
2016,88,0.098759,0.135012,0.111089
2016,89,0.122792,0.153768,0.132944
2016,90,0.134012,0.180658,0.148675
2017,0,0.003153,0.00404,0.003608
2017,1,0.000188,0.0002,0.000194
2017,2,4.7e-05,0.000223,0.000138
2017,3,9.6e-05,0.000158,0.000128
2017,4,9.7e-05,9.1e-05,9.4e-05
2017,5,4.9e-05,9.1e-05,7.1e-05
2017,6,7.2e-05,2.3e-05,4.7e-05
2017,7,4.8e-05,9.2e-05,7e-05
2017,8,4.9e-05,6.9e-05,5.9e-05
2017,9,4.9e-05,4.6e-05,4.8e-05
2017,10,7.5e-05,7.1e-05,7.3e-05
2017,11,7.6e-05,4.8e-05,6.1e-05
2017,12,5e-05,4.8e-05,4.9e-05
2017,13,0.000178,0.000122,0.000149
2017,14,2.5e-05,7.2e-05,4.9e-05
2017,15,2.5e-05,9.6e-05,6.2e-05
2017,16,9.8e-05,0.000206,0.000154
2017,17,9.5e-05,0.000243,0.000172
2017,18,0.000187,0.000457,0.000327
2017,19,0.00025,0.0004,0.000328
2017,20,4.4e-05,0.000409,0.000233
2017,21,2.1e-05,0.000528,0.000282
2017,22,0.00017,0.000482,0.00033
2017,23,0.000206,0.000429,0.00032
2017,24,0.000194,0.000373,0.000286
2017,25,0.000167,0.000518,0.000345
2017,26,0.000145,0.000315,0.000232
2017,27,0.000247,0.000379,0.000314
2017,28,0.000139,0.000424,0.000283
2017,29,0.000361,0.000571,0.000468
2017,30,0.000224,0.000355,0.00029
2017,31,0.000237,0.000484,0.000362
2017,32,0.000268,0.00051,0.00039
2017,33,0.000187,0.000579,0.000385
2017,34,0.000201,0.000654,0.00043
2017,35,0.000366,0.000554,0.000461
2017,36,0.000452,0.000538,0.000495
2017,37,0.000356,0.000697,0.000528
2017,38,0.000535,0.000866,0.000702
2017,39,0.000469,0.0007,0.000585
2017,40,0.000348,0.000567,0.000458
2017,41,0.000475,0.000873,0.000675
2017,42,0.00062,0.000986,0.000804
2017,43,0.000619,0.000898,0.000759
2017,44,0.000611,0.001519,0.001068
2017,45,0.000739,0.001614,0.00118
2017,46,0.000736,0.001265,0.001002
2017,47,0.000806,0.00147,0.00114
2017,48,0.001119,0.002004,0.001564
2017,49,0.001531,0.001977,0.001756
2017,50,0.001373,0.002234,0.001807
2017,51,0.001318,0.002417,0.001875
2017,52,0.001644,0.003204,0.002436
2017,53,0.001684,0.002841,0.00227
2017,54,0.001939,0.003499,0.002728
2017,55,0.002538,0.003727,0.003138
2017,56,0.002292,0.004323,0.003315
2017,57,0.002521,0.004332,0.003432
2017,58,0.003029,0.004689,0.003865
2017,59,0.003284,0.00589,0.004598
2017,60,0.003156,0.006041,0.004608
2017,61,0.003316,0.007088,0.005207
2017,62,0.004087,0.007098,0.005582
2017,63,0.004235,0.008536,0.00635
2017,64,0.005157,0.008898,0.00699
2017,65,0.005972,0.009327,0.007606
2017,66,0.006236,0.010771,0.008436
2017,67,0.006489,0.012776,0.00953
2017,68,0.008449,0.013067,0.010669
2017,69,0.007469,0.01453,0.010853
2017,70,0.008827,0.015524,0.012029
2017,71,0.010366,0.016891,0.013486
2017,72,0.010894,0.019685,0.015079
2017,73,0.012732,0.020484,0.016378
2017,74,0.0145,0.023621,0.018763
2017,75,0.014958,0.025652,0.019902
2017,76,0.016931,0.029735,0.022721
2017,77,0.019401,0.030972,0.024561
2017,78,0.023803,0.036549,0.029443
2017,79,0.025577,0.03913,0.03151
2017,80,0.031431,0.045458,0.037472
2017,81,0.033341,0.055707,0.042803
2017,82,0.040658,0.059584,0.048498
2017,83,0.049425,0.066646,0.056366
2017,84,0.056899,0.079806,0.065945
2017,85,0.064761,0.091043,0.074903
2017,86,0.077792,0.105262,0.087882
2017,87,0.088268,0.123696,0.100719
2017,88,0.09902,0.137992,0.112343
2017,89,0.120857,0.156428,0.132645
2017,90,0.142989,0.17531,0.153313
2018,0,0.003173,0.003491,0.003336
2018,1,0.000327,0.00029,0.000308
2018,2,0.000186,8.8e-05,0.000136
2018,3,2.4e-05,6.7e-05,4.6e-05
2018,4,0.000166,0.000112,0.000139
2018,5,2.4e-05,0.000158,9.3e-05
2018,6,4.8e-05,6.8e-05,5.8e-05
2018,7,9.5e-05,2.3e-05,5.8e-05
2018,8,4.8e-05,6.8e-05,5.8e-05
2018,9,9.7e-05,0.000138,0.000118
2018,10,0.000122,9.2e-05,0.000107
2018,11,7.5e-05,4.7e-05,6.1e-05
2018,12,2.5e-05,9.5e-05,6.1e-05
2018,13,0.00015,9.5e-05,0.000122
2018,14,7.6e-05,9.7e-05,8.6e-05
2018,15,0.000101,0.000167,0.000135
2018,16,0.000151,0.000284,0.00022
2018,17,0.000194,0.000384,0.000293
2018,18,0.000163,0.000412,0.000292
2018,19,0.00023,0.000405,0.000321
2018,20,0.000157,0.000543,0.000357
2018,21,0.000108,0.000547,0.000335
2018,22,0.00017,0.000401,0.000288
2018,23,0.000146,0.000375,0.000263
2018,24,0.000282,0.000306,0.000294
2018,25,0.000114,0.00042,0.00027
2018,26,0.000234,0.000401,0.000319
2018,27,0.000159,0.000394,0.000278
2018,28,0.00019,0.000354,0.000273
2018,29,0.000255,0.000566,0.000412
2018,30,0.000253,0.000347,0.000301
2018,31,0.000271,0.000399,0.000336
2018,32,0.000251,0.000461,0.000357
2018,33,0.000215,0.000455,0.000336
2018,34,0.000302,0.000459,0.000382
2018,35,0.000315,0.000567,0.000442
2018,36,0.000346,0.000452,0.0004
2018,37,0.000332,0.000648,0.000492
2018,38,0.000353,0.000958,0.000658
2018,39,0.000223,0.000912,0.000569
2018,40,0.000466,0.000849,0.000659
2018,41,0.000605,0.000872,0.000739
2018,42,0.000402,0.001095,0.00075
2018,43,0.000737,0.001015,0.000877
2018,44,0.000889,0.001215,0.001054
2018,45,0.000693,0.001483,0.001091
2018,46,0.001079,0.001531,0.001307
2018,47,0.000894,0.00158,0.001239
2018,48,0.001184,0.001844,0.001515
2018,49,0.001118,0.001762,0.001441
2018,50,0.001379,0.001889,0.001635
2018,51,0.001539,0.002327,0.001937
2018,52,0.001724,0.002747,0.002243
2018,53,0.001632,0.002926,0.002289
2018,54,0.002261,0.003341,0.002807
2018,55,0.002242,0.003747,0.003003
2018,56,0.002225,0.003752,0.002995
2018,57,0.002726,0.004218,0.003477
2018,58,0.003114,0.004593,0.003858
2018,59,0.003358,0.004894,0.004131
2018,60,0.003405,0.005878,0.004647
2018,61,0.004232,0.006653,0.005447
2018,62,0.004294,0.006995,0.005645
2018,63,0.004896,0.00795,0.006407
2018,64,0.005306,0.009386,0.007308
2018,65,0.005923,0.009957,0.007884
2018,66,0.00606,0.01073,0.00832
2018,67,0.006959,0.012019,0.009403
2018,68,0.007468,0.01232,0.009805
2018,69,0.00822,0.014899,0.011418
2018,70,0.008558,0.014765,0.011519
2018,71,0.009927,0.017491,0.013529
2018,72,0.010945,0.018322,0.014456
2018,73,0.012207,0.020846,0.016299
2018,74,0.01429,0.023487,0.018594
2018,75,0.015079,0.023779,0.019121
2018,76,0.016765,0.025784,0.020909
2018,77,0.019821,0.030606,0.024666
2018,78,0.023563,0.036154,0.029134
2018,79,0.023622,0.040587,0.03107
2018,80,0.028459,0.047209,0.03659
2018,81,0.033538,0.052924,0.041801
2018,82,0.039436,0.057067,0.046803
2018,83,0.047783,0.065927,0.055216
2018,84,0.056232,0.079314,0.065416
2018,85,0.062696,0.086709,0.072051
2018,86,0.074412,0.101264,0.084607
2018,87,0.086725,0.113952,0.096552
2018,88,0.102204,0.126001,0.110405
2018,89,0.113413,0.156308,0.127714
2018,90,0.134262,0.180848,0.149312
2019,0,0.003212,0.003402,0.003309
2019,1,0.00014,0.0002,0.000171
2019,2,0.000139,8.8e-05,0.000113
2019,3,2.3e-05,0.00011,6.8e-05
2019,4,7e-05,0.000176,0.000125
2019,5,7.1e-05,0.000112,9.2e-05
2019,6,9.5e-05,4.5e-05,6.9e-05
2019,7,7.2e-05,0.000158,0.000116
2019,8,0.000118,4.5e-05,8.1e-05
2019,9,1e-10,4.5e-05,2.3e-05
2019,10,4.8e-05,6.8e-05,5.9e-05
2019,11,2.4e-05,2.3e-05,2.4e-05
2019,12,0.000124,9.4e-05,0.000108
2019,13,7.5e-05,4.7e-05,6e-05
2019,14,5e-05,9.4e-05,7.3e-05
2019,15,7.5e-05,0.000335,0.000208
2019,16,0.000125,0.000142,0.000134
2019,17,0.0001,0.000188,0.000146
2019,18,0.000119,0.000289,0.000207
2019,19,0.000115,0.000469,0.000299
2019,20,9.1e-05,0.000381,0.000241
2019,21,0.000178,0.000497,0.000343
2019,22,0.000213,0.000399,0.000309
2019,23,0.000229,0.000492,0.000364
2019,24,0.000264,0.000445,0.000357
2019,25,0.000215,0.000487,0.000354
2019,26,0.000111,0.000375,0.000245
2019,27,0.00014,0.000461,0.000303
2019,28,0.000172,0.000334,0.000255
2019,29,0.000203,0.000412,0.000309
2019,30,0.000167,0.00031,0.000239
2019,31,0.000216,0.000439,0.000329
2019,32,0.000268,0.000525,0.000398
2019,33,0.000231,0.000471,0.000352
2019,34,0.000262,0.000531,0.000398
2019,35,0.000366,0.000553,0.00046
2019,36,0.000295,0.000386,0.000341
2019,37,0.000213,0.000561,0.000388
2019,38,0.000346,0.000627,0.000488
2019,39,0.000317,0.000723,0.000522
2019,40,0.000459,0.000907,0.000685
2019,41,0.000532,0.000861,0.000698
2019,42,0.000568,0.000953,0.000761
2019,43,0.000714,0.000969,0.000842
2019,44,0.0007,0.000944,0.000822
2019,45,0.000767,0.001112,0.00094
2019,46,0.000875,0.001247,0.001062
2019,47,0.000799,0.00132,0.001061
2019,48,0.001227,0.001452,0.00134
2019,49,0.001135,0.001969,0.001554
2019,50,0.001102,0.002297,0.001701
2019,51,0.001441,0.001981,0.001713
2019,52,0.001466,0.002363,0.001918
2019,53,0.001652,0.002682,0.002174
2019,54,0.001876,0.003083,0.002488
2019,55,0.002149,0.003478,0.002821
2019,56,0.002095,0.003893,0.003003
2019,57,0.002465,0.004177,0.003328
2019,58,0.002898,0.004321,0.003613
2019,59,0.002789,0.005333,0.004067
2019,60,0.003279,0.005683,0.004484
2019,61,0.003891,0.006644,0.00527
2019,62,0.004159,0.007144,0.005654
2019,63,0.004541,0.007406,0.005969
2019,64,0.005472,0.008652,0.007042
2019,65,0.005852,0.00955,0.007651
2019,66,0.006742,0.011203,0.008898
2019,67,0.005959,0.011561,0.008659
2019,68,0.006801,0.012747,0.009664
2019,69,0.008604,0.012814,0.010624
2019,70,0.009228,0.015415,0.012177
2019,71,0.010723,0.017103,0.013754
2019,72,0.012458,0.019478,0.015787
2019,73,0.01223,0.021378,0.016563
2019,74,0.014074,0.023058,0.01831
2019,75,0.015391,0.024847,0.019791
2019,76,0.017616,0.027132,0.022015
2019,77,0.019659,0.030865,0.024778
2019,78,0.021767,0.033434,0.026972
2019,79,0.024116,0.04124,0.031632
2019,80,0.028728,0.04281,0.034848
2019,81,0.033089,0.048526,0.03972
2019,82,0.039959,0.058423,0.04774
2019,83,0.046676,0.068561,0.055722
2019,84,0.052011,0.075517,0.061513
2019,85,0.060446,0.086946,0.070831
2019,86,0.074076,0.10181,0.084713
2019,87,0.083436,0.113947,0.094812
2019,88,0.098149,0.130948,0.109771
2019,89,0.114136,0.149194,0.125942
2019,90,0.132221,0.167395,0.143621
2020,0,0.003358,0.004029,0.003703
2020,1,0.000165,0.000202,0.000184
2020,2,0.000116,0.000177,0.000147
2020,3,9.3e-05,0.000132,0.000113
2020,4,0.000115,0.000109,0.000112
2020,5,7e-05,4.4e-05,5.6e-05
2020,6,9.4e-05,0.000111,0.000103
2020,7,0.000119,6.7e-05,9.2e-05
2020,8,1e-10,8.9e-05,4.6e-05
2020,9,4.7e-05,8.9e-05,6.9e-05
2020,10,7.1e-05,2.2e-05,4.6e-05
2020,11,4.8e-05,4.5e-05,4.7e-05
2020,12,2.4e-05,0.000159,9.3e-05
2020,13,0.000123,0.000163,0.000143
2020,14,0.000124,9.3e-05,0.000108
2020,15,9.9e-05,0.000258,0.00018
2020,16,0.000175,0.000214,0.000195
2020,17,0.000125,0.000329,0.00023
2020,18,0.000172,0.000345,0.000262
2020,19,0.000141,0.000459,0.000306
2020,20,0.000272,0.000591,0.000437
2020,21,0.000157,0.000461,0.000314
2020,22,0.000218,0.000406,0.000315
2020,23,0.000125,0.00045,0.000293
2020,24,0.000162,0.000501,0.000336
2020,25,0.000198,0.000511,0.000358
2020,26,0.000114,0.00031,0.000214
2020,27,0.000108,0.000505,0.000309
2020,28,0.000171,0.000466,0.000321
2020,29,0.000202,0.000491,0.000349
2020,30,0.000331,0.000436,0.000384
2020,31,0.000197,0.000337,0.000267
2020,32,0.000196,0.000576,0.000388
2020,33,0.000116,0.000533,0.000327
2020,34,0.000245,0.000401,0.000324
2020,35,0.000341,0.000478,0.00041
2020,36,0.000428,0.000595,0.000513
2020,37,0.000455,0.000796,0.000628
2020,38,0.000438,0.000715,0.000578
2020,39,0.000473,0.000671,0.000573
2020,40,0.000464,0.000522,0.000493
2020,41,0.000406,0.00075,0.000579
2020,42,0.000614,0.000839,0.000728
2020,43,0.000616,0.001033,0.000825
2020,44,0.000727,0.001154,0.000941
2020,45,0.000781,0.001326,0.001055
2020,46,0.000832,0.001325,0.00108
2020,47,0.00104,0.001509,0.001276
2020,48,0.001155,0.001751,0.001455
2020,49,0.001177,0.001814,0.001497
2020,50,0.001024,0.002173,0.001601
2020,51,0.001194,0.002496,0.001846
2020,52,0.001624,0.002978,0.002304
2020,53,0.001891,0.002711,0.002304
2020,54,0.001883,0.002984,0.002441
2020,55,0.002091,0.003503,0.002806
2020,56,0.00199,0.003826,0.002917
2020,57,0.002324,0.004254,0.003298
2020,58,0.002677,0.004518,0.003604
2020,59,0.002867,0.005135,0.004007
2020,60,0.003235,0.005988,0.004612
2020,61,0.003727,0.0064,0.005063
2020,62,0.00437,0.006891,0.00563
2020,63,0.004219,0.008403,0.006306
2020,64,0.005425,0.009502,0.007454
2020,65,0.005284,0.009808,0.0075
2020,66,0.005693,0.01065,0.008091
2020,67,0.007,0.012934,0.009855
2020,68,0.007445,0.013509,0.010356
2020,69,0.008517,0.01459,0.011431
2020,70,0.009275,0.015947,0.012464
2020,71,0.011283,0.018061,0.014499
2020,72,0.011373,0.02079,0.015826
2020,73,0.012598,0.022265,0.017158
2020,74,0.014955,0.0249,0.019641
2020,75,0.017327,0.027097,0.021908
2020,76,0.018238,0.030089,0.02372
2020,77,0.020126,0.034104,0.026543
2020,78,0.023673,0.036996,0.029715
2020,79,0.026025,0.045123,0.034477
2020,80,0.031332,0.051589,0.040128
2020,81,0.03555,0.057494,0.044997
2020,82,0.041107,0.065888,0.051624
2020,83,0.048102,0.075851,0.059636
2020,84,0.059481,0.088524,0.071308
2020,85,0.071114,0.099588,0.082429
2020,86,0.082679,0.120484,0.097244
2020,87,0.097849,0.135281,0.111906
2020,88,0.106308,0.154994,0.124043
2020,89,0.128247,0.170287,0.142801
2020,90,0.14714,0.196705,0.163373
