Year,Age,Female,Male,Total
1956,0,0.037714,0.044062,0.040968
1956,1,0.005194,0.005467,0.005334
1956,2,0.004012,0.004389,0.004205
1956,3,0.003196,0.003368,0.003284
1956,4,0.002504,0.002661,0.002584
1956,5,0.001758,0.002006,0.001885
1956,6,0.001292,0.001596,0.001447
1956,7,0.00089,0.00126,0.001079
1956,8,0.000732,0.000995,0.000866
1956,9,0.000659,0.000873,0.000768
1956,10,0.000613,0.000788,0.000702
1956,11,0.000493,0.000673,0.000584
1956,12,0.000547,0.000641,0.000594
1956,13,0.000564,0.000661,0.000613
1956,14,0.000575,0.000751,0.000664
1956,15,0.000669,0.000865,0.000768
1956,16,0.000862,0.001089,0.000976
1956,17,0.000974,0.001329,0.001152
1956,18,0.001173,0.001656,0.001415
1956,19,0.001434,0.002134,0.001785
1956,20,0.001538,0.002273,0.001906
1956,21,0.00179,0.002567,0.002178
1956,22,0.001788,0.002637,0.002212
1956,23,0.00201,0.002718,0.002364
1956,24,0.002004,0.002855,0.002429
1956,25,0.002026,0.002667,0.002346
1956,26,0.002077,0.002628,0.002352
1956,27,0.002,0.002631,0.002315
1956,28,0.002179,0.002705,0.002441
1956,29,0.002181,0.002896,0.002535
1956,30,0.002383,0.002623,0.0025
1956,31,0.002294,0.002612,0.002447
1956,32,0.002479,0.002953,0.002699
1956,33,0.002517,0.002927,0.0027
1956,34,0.00272,0.003011,0.002848
1956,35,0.002655,0.003206,0.002896
1956,36,0.002782,0.003455,0.00308
1956,37,0.002827,0.003485,0.003123
1956,38,0.002978,0.003439,0.003187
1956,39,0.003102,0.004021,0.003523
1956,40,0.003152,0.00403,0.003558
1956,41,0.003571,0.00443,0.003971
1956,42,0.003558,0.004634,0.004062
1956,43,0.00389,0.004857,0.004343
1956,44,0.004125,0.005432,0.00474
1956,45,0.00444,0.006185,0.005268
1956,46,0.004873,0.006628,0.005714
1956,47,0.005225,0.007249,0.006203
1956,48,0.005569,0.007621,0.006571
1956,49,0.005907,0.008342,0.00711
1956,50,0.006845,0.009408,0.008119
1956,51,0.007242,0.0103,0.008765
1956,52,0.007668,0.011264,0.009467
1956,53,0.008361,0.012826,0.010595
1956,54,0.008932,0.013569,0.011254
1956,55,0.009577,0.014745,0.012168
1956,56,0.010358,0.015658,0.013018
1956,57,0.011168,0.01739,0.014289
1956,58,0.013652,0.020483,0.017066
1956,59,0.013232,0.021458,0.017326
1956,60,0.015136,0.023511,0.019284
1956,61,0.016202,0.025832,0.020962
1956,62,0.017545,0.028747,0.023059
1956,63,0.020067,0.03131,0.025554
1956,64,0.02203,0.034257,0.027946
1956,65,0.023646,0.036864,0.029968
1956,66,0.026632,0.042583,0.03417
1956,67,0.030417,0.045134,0.037339
1956,68,0.032607,0.047773,0.039657
1956,69,0.039077,0.056666,0.047069
1956,70,0.041334,0.061559,0.050336
1956,71,0.047147,0.067935,0.056215
1956,72,0.051735,0.075205,0.061735
1956,73,0.056379,0.081639,0.066908
1956,74,0.063614,0.09055,0.074702
1956,75,0.070349,0.099813,0.082304
1956,76,0.076686,0.10623,0.08843
1956,77,0.086784,0.116478,0.098385
1956,78,0.092879,0.128109,0.106333
1956,79,0.10468,0.139452,0.117653
1956,80,0.118239,0.152029,0.130684
1956,81,0.12805,0.165695,0.141574
1956,82,0.139889,0.178045,0.153238
1956,83,0.156031,0.195996,0.169813
1956,84,0.17602,0.216166,0.18959
1956,85,0.180038,0.218488,0.192529
1956,86,0.200695,0.248837,0.215755
1956,87,0.21953,0.26787,0.234234
1956,88,0.249647,0.304261,0.265709
1956,89,0.270293,0.336429,0.288955
1956,90,0.290643,0.326046,0.300226
1957,0,0.0361,0.042945,0.039609
1957,1,0.005114,0.005454,0.005288
1957,2,0.003635,0.003995,0.003819
1957,3,0.002928,0.003081,0.003006
1957,4,0.002226,0.002425,0.002328
1957,5,0.001757,0.001962,0.001862
1957,6,0.001226,0.00145,0.00134
1957,7,0.00091,0.001182,0.001049
1957,8,0.000724,0.000996,0.000863
1957,9,0.000649,0.000865,0.000759
1957,10,0.000599,0.000753,0.000677
1957,11,0.000527,0.000605,0.000567
1957,12,0.000591,0.000687,0.000639
1957,13,0.000613,0.00071,0.000662
1957,14,0.000633,0.000762,0.000698
1957,15,0.000693,0.000857,0.000776
1957,16,0.000897,0.001232,0.001066
1957,17,0.000987,0.001386,0.001187
1957,18,0.001204,0.001686,0.001445
1957,19,0.001413,0.002101,0.001757
1957,20,0.00159,0.002244,0.001917
1957,21,0.001606,0.002276,0.001941
1957,22,0.001872,0.002583,0.002227
1957,23,0.001937,0.002732,0.002334
1957,24,0.002032,0.002827,0.002428
1957,25,0.002034,0.002684,0.002359
1957,26,0.001981,0.002561,0.002271
1957,27,0.002084,0.002583,0.002333
1957,28,0.002105,0.002593,0.002348
1957,29,0.002278,0.002679,0.002478
1957,30,0.00238,0.002615,0.002496
1957,31,0.002255,0.00269,0.002468
1957,32,0.00241,0.002839,0.002616
1957,33,0.002535,0.002861,0.002686
1957,34,0.002659,0.003156,0.002881
1957,35,0.002632,0.003205,0.002883
1957,36,0.002857,0.003212,0.003012
1957,37,0.002948,0.003367,0.003134
1957,38,0.003029,0.003487,0.003235
1957,39,0.003107,0.003737,0.003393
1957,40,0.003274,0.003937,0.003578
1957,41,0.00346,0.0043,0.003848
1957,42,0.003826,0.004666,0.004217
1957,43,0.003827,0.004888,0.004324
1957,44,0.004056,0.005439,0.004704
1957,45,0.004401,0.006235,0.005263
1957,46,0.00495,0.006493,0.005682
1957,47,0.005049,0.007196,0.006078
1957,48,0.005711,0.00776,0.0067
1957,49,0.006195,0.008828,0.007479
1957,50,0.006585,0.009434,0.007991
1957,51,0.007124,0.010457,0.008778
1957,52,0.00778,0.011469,0.009614
1957,53,0.008304,0.012518,0.010409
1957,54,0.008865,0.01395,0.011404
1957,55,0.009845,0.01545,0.012644
1957,56,0.010517,0.0169,0.013707
1957,57,0.011253,0.017724,0.014489
1957,58,0.012886,0.021066,0.016975
1957,59,0.013458,0.022982,0.018199
1957,60,0.014465,0.024195,0.019285
1957,61,0.016453,0.027001,0.021653
1957,62,0.018249,0.029825,0.023941
1957,63,0.020255,0.032541,0.026268
1957,64,0.022305,0.035616,0.028762
1957,65,0.024538,0.03908,0.031527
1957,66,0.026699,0.042422,0.034159
1957,67,0.030581,0.048045,0.038764
1957,68,0.034633,0.053545,0.043449
1957,69,0.037667,0.056947,0.04654
1957,70,0.044846,0.068027,0.055265
1957,71,0.047395,0.072117,0.058262
1957,72,0.054187,0.080168,0.065371
1957,73,0.059643,0.086218,0.0708
1957,74,0.066647,0.094016,0.077887
1957,75,0.074309,0.106346,0.087277
1957,76,0.082668,0.115686,0.095812
1957,77,0.087493,0.12314,0.101396
1957,78,0.101517,0.139842,0.116178
1957,79,0.108252,0.147098,0.122747
1957,80,0.122795,0.165399,0.138415
1957,81,0.137679,0.17622,0.151526
1957,82,0.146292,0.190534,0.161781
1957,83,0.161718,0.207405,0.177238
1957,84,0.183877,0.219774,0.195939
1957,85,0.201457,0.25984,0.220626
1957,86,0.219356,0.259074,0.231854
1957,87,0.238591,0.286432,0.253067
1957,88,0.261515,0.313447,0.276756
1957,89,0.284441,0.323368,0.295444
1957,90,0.302482,0.378853,0.323177
1958,0,0.033228,0.039487,0.036434
1958,1,0.004127,0.004466,0.004301
1958,2,0.003044,0.003294,0.003172
1958,3,0.002436,0.00249,0.002464
1958,4,0.001811,0.002148,0.001983
1958,5,0.001446,0.001696,0.001574
1958,6,0.001054,0.001393,0.001227
1958,7,0.000804,0.001069,0.00094
1958,8,0.000601,0.000942,0.000775
1958,9,0.000522,0.000766,0.000646
1958,10,0.000498,0.000709,0.000606
1958,11,0.00047,0.000691,0.000583
1958,12,0.000427,0.000565,0.000497
1958,13,0.000519,0.000644,0.000582
1958,14,0.000489,0.000716,0.000603
1958,15,0.000611,0.000859,0.000736
1958,16,0.000747,0.001031,0.00089
1958,17,0.0009,0.001315,0.001109
1958,18,0.00109,0.001607,0.001349
1958,19,0.00131,0.001794,0.001552
1958,20,0.001422,0.002193,0.001806
1958,21,0.001577,0.002283,0.001929
1958,22,0.001682,0.002305,0.001993
1958,23,0.001764,0.002487,0.002125
1958,24,0.001785,0.002514,0.002148
1958,25,0.001793,0.002581,0.002186
1958,26,0.001811,0.002602,0.002206
1958,27,0.001825,0.002434,0.002129
1958,28,0.001785,0.002371,0.002077
1958,29,0.001992,0.002454,0.002223
1958,30,0.001965,0.002418,0.002191
1958,31,0.001967,0.00248,0.002221
1958,32,0.002098,0.00262,0.002354
1958,33,0.002083,0.002774,0.002415
1958,34,0.002239,0.002818,0.002508
1958,35,0.002325,0.002942,0.002601
1958,36,0.002447,0.003061,0.002716
1958,37,0.002517,0.003087,0.002767
1958,38,0.002628,0.003245,0.002901
1958,39,0.002768,0.003676,0.003176
1958,40,0.003027,0.003686,0.003326
1958,41,0.002981,0.00395,0.003425
1958,42,0.003163,0.004158,0.003623
1958,43,0.003376,0.004676,0.003981
1958,44,0.003691,0.004991,0.004299
1958,45,0.004142,0.005568,0.00481
1958,46,0.004308,0.006141,0.005169
1958,47,0.004816,0.006627,0.005675
1958,48,0.005186,0.007417,0.006254
1958,49,0.005687,0.008114,0.006857
1958,50,0.00616,0.009022,0.007554
1958,51,0.006688,0.009446,0.008047
1958,52,0.006975,0.010945,0.008942
1958,53,0.007726,0.011649,0.009673
1958,54,0.008236,0.012392,0.010307
1958,55,0.009056,0.014081,0.011558
1958,56,0.009744,0.015445,0.012584
1958,57,0.01051,0.01666,0.013573
1958,58,0.011524,0.018955,0.015226
1958,59,0.012107,0.02024,0.016154
1958,60,0.013589,0.022373,0.017941
1958,61,0.014549,0.02393,0.019174
1958,62,0.016521,0.027244,0.02178
1958,63,0.017723,0.029707,0.023583
1958,64,0.019863,0.032263,0.025895
1958,65,0.021678,0.03538,0.028281
1958,66,0.024034,0.038703,0.031032
1958,67,0.02548,0.042276,0.033382
1958,68,0.030153,0.047001,0.037974
1958,69,0.034622,0.052556,0.042899
1958,70,0.037216,0.055824,0.045689
1958,71,0.044636,0.063432,0.052986
1958,72,0.047667,0.069387,0.057094
1958,73,0.053167,0.076874,0.063228
1958,74,0.059055,0.084566,0.069609
1958,75,0.064534,0.090582,0.075065
1958,76,0.072419,0.101533,0.083997
1958,77,0.080991,0.110138,0.09239
1958,78,0.086372,0.116223,0.097783
1958,79,0.097658,0.130174,0.109838
1958,80,0.106941,0.144685,0.120779
1958,81,0.120107,0.154361,0.132363
1958,82,0.128213,0.17201,0.143567
1958,83,0.141617,0.175256,0.15307
1958,84,0.15508,0.191582,0.167155
1958,85,0.167753,0.20278,0.179201
1958,86,0.193375,0.227814,0.204378
1958,87,0.19628,0.240464,0.209772
1958,88,0.217516,0.263819,0.231052
1958,89,0.246121,0.300987,0.261651
1958,90,0.269062,0.306882,0.279389
1959,0,0.030539,0.036934,0.033816
1959,1,0.003972,0.004571,0.004279
1959,2,0.002669,0.003205,0.002943
1959,3,0.002136,0.00246,0.002302
1959,4,0.001678,0.002013,0.00185
1959,5,0.001366,0.001612,0.001492
1959,6,0.001016,0.001325,0.001173
1959,7,0.000835,0.001062,0.000951
1959,8,0.000635,0.00093,0.000786
1959,9,0.000565,0.000867,0.000719
1959,10,0.000538,0.000748,0.000645
1959,11,0.000498,0.000637,0.000569
1959,12,0.000487,0.000645,0.000568
1959,13,0.00044,0.000625,0.000534
1959,14,0.000508,0.000666,0.000588
1959,15,0.000583,0.000859,0.000722
1959,16,0.000684,0.001036,0.000861
1959,17,0.000834,0.001229,0.001033
1959,18,0.00102,0.001537,0.001279
1959,19,0.001235,0.001776,0.001505
1959,20,0.001211,0.001956,0.001582
1959,21,0.001406,0.002111,0.001756
1959,22,0.001468,0.002319,0.001891
1959,23,0.001533,0.002219,0.001874
1959,24,0.001659,0.002487,0.002072
1959,25,0.001583,0.002412,0.001996
1959,26,0.001705,0.002302,0.002003
1959,27,0.00176,0.002449,0.002104
1959,28,0.001738,0.002312,0.002025
1959,29,0.001859,0.002405,0.002132
1959,30,0.00184,0.002427,0.002133
1959,31,0.001966,0.002514,0.00224
1959,32,0.00198,0.002479,0.002228
1959,33,0.002107,0.002585,0.002341
1959,34,0.002196,0.002777,0.002475
1959,35,0.002275,0.002773,0.002507
1959,36,0.002318,0.002998,0.002622
1959,37,0.002496,0.002985,0.00271
1959,38,0.002461,0.003111,0.002746
1959,39,0.002669,0.003557,0.003062
1959,40,0.002859,0.00338,0.003093
1959,41,0.003096,0.003732,0.003384
1959,42,0.003049,0.004087,0.003524
1959,43,0.003386,0.004661,0.003975
1959,44,0.00368,0.00493,0.004262
1959,45,0.00383,0.005392,0.00456
1959,46,0.004143,0.005726,0.004884
1959,47,0.004425,0.00649,0.005394
1959,48,0.004993,0.007021,0.005954
1959,49,0.005466,0.007739,0.006553
1959,50,0.005799,0.008443,0.007072
1959,51,0.006464,0.009219,0.007804
1959,52,0.00684,0.009888,0.00834
1959,53,0.007764,0.011457,0.009591
1959,54,0.008111,0.012973,0.010519
1959,55,0.008592,0.013831,0.011197
1959,56,0.009323,0.015202,0.012243
1959,57,0.010344,0.017,0.01365
1959,58,0.011607,0.019105,0.015328
1959,59,0.012072,0.019934,0.015972
1959,60,0.013093,0.021155,0.017087
1959,61,0.014686,0.024187,0.019373
1959,62,0.015161,0.026066,0.020511
1959,63,0.017645,0.028867,0.023117
1959,64,0.019563,0.032149,0.025681
1959,65,0.021329,0.034274,0.027587
1959,66,0.024252,0.038761,0.031194
1959,67,0.027027,0.042825,0.034505
1959,68,0.028788,0.045654,0.036651
1959,69,0.033618,0.051883,0.042018
1959,70,0.03722,0.057364,0.046423
1959,71,0.040953,0.061858,0.05037
1959,72,0.048234,0.071193,0.058314
1959,73,0.051823,0.076832,0.062537
1959,74,0.057846,0.083348,0.068515
1959,75,0.065024,0.091229,0.075707
1959,76,0.071369,0.099396,0.082516
1959,77,0.078412,0.108603,0.090222
1959,78,0.088934,0.124782,0.102691
1959,79,0.095048,0.128883,0.107734
1959,80,0.110042,0.146459,0.123431
1959,81,0.118451,0.157589,0.13247
1959,82,0.132966,0.172527,0.14677
1959,83,0.147286,0.187475,0.161019
1959,84,0.154415,0.20083,0.169821
1959,85,0.171402,0.209999,0.183826
1959,86,0.188208,0.233486,0.202634
1959,87,0.214165,0.258067,0.2278
1959,88,0.219183,0.261487,0.231719
1959,89,0.239224,0.294489,0.254767
1959,90,0.260923,0.310627,0.274495
1960,0,0.028155,0.034437,0.031374
1960,1,0.003418,0.003796,0.003611
1960,2,0.002363,0.002842,0.002608
1960,3,0.001754,0.002206,0.001985
1960,4,0.001469,0.001804,0.00164
1960,5,0.001207,0.001456,0.001334
1960,6,0.000897,0.001157,0.00103
1960,7,0.000662,0.000968,0.000818
1960,8,0.000605,0.000857,0.000733
1960,9,0.000501,0.000726,0.000616
1960,10,0.000441,0.000625,0.000535
1960,11,0.000424,0.000585,0.000506
1960,12,0.000477,0.000548,0.000513
1960,13,0.000417,0.000585,0.000503
1960,14,0.000388,0.000663,0.000528
1960,15,0.000477,0.000809,0.000645
1960,16,0.000624,0.001059,0.000843
1960,17,0.000786,0.001359,0.001074
1960,18,0.000927,0.001549,0.001239
1960,19,0.00113,0.001817,0.001474
1960,20,0.001228,0.00192,0.001573
1960,21,0.001267,0.001997,0.00163
1960,22,0.001427,0.002224,0.001822
1960,23,0.001442,0.002265,0.00185
1960,24,0.001462,0.002308,0.001882
1960,25,0.001518,0.002342,0.001928
1960,26,0.001516,0.002278,0.001895
1960,27,0.001571,0.002342,0.001955
1960,28,0.001669,0.002305,0.001987
1960,29,0.001543,0.002247,0.001896
1960,30,0.001667,0.00222,0.001944
1960,31,0.001674,0.002343,0.002008
1960,32,0.001867,0.002334,0.0021
1960,33,0.001871,0.002436,0.002151
1960,34,0.001967,0.002623,0.002288
1960,35,0.002013,0.002796,0.002389
1960,36,0.002145,0.002874,0.002484
1960,37,0.002285,0.002868,0.002546
1960,38,0.002339,0.003047,0.002649
1960,39,0.002631,0.003585,0.003049
1960,40,0.002737,0.003599,0.003119
1960,41,0.00288,0.003807,0.003297
1960,42,0.002811,0.004088,0.003391
1960,43,0.003112,0.00439,0.003697
1960,44,0.003472,0.004818,0.004094
1960,45,0.003843,0.005035,0.004397
1960,46,0.004133,0.0059,0.004958
1960,47,0.004461,0.006289,0.005316
1960,48,0.004936,0.006817,0.005818
1960,49,0.005379,0.007721,0.006488
1960,50,0.005592,0.008731,0.007091
1960,51,0.006126,0.009184,0.007597
1960,52,0.006668,0.010283,0.008424
1960,53,0.007412,0.011179,0.009263
1960,54,0.007963,0.012609,0.010257
1960,55,0.008524,0.013974,0.011217
1960,56,0.00906,0.015033,0.012022
1960,57,0.009785,0.016983,0.013349
1960,58,0.011308,0.018802,0.015017
1960,59,0.012135,0.019936,0.015992
1960,60,0.013077,0.022296,0.01763
1960,61,0.014138,0.02385,0.018927
1960,62,0.016246,0.026948,0.021499
1960,63,0.016809,0.029281,0.022893
1960,64,0.020353,0.032963,0.026465
1960,65,0.021307,0.036489,0.02864
1960,66,0.024261,0.038811,0.031244
1960,67,0.027139,0.044875,0.03556
1960,68,0.030207,0.047965,0.038539
1960,69,0.032939,0.051828,0.04166
1960,70,0.037285,0.058761,0.047055
1960,71,0.043206,0.066469,0.053711
1960,72,0.047208,0.069564,0.057153
1960,73,0.055432,0.080755,0.066401
1960,74,0.059178,0.086561,0.070737
1960,75,0.067517,0.097677,0.079939
1960,76,0.075226,0.105419,0.087327
1960,77,0.082765,0.116003,0.095753
1960,78,0.093344,0.127493,0.106433
1960,79,0.104137,0.139516,0.117429
1960,80,0.110788,0.150319,0.125327
1960,81,0.127779,0.172174,0.1437
1960,82,0.136551,0.175904,0.150282
1960,83,0.154973,0.198488,0.169747
1960,84,0.169602,0.215791,0.184928
1960,85,0.179723,0.229965,0.195908
1960,86,0.19807,0.242789,0.212006
1960,87,0.217312,0.267452,0.23277
1960,88,0.249651,0.292405,0.262493
1960,89,0.254424,0.301305,0.267864
1960,90,0.292481,0.342815,0.306073
1961,0,0.025746,0.032406,0.02916
1961,1,0.002881,0.003385,0.003139
1961,2,0.002057,0.002333,0.002198
1961,3,0.00156,0.001984,0.001776
1961,4,0.001314,0.001598,0.001459
1961,5,0.001011,0.001328,0.001173
1961,6,0.000705,0.001056,0.000884
1961,7,0.000637,0.000957,0.0008
1961,8,0.000497,0.000831,0.000667
1961,9,0.000479,0.000711,0.000597
1961,10,0.000404,0.000613,0.000511
1961,11,0.000404,0.000569,0.000488
1961,12,0.000359,0.000542,0.000452
1961,13,0.000386,0.000611,0.000501
1961,14,0.000441,0.000628,0.000536
1961,15,0.000467,0.000825,0.000649
1961,16,0.000584,0.001058,0.000823
1961,17,0.000716,0.001321,0.00102
1961,18,0.000859,0.001507,0.001184
1961,19,0.000987,0.001702,0.001344
1961,20,0.001103,0.001888,0.001494
1961,21,0.001163,0.001975,0.001567
1961,22,0.001178,0.002014,0.001592
1961,23,0.001301,0.002101,0.001697
1961,24,0.001315,0.002244,0.001776
1961,25,0.00138,0.002128,0.001752
1961,26,0.001396,0.002153,0.001773
1961,27,0.001431,0.002079,0.001754
1961,28,0.001429,0.002157,0.001792
1961,29,0.001476,0.002237,0.001857
1961,30,0.001536,0.002093,0.001815
1961,31,0.001679,0.002133,0.001906
1961,32,0.001701,0.002341,0.002022
1961,33,0.001709,0.002367,0.002038
1961,34,0.00196,0.002612,0.002284
1961,35,0.001941,0.002712,0.002319
1961,36,0.001933,0.002741,0.002322
1961,37,0.002068,0.002783,0.002401
1961,38,0.002287,0.00301,0.002611
1961,39,0.002365,0.003286,0.002769
1961,40,0.002544,0.003292,0.002872
1961,41,0.002691,0.003727,0.00315
1961,42,0.002792,0.003968,0.00332
1961,43,0.003144,0.004229,0.003637
1961,44,0.003213,0.004911,0.00399
1961,45,0.003579,0.004944,0.004209
1961,46,0.003865,0.005437,0.004595
1961,47,0.004037,0.006321,0.005103
1961,48,0.004423,0.006776,0.005523
1961,49,0.005053,0.007491,0.006196
1961,50,0.005658,0.008063,0.006796
1961,51,0.00583,0.009046,0.007364
1961,52,0.006579,0.009898,0.008173
1961,53,0.00694,0.010733,0.008781
1961,54,0.007446,0.011516,0.009443
1961,55,0.008417,0.013535,0.010939
1961,56,0.008919,0.014871,0.011854
1961,57,0.009497,0.016266,0.012845
1961,58,0.011058,0.018313,0.014639
1961,59,0.011777,0.020229,0.015946
1961,60,0.012658,0.021116,0.016823
1961,61,0.013771,0.02371,0.018658
1961,62,0.014859,0.02539,0.020028
1961,63,0.017379,0.028888,0.023
1961,64,0.018127,0.030899,0.024321
1961,65,0.021508,0.035085,0.028045
1961,66,0.0231,0.037761,0.030133
1961,67,0.025814,0.042544,0.033781
1961,68,0.029833,0.046832,0.037836
1961,69,0.031829,0.050382,0.040454
1961,70,0.035521,0.055071,0.044456
1961,71,0.040931,0.062809,0.050775
1961,72,0.046843,0.069049,0.056751
1961,73,0.050113,0.07528,0.061166
1961,74,0.059556,0.086636,0.071119
1961,75,0.065797,0.09134,0.076414
1961,76,0.073835,0.102378,0.085399
1961,77,0.082353,0.112346,0.094171
1961,78,0.090528,0.126312,0.104237
1961,79,0.100964,0.136305,0.11423
1961,80,0.112832,0.149564,0.126316
1961,81,0.12394,0.160001,0.136874
1961,82,0.1392,0.184528,0.155032
1961,83,0.156927,0.196831,0.170483
1961,84,0.164993,0.210724,0.180043
1961,85,0.182207,0.239237,0.200557
1961,86,0.201748,0.245077,0.21525
1961,87,0.2153,0.267113,0.230929
1961,88,0.239966,0.289985,0.254822
1961,89,0.26866,0.30446,0.279156
1961,90,0.280117,0.319668,0.291117
1962,0,0.024198,0.02977,0.027058
1962,1,0.002701,0.003248,0.002981
1962,2,0.001722,0.001983,0.001855
1962,3,0.00131,0.001601,0.001459
1962,4,0.001095,0.001423,0.001262
1962,5,0.000897,0.001144,0.001023
1962,6,0.00066,0.000911,0.000788
1962,7,0.000515,0.000807,0.000664
1962,8,0.000494,0.000682,0.00059
1962,9,0.000402,0.000598,0.000502
1962,10,0.000375,0.000533,0.000456
1962,11,0.000397,0.000519,0.000459
1962,12,0.000366,0.000526,0.000447
1962,13,0.00038,0.000544,0.000463
1962,14,0.000393,0.000624,0.00051
1962,15,0.000423,0.00073,0.000579
1962,16,0.000442,0.00087,0.000658
1962,17,0.00057,0.001184,0.000879
1962,18,0.000714,0.001327,0.001021
1962,19,0.000816,0.001474,0.001145
1962,20,0.000923,0.001639,0.00128
1962,21,0.001026,0.001763,0.001393
1962,22,0.001134,0.00191,0.001519
1962,23,0.001148,0.001897,0.001519
1962,24,0.001229,0.001924,0.001573
1962,25,0.001243,0.002036,0.001636
1962,26,0.001264,0.001873,0.001567
1962,27,0.001296,0.0021,0.001697
1962,28,0.001327,0.001942,0.001634
1962,29,0.001502,0.002066,0.001784
1962,30,0.001507,0.002039,0.001774
1962,31,0.001488,0.002103,0.001797
1962,32,0.001654,0.002184,0.00192
1962,33,0.001637,0.002295,0.001966
1962,34,0.001729,0.002549,0.002139
1962,35,0.001771,0.002532,0.002149
1962,36,0.001898,0.002561,0.002223
1962,37,0.001945,0.002875,0.002393
1962,38,0.002137,0.003015,0.002545
1962,39,0.002298,0.003167,0.002687
1962,40,0.002383,0.003335,0.002801
1962,41,0.002618,0.003857,0.003161
1962,42,0.00269,0.003783,0.003174
1962,43,0.002924,0.004394,0.003585
1962,44,0.003131,0.004669,0.003829
1962,45,0.003401,0.005211,0.004229
1962,46,0.00368,0.0055,0.00452
1962,47,0.004051,0.006003,0.004957
1962,48,0.004473,0.006547,0.00544
1962,49,0.004873,0.007152,0.005937
1962,50,0.005358,0.007844,0.006523
1962,51,0.00596,0.008766,0.007287
1962,52,0.006585,0.009699,0.00807
1962,53,0.006953,0.010763,0.008782
1962,54,0.007481,0.012212,0.009776
1962,55,0.007755,0.012645,0.010152
1962,56,0.008769,0.014307,0.011493
1962,57,0.00956,0.016583,0.013014
1962,58,0.010743,0.018168,0.014405
1962,59,0.01128,0.020037,0.015589
1962,60,0.01253,0.021889,0.017129
1962,61,0.013719,0.023186,0.018361
1962,62,0.014783,0.025824,0.020189
1962,63,0.01663,0.028614,0.022484
1962,64,0.019276,0.032093,0.025502
1962,65,0.020224,0.034732,0.027217
1962,66,0.023602,0.03891,0.030922
1962,67,0.025728,0.043354,0.034116
1962,68,0.028881,0.047808,0.037815
1962,69,0.032934,0.052452,0.042037
1962,70,0.036829,0.058499,0.046799
1962,71,0.039804,0.062614,0.050115
1962,72,0.046382,0.072284,0.057896
1962,73,0.053996,0.079571,0.065261
1962,74,0.05671,0.085748,0.069281
1962,75,0.069265,0.098048,0.081357
1962,76,0.07513,0.108001,0.088566
1962,77,0.085014,0.121478,0.099519
1962,78,0.092399,0.132405,0.107826
1962,79,0.105059,0.144503,0.119821
1962,80,0.117422,0.157153,0.132008
1962,81,0.130128,0.173727,0.145745
1962,82,0.139792,0.189739,0.157197
1962,83,0.159175,0.214214,0.177818
1962,84,0.171528,0.220959,0.187768
1962,85,0.189815,0.246741,0.207885
1962,86,0.20829,0.257866,0.223671
1962,87,0.228347,0.282286,0.244579
1962,88,0.251085,0.308701,0.267753
1962,89,0.279776,0.322599,0.292095
1962,90,0.305883,0.34634,0.317428
1963,0,0.021167,0.026247,0.023772
1963,1,0.002274,0.002698,0.002491
1963,2,0.001376,0.001813,0.001599
1963,3,0.001092,0.001499,0.0013
1963,4,0.000905,0.001263,0.001088
1963,5,0.000775,0.001126,0.000954
1963,6,0.000588,0.000868,0.000731
1963,7,0.000473,0.000748,0.000613
1963,8,0.000373,0.000668,0.000524
1963,9,0.000343,0.000587,0.000468
1963,10,0.000291,0.000538,0.000416
1963,11,0.000322,0.000466,0.000395
1963,12,0.000311,0.000467,0.00039
1963,13,0.000301,0.000509,0.000407
1963,14,0.00032,0.000563,0.000443
1963,15,0.000392,0.000663,0.000529
1963,16,0.000444,0.00088,0.000665
1963,17,0.000547,0.001038,0.000794
1963,18,0.000639,0.001159,0.000899
1963,19,0.000709,0.001441,0.001074
1963,20,0.000832,0.001569,0.0012
1963,21,0.000893,0.001541,0.001216
1963,22,0.000968,0.001743,0.001353
1963,23,0.001048,0.001715,0.001379
1963,24,0.001095,0.001792,0.001441
1963,25,0.001133,0.001841,0.001484
1963,26,0.001105,0.0018,0.00145
1963,27,0.001167,0.001817,0.001491
1963,28,0.001212,0.001808,0.001509
1963,29,0.001295,0.002064,0.001679
1963,30,0.001277,0.001953,0.001615
1963,31,0.001326,0.002075,0.001702
1963,32,0.001396,0.002074,0.001737
1963,33,0.001462,0.002245,0.001855
1963,34,0.001606,0.002355,0.001982
1963,35,0.001645,0.002515,0.00208
1963,36,0.001702,0.002486,0.002092
1963,37,0.00204,0.002885,0.002454
1963,38,0.00196,0.002952,0.002437
1963,39,0.002056,0.00322,0.002598
1963,40,0.002254,0.003291,0.002718
1963,41,0.002448,0.003519,0.002918
1963,42,0.002705,0.003887,0.003223
1963,43,0.002636,0.003984,0.003233
1963,44,0.002978,0.004767,0.003782
1963,45,0.003262,0.004893,0.004002
1963,46,0.003416,0.005203,0.004233
1963,47,0.003952,0.00587,0.004836
1963,48,0.004265,0.006317,0.005217
1963,49,0.004652,0.007144,0.005813
1963,50,0.00501,0.007409,0.00613
1963,51,0.00549,0.008402,0.006853
1963,52,0.005794,0.009205,0.007405
1963,53,0.006387,0.010345,0.008273
1963,54,0.007054,0.011291,0.009086
1963,55,0.007499,0.01255,0.009947
1963,56,0.007915,0.013296,0.010548
1963,57,0.008854,0.015216,0.011976
1963,58,0.010541,0.017382,0.013897
1963,59,0.010719,0.018819,0.014702
1963,60,0.011439,0.020724,0.015991
1963,61,0.012834,0.022746,0.017685
1963,62,0.014141,0.024955,0.01942
1963,63,0.015364,0.027087,0.021075
1963,64,0.017432,0.029903,0.023492
1963,65,0.019737,0.034386,0.026812
1963,66,0.021013,0.036128,0.028249
1963,67,0.025031,0.040376,0.032312
1963,68,0.027611,0.043835,0.035268
1963,69,0.030485,0.048861,0.039081
1963,70,0.033898,0.05368,0.043034
1963,71,0.037851,0.058902,0.047434
1963,72,0.041064,0.063982,0.0513
1963,73,0.048138,0.073342,0.059199
1963,74,0.054727,0.081074,0.066176
1963,75,0.058899,0.086954,0.07086
1963,76,0.071243,0.098318,0.082433
1963,77,0.074679,0.107708,0.087935
1963,78,0.086357,0.11933,0.099212
1963,79,0.096266,0.130064,0.109023
1963,80,0.106667,0.141483,0.119401
1963,81,0.117949,0.155435,0.131367
1963,82,0.129491,0.169923,0.143583
1963,83,0.141241,0.176821,0.153272
1963,84,0.15827,0.202668,0.172862
1963,85,0.173505,0.214152,0.186441
1963,86,0.192463,0.239027,0.206771
1963,87,0.211064,0.239882,0.219707
1963,88,0.228302,0.279576,0.243218
1963,89,0.245875,0.279366,0.255251
1963,90,0.267102,0.322919,0.282625
1964,0,0.018754,0.023649,0.021261
1964,1,0.002075,0.002501,0.002293
1964,2,0.001337,0.001616,0.00148
1964,3,0.000971,0.001324,0.001151
1964,4,0.000809,0.001097,0.000956
1964,5,0.000703,0.000926,0.000817
1964,6,0.000571,0.000866,0.000721
1964,7,0.000458,0.000796,0.00063
1964,8,0.00037,0.000693,0.000535
1964,9,0.000344,0.000563,0.000456
1964,10,0.000311,0.000524,0.000419
1964,11,0.000308,0.000502,0.000407
1964,12,0.000321,0.000457,0.00039
1964,13,0.000332,0.000493,0.000414
1964,14,0.000322,0.00051,0.000417
1964,15,0.000363,0.000665,0.000516
1964,16,0.000406,0.000977,0.000695
1964,17,0.00047,0.001094,0.000786
1964,18,0.000534,0.001194,0.000866
1964,19,0.000657,0.001375,0.001015
1964,20,0.000738,0.001459,0.001097
1964,21,0.000812,0.001474,0.001141
1964,22,0.000856,0.001652,0.001251
1964,23,0.000968,0.001676,0.00132
1964,24,0.000985,0.001801,0.00139
1964,25,0.001024,0.001766,0.001392
1964,26,0.001056,0.001765,0.001407
1964,27,0.001095,0.001779,0.001435
1964,28,0.001094,0.001782,0.001437
1964,29,0.001252,0.001818,0.001535
1964,30,0.001219,0.001857,0.001538
1964,31,0.001282,0.001971,0.001628
1964,32,0.001318,0.002028,0.001675
1964,33,0.001398,0.0021,0.001751
1964,34,0.001439,0.002176,0.001809
1964,35,0.001501,0.002356,0.00193
1964,36,0.001666,0.002528,0.002097
1964,37,0.00181,0.002703,0.002254
1964,38,0.001998,0.002887,0.002434
1964,39,0.002005,0.003159,0.002561
1964,40,0.002162,0.003277,0.002681
1964,41,0.002312,0.003659,0.002915
1964,42,0.002444,0.003705,0.002997
1964,43,0.00268,0.004063,0.003286
1964,44,0.003024,0.004392,0.00363
1964,45,0.003023,0.004668,0.003762
1964,46,0.003567,0.005149,0.004284
1964,47,0.003786,0.005479,0.004559
1964,48,0.004328,0.005981,0.00509
1964,49,0.004433,0.00689,0.005572
1964,50,0.004699,0.007163,0.005846
1964,51,0.005278,0.008181,0.006632
1964,52,0.005822,0.009109,0.00736
1964,53,0.006281,0.009907,0.007993
1964,54,0.006738,0.01124,0.008879
1964,55,0.007064,0.012452,0.009645
1964,56,0.008177,0.013134,0.010576
1964,57,0.008351,0.014706,0.011455
1964,58,0.00967,0.017096,0.013305
1964,59,0.010375,0.018553,0.014375
1964,60,0.011133,0.019896,0.015427
1964,61,0.012442,0.0221,0.017159
1964,62,0.014019,0.024595,0.019172
1964,63,0.014899,0.026811,0.020686
1964,64,0.016647,0.029587,0.022916
1964,65,0.018673,0.032286,0.02525
1964,66,0.021768,0.036044,0.02862
1964,67,0.022727,0.038739,0.030337
1964,68,0.027099,0.044129,0.035118
1964,69,0.029305,0.048586,0.038324
1964,70,0.032958,0.054662,0.04301
1964,71,0.037534,0.059668,0.047649
1964,72,0.043361,0.065376,0.053269
1964,73,0.046151,0.06982,0.056597
1964,74,0.053699,0.079068,0.064686
1964,75,0.060775,0.08876,0.072762
1964,76,0.065237,0.094684,0.077606
1964,77,0.078479,0.109933,0.091255
1964,78,0.085589,0.115507,0.09738
1964,79,0.09498,0.131074,0.108781
1964,80,0.104687,0.143404,0.118987
1964,81,0.117405,0.151896,0.129733
1964,82,0.128345,0.171114,0.143286
1964,83,0.143086,0.18438,0.157106
1964,84,0.154111,0.19492,0.167534
1964,85,0.172711,0.218183,0.187251
1964,86,0.189844,0.232642,0.203097
1964,87,0.207861,0.248932,0.22013
1964,88,0.21711,0.257507,0.228906
1964,89,0.247287,0.283318,0.257482
1964,90,0.26271,0.319168,0.277995
1965,0,0.017223,0.022037,0.019686
1965,1,0.001955,0.002313,0.002138
1965,2,0.001186,0.001591,0.001392
1965,3,0.000949,0.001214,0.001084
1965,4,0.000752,0.001128,0.000944
1965,5,0.000598,0.000919,0.000762
1965,6,0.000543,0.000759,0.000653
1965,7,0.000447,0.000765,0.000609
1965,8,0.00033,0.000631,0.000483
1965,9,0.000311,0.000486,0.0004
1965,10,0.000296,0.00047,0.000385
1965,11,0.000253,0.000458,0.000357
1965,12,0.000277,0.000441,0.00036
1965,13,0.000314,0.000467,0.000392
1965,14,0.000346,0.000556,0.000453
1965,15,0.000339,0.000627,0.000485
1965,16,0.000394,0.000901,0.00065
1965,17,0.000457,0.001014,0.000738
1965,18,0.00053,0.001042,0.000788
1965,19,0.000564,0.001221,0.000893
1965,20,0.000653,0.001336,0.000993
1965,21,0.000771,0.001446,0.001106
1965,22,0.000824,0.00152,0.001169
1965,23,0.000859,0.001506,0.00118
1965,24,0.000927,0.00165,0.001286
1965,25,0.000977,0.001631,0.001302
1965,26,0.001054,0.001564,0.001307
1965,27,0.000993,0.001572,0.00128
1965,28,0.001136,0.001653,0.001393
1965,29,0.00113,0.001733,0.001431
1965,30,0.001052,0.001839,0.001446
1965,31,0.001256,0.001906,0.001582
1965,32,0.001259,0.00197,0.001616
1965,33,0.001385,0.002124,0.001757
1965,34,0.00139,0.002258,0.001827
1965,35,0.001529,0.002342,0.001938
1965,36,0.001621,0.002477,0.00205
1965,37,0.001665,0.002601,0.002133
1965,38,0.001759,0.00275,0.002251
1965,39,0.001992,0.003076,0.002524
1965,40,0.001947,0.003272,0.002585
1965,41,0.002199,0.003408,0.002762
1965,42,0.002386,0.003472,0.002872
1965,43,0.002508,0.00404,0.00318
1965,44,0.002957,0.004384,0.003582
1965,45,0.003077,0.004737,0.003812
1965,46,0.003372,0.005073,0.004135
1965,47,0.003727,0.005624,0.004586
1965,48,0.004069,0.00645,0.005156
1965,49,0.004456,0.006808,0.005538
1965,50,0.004677,0.007355,0.005917
1965,51,0.005178,0.008066,0.006521
1965,52,0.005382,0.008937,0.007038
1965,53,0.006145,0.009727,0.007818
1965,54,0.006818,0.011084,0.008829
1965,55,0.007253,0.012097,0.009553
1965,56,0.007889,0.013423,0.010536
1965,57,0.008502,0.014614,0.011455
1965,58,0.009477,0.016229,0.012767
1965,59,0.010247,0.018272,0.014163
1965,60,0.011388,0.020235,0.015699
1965,61,0.012472,0.022798,0.017512
1965,62,0.013901,0.024813,0.019205
1965,63,0.015764,0.027184,0.021301
1965,64,0.016976,0.030876,0.023688
1965,65,0.018522,0.033457,0.025711
1965,66,0.021097,0.036002,0.02825
1965,67,0.025073,0.040854,0.032592
1965,68,0.026047,0.044268,0.034636
1965,69,0.030564,0.0509,0.040049
1965,70,0.033579,0.055066,0.043524
1965,71,0.037389,0.062938,0.049086
1965,72,0.042363,0.067879,0.053879
1965,73,0.048113,0.075482,0.060269
1965,74,0.053377,0.080891,0.065353
1965,75,0.0606,0.092853,0.074352
1965,76,0.06964,0.102152,0.083343
1965,77,0.077672,0.10943,0.090776
1965,78,0.090635,0.12569,0.104611
1965,79,0.098592,0.135145,0.112702
1965,80,0.11277,0.151053,0.12708
1965,81,0.122943,0.16525,0.138178
1965,82,0.137582,0.1789,0.151967
1965,83,0.154644,0.195738,0.168616
1965,84,0.165467,0.214644,0.181665
1965,85,0.177142,0.227356,0.193142
1965,86,0.204246,0.258632,0.221023
1965,87,0.21874,0.274966,0.235537
1965,88,0.242431,0.296538,0.258028
1965,89,0.266276,0.302464,0.276516
1965,90,0.289747,0.333328,0.301709
1966,0,0.014987,0.019068,0.017083
1966,1,0.001866,0.002135,0.002004
1966,2,0.001104,0.001436,0.001274
1966,3,0.000831,0.001141,0.00099
1966,4,0.000717,0.001002,0.000862
1966,5,0.000584,0.00088,0.000735
1966,6,0.000455,0.000813,0.000637
1966,7,0.000444,0.000688,0.000568
1966,8,0.000361,0.000639,0.000503
1966,9,0.000318,0.000508,0.000415
1966,10,0.000335,0.000497,0.000418
1966,11,0.000325,0.00042,0.000373
1966,12,0.00032,0.000423,0.000372
1966,13,0.00031,0.000471,0.000392
1966,14,0.00028,0.000504,0.000393
1966,15,0.000349,0.000611,0.000482
1966,16,0.000418,0.000863,0.000643
1966,17,0.000445,0.001024,0.000737
1966,18,0.000513,0.001169,0.000844
1966,19,0.000601,0.001245,0.000925
1966,20,0.000649,0.001284,0.000966
1966,21,0.00077,0.001428,0.001097
1966,22,0.000808,0.001473,0.001138
1966,23,0.000879,0.001511,0.001192
1966,24,0.000893,0.00159,0.001238
1966,25,0.000907,0.001686,0.001294
1966,26,0.000937,0.001584,0.001258
1966,27,0.000983,0.001629,0.001303
1966,28,0.000936,0.001643,0.001287
1966,29,0.001068,0.001712,0.001389
1966,30,0.001124,0.001639,0.001382
1966,31,0.001156,0.001778,0.001468
1966,32,0.001223,0.001987,0.001606
1966,33,0.001257,0.002056,0.001659
1966,34,0.001378,0.002211,0.001797
1966,35,0.001435,0.002402,0.001922
1966,36,0.001471,0.002509,0.001993
1966,37,0.001482,0.002682,0.002084
1966,38,0.001729,0.002792,0.002261
1966,39,0.001885,0.00307,0.002474
1966,40,0.001964,0.003255,0.002598
1966,41,0.002096,0.003322,0.002686
1966,42,0.002292,0.00378,0.002984
1966,43,0.002491,0.003752,0.003055
1966,44,0.002668,0.004168,0.003325
1966,45,0.003005,0.004752,0.003769
1966,46,0.003207,0.005116,0.004051
1966,47,0.003377,0.005279,0.00423
1966,48,0.003757,0.005634,0.004606
1966,49,0.004059,0.006552,0.005196
1966,50,0.004433,0.007165,0.005688
1966,51,0.00494,0.007563,0.006154
1966,52,0.005487,0.008403,0.006841
1966,53,0.005656,0.009499,0.007444
1966,54,0.006374,0.010468,0.008283
1966,55,0.006741,0.011726,0.009085
1966,56,0.00749,0.012876,0.010042
1966,57,0.008092,0.01422,0.011015
1966,58,0.009303,0.015997,0.012526
1966,59,0.009631,0.016997,0.013206
1966,60,0.010832,0.019221,0.014908
1966,61,0.011764,0.021212,0.016348
1966,62,0.012974,0.023987,0.018321
1966,63,0.014923,0.026407,0.020473
1966,64,0.016189,0.02946,0.022583
1966,65,0.017965,0.031812,0.024605
1966,66,0.019449,0.034223,0.026506
1966,67,0.022465,0.03759,0.029667
1966,68,0.026476,0.043297,0.034419
1966,69,0.027623,0.046175,0.036284
1966,70,0.032359,0.052247,0.041542
1966,71,0.035496,0.05767,0.045643
1966,72,0.040285,0.064053,0.051032
1966,73,0.045611,0.069513,0.056253
1966,74,0.050529,0.077329,0.062266
1966,75,0.054012,0.083248,0.066535
1966,76,0.06475,0.093205,0.076684
1966,77,0.072336,0.104703,0.085741
1966,78,0.080392,0.110361,0.092529
1966,79,0.09299,0.125003,0.105497
1966,80,0.097489,0.132381,0.110665
1966,81,0.113911,0.152045,0.127825
1966,82,0.124779,0.161685,0.137739
1966,83,0.142083,0.172622,0.152471
1966,84,0.153314,0.195569,0.167312
1966,85,0.168509,0.212459,0.182559
1966,86,0.181192,0.224431,0.194533
1966,87,0.204059,0.243518,0.215824
1966,88,0.222682,0.263736,0.234541
1966,89,0.24814,0.291097,0.260102
1966,90,0.250844,0.305243,0.265788
1967,0,0.014986,0.01915,0.017127
1967,1,0.001741,0.001927,0.001836
1967,2,0.001004,0.001323,0.001167
1967,3,0.00071,0.001053,0.000886
1967,4,0.000646,0.000894,0.000772
1967,5,0.000489,0.000708,0.000601
1967,6,0.000459,0.000685,0.000574
1967,7,0.000355,0.000652,0.000507
1967,8,0.000301,0.000541,0.000423
1967,9,0.000305,0.000515,0.000412
1967,10,0.000295,0.000451,0.000374
1967,11,0.000261,0.000419,0.000342
1967,12,0.00029,0.000462,0.000378
1967,13,0.0003,0.000483,0.000393
1967,14,0.000295,0.000514,0.000406
1967,15,0.000335,0.000597,0.000468
1967,16,0.000427,0.000817,0.000624
1967,17,0.000408,0.001008,0.00071
1967,18,0.000494,0.001088,0.000793
1967,19,0.000543,0.001145,0.000845
1967,20,0.000594,0.001336,0.000966
1967,21,0.000656,0.001314,0.000985
1967,22,0.00074,0.001471,0.001103
1967,23,0.000818,0.001499,0.001155
1967,24,0.000838,0.001474,0.001153
1967,25,0.000852,0.00156,0.001203
1967,26,0.000887,0.001528,0.001205
1967,27,0.000926,0.00151,0.001216
1967,28,0.001001,0.001557,0.001277
1967,29,0.001068,0.001706,0.001385
1967,30,0.001054,0.00161,0.001331
1967,31,0.001036,0.001623,0.00133
1967,32,0.001204,0.001872,0.001539
1967,33,0.001207,0.001961,0.001585
1967,34,0.001184,0.002184,0.001686
1967,35,0.001403,0.002237,0.001823
1967,36,0.001452,0.002358,0.001908
1967,37,0.001547,0.002577,0.002065
1967,38,0.001597,0.002795,0.002198
1967,39,0.001828,0.002945,0.002387
1967,40,0.001887,0.003126,0.002503
1967,41,0.00206,0.003242,0.00264
1967,42,0.002097,0.003517,0.00278
1967,43,0.00238,0.003785,0.003033
1967,44,0.00254,0.004162,0.003265
1967,45,0.00278,0.004514,0.003539
1967,46,0.003099,0.004701,0.003799
1967,47,0.003353,0.005281,0.004205
1967,48,0.00364,0.005514,0.00448
1967,49,0.003868,0.006256,0.004947
1967,50,0.004328,0.006988,0.005539
1967,51,0.004626,0.007395,0.005897
1967,52,0.005102,0.008194,0.006531
1967,53,0.005517,0.009042,0.007152
1967,54,0.00605,0.009842,0.00781
1967,55,0.006559,0.011058,0.008652
1967,56,0.007046,0.012257,0.009489
1967,57,0.007973,0.013699,0.010677
1967,58,0.008879,0.015816,0.012176
1967,59,0.009654,0.017104,0.013226
1967,60,0.010171,0.017953,0.013931
1967,61,0.011829,0.02091,0.01622
1967,62,0.013015,0.023143,0.017903
1967,63,0.014097,0.025305,0.019508
1967,64,0.016132,0.028005,0.021833
1967,65,0.017375,0.0312,0.023989
1967,66,0.019203,0.033629,0.026067
1967,67,0.021073,0.037379,0.028796
1967,68,0.024327,0.040684,0.032042
1967,69,0.028205,0.046702,0.036852
1967,70,0.03012,0.049834,0.03923
1967,71,0.035645,0.057062,0.045429
1967,72,0.0389,0.061823,0.049266
1967,73,0.044884,0.067453,0.054959
1967,74,0.048679,0.075687,0.06054
1967,75,0.056,0.083021,0.067655
1967,76,0.061901,0.090173,0.073822
1967,77,0.070549,0.10309,0.083963
1967,78,0.078816,0.113652,0.092976
1967,79,0.087074,0.120392,0.100309
1967,80,0.102108,0.139493,0.116358
1967,81,0.107309,0.144647,0.121083
1967,82,0.12308,0.16293,0.137258
1967,83,0.136782,0.179205,0.151323
1967,84,0.149983,0.188354,0.162718
1967,85,0.165872,0.211173,0.180447
1967,86,0.183025,0.233406,0.198637
1967,87,0.198135,0.243514,0.211702
1967,88,0.224318,0.267217,0.23675
1967,89,0.247451,0.299395,0.261982
1967,90,0.260048,0.316413,0.275214
1968,0,0.013349,0.017667,0.015569
1968,1,0.001655,0.001972,0.001818
1968,2,0.000998,0.001197,0.0011
1968,3,0.000693,0.001073,0.000887
1968,4,0.000611,0.000837,0.000726
1968,5,0.000515,0.000773,0.000647
1968,6,0.00044,0.000697,0.000572
1968,7,0.000402,0.000578,0.000492
1968,8,0.00035,0.000533,0.000443
1968,9,0.000278,0.000438,0.00036
1968,10,0.000252,0.000411,0.000333
1968,11,0.000257,0.000349,0.000304
1968,12,0.000278,0.00036,0.00032
1968,13,0.000302,0.00042,0.000362
1968,14,0.000298,0.000471,0.000386
1968,15,0.00028,0.000554,0.000419
1968,16,0.000443,0.000746,0.000596
1968,17,0.000392,0.001016,0.000707
1968,18,0.00046,0.001116,0.00079
1968,19,0.000573,0.001181,0.000878
1968,20,0.00062,0.001209,0.000915
1968,21,0.000603,0.001279,0.000941
1968,22,0.000696,0.001316,0.001005
1968,23,0.000747,0.001473,0.001108
1968,24,0.000798,0.001468,0.00113
1968,25,0.000886,0.00148,0.001181
1968,26,0.0009,0.001463,0.00118
1968,27,0.000887,0.001487,0.001185
1968,28,0.000911,0.001493,0.001201
1968,29,0.000922,0.001569,0.001243
1968,30,0.00102,0.001554,0.001285
1968,31,0.001048,0.0016,0.001324
1968,32,0.00102,0.001713,0.001367
1968,33,0.001163,0.001857,0.001511
1968,34,0.001251,0.00197,0.001611
1968,35,0.001315,0.002131,0.001725
1968,36,0.001417,0.002393,0.001908
1968,37,0.001474,0.00251,0.001995
1968,38,0.001566,0.002585,0.002078
1968,39,0.001651,0.00292,0.002288
1968,40,0.001903,0.003067,0.002486
1968,41,0.001902,0.003285,0.002589
1968,42,0.002164,0.003479,0.002808
1968,43,0.002285,0.003568,0.002902
1968,44,0.002665,0.004068,0.003317
1968,45,0.00268,0.004297,0.003402
1968,46,0.003045,0.004833,0.003827
1968,47,0.003328,0.005159,0.004127
1968,48,0.003339,0.005586,0.00433
1968,49,0.00375,0.006163,0.00483
1968,50,0.004172,0.006729,0.005326
1968,51,0.004656,0.007394,0.005901
1968,52,0.005117,0.008105,0.006487
1968,53,0.005434,0.008988,0.007075
1968,54,0.005987,0.009653,0.007685
1968,55,0.006267,0.010524,0.008239
1968,56,0.006858,0.012245,0.009357
1968,57,0.007808,0.013698,0.010561
1968,58,0.009003,0.016564,0.012559
1968,59,0.00939,0.016373,0.012695
1968,60,0.010239,0.018479,0.014172
1968,61,0.011133,0.020182,0.015483
1968,62,0.012437,0.02233,0.017195
1968,63,0.014332,0.025485,0.019684
1968,64,0.015737,0.02737,0.021318
1968,65,0.017432,0.030791,0.023804
1968,66,0.018999,0.033891,0.02607
1968,67,0.02103,0.036724,0.028432
1968,68,0.023529,0.039568,0.031055
1968,69,0.026631,0.045058,0.035235
1968,70,0.030689,0.051213,0.040178
1968,71,0.033002,0.054781,0.042954
1968,72,0.039104,0.062435,0.049638
1968,73,0.043075,0.068438,0.054397
1968,74,0.048013,0.076088,0.060371
1968,75,0.055684,0.083788,0.067835
1968,76,0.061937,0.090784,0.074183
1968,77,0.067411,0.100245,0.081016
1968,78,0.080148,0.11282,0.093358
1968,79,0.089517,0.123803,0.103178
1968,80,0.097606,0.135018,0.112054
1968,81,0.112619,0.151658,0.127145
1968,82,0.118182,0.160891,0.133538
1968,83,0.136981,0.181042,0.15222
1968,84,0.153892,0.196944,0.168257
1968,85,0.166523,0.211718,0.181102
1968,86,0.183453,0.233934,0.199154
1968,87,0.207325,0.260239,0.223154
1968,88,0.221678,0.264328,0.233991
1968,89,0.239662,0.303911,0.257591
1968,90,0.266207,0.326043,0.282223
1969,0,0.012477,0.016106,0.014348
1969,1,0.00155,0.001882,0.00172
1969,2,0.000923,0.001141,0.001035
1969,3,0.000666,0.000963,0.000818
1969,4,0.000598,0.000877,0.000741
1969,5,0.000475,0.000809,0.000646
1969,6,0.000436,0.000721,0.000581
1969,7,0.000372,0.000608,0.000492
1969,8,0.00029,0.000526,0.00041
1969,9,0.000258,0.000459,0.000361
1969,10,0.000241,0.000408,0.000326
1969,11,0.000213,0.000367,0.000292
1969,12,0.000255,0.000406,0.000332
1969,13,0.000319,0.00042,0.00037
1969,14,0.000295,0.000458,0.000378
1969,15,0.000314,0.000549,0.000433
1969,16,0.000366,0.000947,0.00066
1969,17,0.000415,0.001157,0.000789
1969,18,0.000446,0.001154,0.000802
1969,19,0.000571,0.001264,0.000918
1969,20,0.000629,0.001283,0.000956
1969,21,0.000626,0.001371,0.000998
1969,22,0.000723,0.001331,0.001027
1969,23,0.000751,0.001395,0.001072
1969,24,0.000796,0.001478,0.001134
1969,25,0.000795,0.001461,0.001125
1969,26,0.000859,0.001509,0.001181
1969,27,0.000838,0.001426,0.00113
1969,28,0.000944,0.001478,0.00121
1969,29,0.000872,0.00151,0.00119
1969,30,0.001018,0.00154,0.001278
1969,31,0.000986,0.00167,0.001327
1969,32,0.00113,0.001759,0.001444
1969,33,0.001133,0.001891,0.001513
1969,34,0.001232,0.001965,0.001599
1969,35,0.001252,0.002144,0.001699
1969,36,0.001362,0.00241,0.001888
1969,37,0.00149,0.002567,0.002032
1969,38,0.001619,0.00272,0.002173
1969,39,0.001677,0.003062,0.002373
1969,40,0.001783,0.003091,0.00244
1969,41,0.001846,0.00339,0.002619
1969,42,0.002054,0.00345,0.002748
1969,43,0.002343,0.003807,0.00306
1969,44,0.002412,0.004107,0.003226
1969,45,0.002787,0.004424,0.003547
1969,46,0.002785,0.004676,0.003629
1969,47,0.003267,0.00492,0.003989
1969,48,0.00354,0.00556,0.00442
1969,49,0.003775,0.006054,0.004779
1969,50,0.00416,0.006549,0.005228
1969,51,0.004649,0.007146,0.005774
1969,52,0.004829,0.007951,0.006246
1969,53,0.005209,0.008778,0.006842
1969,54,0.005824,0.009523,0.00753
1969,55,0.006289,0.010744,0.008349
1969,56,0.006796,0.012186,0.009287
1969,57,0.007384,0.012983,0.009973
1969,58,0.00868,0.014956,0.011603
1969,59,0.008919,0.01662,0.012527
1969,60,0.009983,0.017882,0.013704
1969,61,0.011249,0.020152,0.015476
1969,62,0.011654,0.021996,0.016597
1969,63,0.013569,0.024741,0.01891
1969,64,0.015417,0.027724,0.021287
1969,65,0.01627,0.029924,0.022777
1969,66,0.019262,0.034528,0.026489
1969,67,0.021206,0.037816,0.029025
1969,68,0.023062,0.040492,0.031209
1969,69,0.02568,0.04421,0.034289
1969,70,0.029186,0.049618,0.03862
1969,71,0.03453,0.056665,0.044642
1969,72,0.036384,0.060621,0.047324
1969,73,0.043067,0.068802,0.054533
1969,74,0.047532,0.07497,0.05961
1969,75,0.054062,0.085147,0.067528
1969,76,0.060925,0.091038,0.073731
1969,77,0.067345,0.10146,0.081572
1969,78,0.07315,0.105956,0.086493
1969,79,0.084528,0.12363,0.100034
1969,80,0.095432,0.134806,0.110778
1969,81,0.104955,0.1472,0.12087
1969,82,0.121218,0.162766,0.13628
1969,83,0.124796,0.16673,0.139444
1969,84,0.14787,0.1919,0.162664
1969,85,0.162771,0.204664,0.176355
1969,86,0.176887,0.227063,0.192569
1969,87,0.197391,0.243136,0.211133
1969,88,0.222053,0.268164,0.235418
1969,89,0.234269,0.279266,0.246815
1969,90,0.259477,0.308351,0.272571
1970,0,0.011786,0.015384,0.013638
1970,1,0.001501,0.001851,0.00168
1970,2,0.000913,0.00119,0.001055
1970,3,0.000681,0.000906,0.000796
1970,4,0.000539,0.000873,0.00071
1970,5,0.00051,0.000752,0.000634
1970,6,0.000404,0.000713,0.000562
1970,7,0.000352,0.000544,0.00045
1970,8,0.000284,0.000481,0.000385
1970,9,0.000262,0.000416,0.000341
1970,10,0.000262,0.000346,0.000305
1970,11,0.000234,0.000383,0.00031
1970,12,0.000243,0.000459,0.000353
1970,13,0.000255,0.000437,0.000348
1970,14,0.000274,0.00045,0.000364
1970,15,0.000308,0.00058,0.000446
1970,16,0.000374,0.000992,0.000687
1970,17,0.000441,0.001266,0.000857
1970,18,0.000488,0.001212,0.000852
1970,19,0.000526,0.001273,0.000901
1970,20,0.000657,0.001305,0.000981
1970,21,0.000665,0.001354,0.001009
1970,22,0.000664,0.001378,0.00102
1970,23,0.000733,0.001246,0.000988
1970,24,0.000706,0.001238,0.000971
1970,25,0.000815,0.001406,0.001109
1970,26,0.000801,0.001372,0.001084
1970,27,0.00084,0.001506,0.001171
1970,28,0.00087,0.001436,0.001152
1970,29,0.000917,0.00151,0.001213
1970,30,0.000905,0.001646,0.001274
1970,31,0.000903,0.001498,0.0012
1970,32,0.001047,0.001675,0.00136
1970,33,0.001164,0.001808,0.001486
1970,34,0.001121,0.001981,0.001552
1970,35,0.001247,0.002199,0.001724
1970,36,0.001352,0.002271,0.001813
1970,37,0.001441,0.002589,0.002017
1970,38,0.00149,0.002679,0.002088
1970,39,0.001607,0.002958,0.002286
1970,40,0.001752,0.003081,0.00242
1970,41,0.002001,0.003367,0.002686
1970,42,0.002002,0.003503,0.002753
1970,43,0.00224,0.003736,0.002982
1970,44,0.002484,0.004131,0.00329
1970,45,0.002603,0.004364,0.003449
1970,46,0.002707,0.004777,0.003667
1970,47,0.003121,0.004895,0.003911
1970,48,0.003445,0.005541,0.004359
1970,49,0.003838,0.005997,0.004778
1970,50,0.004157,0.006653,0.005256
1970,51,0.004322,0.007432,0.00571
1970,52,0.00477,0.007846,0.006154
1970,53,0.005176,0.008643,0.006747
1970,54,0.005714,0.009481,0.007435
1970,55,0.006368,0.010567,0.0083
1970,56,0.00683,0.011785,0.009116
1970,57,0.007377,0.013268,0.010092
1970,58,0.008292,0.014362,0.011089
1970,59,0.008702,0.016099,0.012133
1970,60,0.009753,0.017549,0.013389
1970,61,0.011571,0.019906,0.015479
1970,62,0.012599,0.022114,0.017092
1970,63,0.013109,0.023996,0.018279
1970,64,0.014783,0.027149,0.020656
1970,65,0.017053,0.030576,0.023457
1970,66,0.018338,0.034045,0.025765
1970,67,0.020919,0.037369,0.028637
1970,68,0.024021,0.041865,0.032343
1970,69,0.025572,0.045477,0.034781
1970,70,0.028823,0.049967,0.038534
1970,71,0.033416,0.055191,0.043345
1970,72,0.039001,0.062718,0.049693
1970,73,0.042116,0.067331,0.053342
1970,74,0.049237,0.076875,0.061375
1970,75,0.054603,0.085487,0.067976
1970,76,0.061498,0.090937,0.074033
1970,77,0.068638,0.103039,0.082997
1970,78,0.077929,0.110149,0.091104
1970,79,0.084062,0.117721,0.097474
1970,80,0.09669,0.132157,0.110553
1970,81,0.107272,0.146775,0.122303
1970,82,0.120622,0.158325,0.134479
1970,83,0.13557,0.175101,0.149529
1970,84,0.142298,0.179121,0.154809
1970,85,0.166322,0.209374,0.180389
1970,86,0.186947,0.23311,0.20147
1970,87,0.201663,0.24125,0.213652
1970,88,0.213412,0.267068,0.229039
1970,89,0.240831,0.29373,0.255586
1970,90,0.264902,0.307589,0.276378
1971,0,0.011271,0.014461,0.012913
1971,1,0.001549,0.001717,0.001635
1971,2,0.000852,0.001089,0.000973
1971,3,0.00063,0.000889,0.000763
1971,4,0.00049,0.000735,0.000615
1971,5,0.000452,0.00067,0.000564
1971,6,0.000401,0.000659,0.000533
1971,7,0.000337,0.000542,0.000442
1971,8,0.000308,0.000444,0.000378
1971,9,0.000241,0.000389,0.000316
1971,10,0.00027,0.000349,0.000311
1971,11,0.000187,0.000323,0.000256
1971,12,0.000228,0.000357,0.000294
1971,13,0.000245,0.000372,0.00031
1971,14,0.000262,0.000417,0.000341
1971,15,0.000306,0.000571,0.000441
1971,16,0.000325,0.001159,0.000748
1971,17,0.000411,0.001336,0.000878
1971,18,0.000399,0.001279,0.000842
1971,19,0.000525,0.001223,0.000875
1971,20,0.000595,0.001213,0.000904
1971,21,0.00061,0.001176,0.000893
1971,22,0.000661,0.001295,0.000977
1971,23,0.000697,0.001271,0.000984
1971,24,0.000652,0.001296,0.000973
1971,25,0.000743,0.001272,0.001007
1971,26,0.000741,0.001331,0.001034
1971,27,0.000815,0.001313,0.001062
1971,28,0.000798,0.001406,0.001101
1971,29,0.000791,0.001329,0.001059
1971,30,0.000896,0.001417,0.001156
1971,31,0.000918,0.001516,0.001216
1971,32,0.000946,0.001614,0.001279
1971,33,0.00103,0.001742,0.001385
1971,34,0.001135,0.001883,0.001509
1971,35,0.001094,0.002044,0.001571
1971,36,0.001231,0.002184,0.001709
1971,37,0.001318,0.002382,0.001851
1971,38,0.001484,0.00259,0.002039
1971,39,0.00149,0.00287,0.002184
1971,40,0.00163,0.003107,0.002373
1971,41,0.001738,0.00316,0.002452
1971,42,0.001896,0.00345,0.002675
1971,43,0.002133,0.003742,0.002937
1971,44,0.002306,0.00391,0.003102
1971,45,0.002465,0.004137,0.003283
1971,46,0.002614,0.004531,0.003533
1971,47,0.002834,0.004827,0.003757
1971,48,0.003064,0.005144,0.00399
1971,49,0.003405,0.005523,0.004328
1971,50,0.003774,0.006339,0.004889
1971,51,0.004094,0.006824,0.005294
1971,52,0.004623,0.007476,0.005893
1971,53,0.005018,0.008126,0.006414
1971,54,0.005453,0.008777,0.006956
1971,55,0.005662,0.009765,0.007532
1971,56,0.006434,0.010833,0.008453
1971,57,0.006893,0.012444,0.009446
1971,58,0.007353,0.013359,0.010111
1971,59,0.008145,0.015173,0.011372
1971,60,0.009013,0.016474,0.012458
1971,61,0.010273,0.018471,0.014078
1971,62,0.011195,0.02049,0.01553
1971,63,0.012771,0.022473,0.017326
1971,64,0.01382,0.024315,0.018773
1971,65,0.015328,0.027785,0.021202
1971,66,0.017444,0.030912,0.023773
1971,67,0.019565,0.03439,0.026515
1971,68,0.02226,0.038473,0.029801
1971,69,0.024147,0.042425,0.032587
1971,70,0.026582,0.045788,0.035371
1971,71,0.028951,0.050063,0.038539
1971,72,0.033956,0.056501,0.044108
1971,73,0.040955,0.063442,0.050959
1971,74,0.043677,0.069285,0.054916
1971,75,0.049842,0.077546,0.061816
1971,76,0.056456,0.085437,0.068803
1971,77,0.063728,0.093717,0.076277
1971,78,0.070999,0.103959,0.084504
1971,79,0.080184,0.113871,0.093693
1971,80,0.088601,0.12405,0.102495
1971,81,0.103555,0.139277,0.117208
1971,82,0.110972,0.150926,0.125819
1971,83,0.125073,0.163646,0.138915
1971,84,0.14089,0.181931,0.155017
1971,85,0.150963,0.189964,0.163875
1971,86,0.169178,0.216608,0.184214
1971,87,0.18596,0.238676,0.202013
1971,88,0.202355,0.253092,0.217205
1971,89,0.222942,0.268752,0.23582
1971,90,0.24316,0.291464,0.25614
1972,0,0.010249,0.013456,0.011901
1972,1,0.001488,0.001636,0.001564
1972,2,0.00083,0.001144,0.000991
1972,3,0.000636,0.000923,0.000783
1972,4,0.000536,0.000822,0.000682
1972,5,0.000418,0.0007,0.000562
1972,6,0.000386,0.000618,0.000504
1972,7,0.000335,0.000549,0.000444
1972,8,0.000274,0.00046,0.000369
1972,9,0.00025,0.00038,0.000317
1972,10,0.000217,0.000322,0.000271
1972,11,0.000199,0.000355,0.000278
1972,12,0.000228,0.000338,0.000284
1972,13,0.000229,0.000392,0.000312
1972,14,0.00024,0.00045,0.000347
1972,15,0.000253,0.000515,0.000386
1972,16,0.000333,0.001068,0.000707
1972,17,0.000397,0.001217,0.000812
1972,18,0.000446,0.001161,0.000807
1972,19,0.000517,0.001225,0.000873
1972,20,0.000553,0.001261,0.000908
1972,21,0.000597,0.001244,0.000921
1972,22,0.000622,0.001239,0.00093
1972,23,0.000684,0.00126,0.000972
1972,24,0.000683,0.001237,0.00096
1972,25,0.000736,0.001269,0.001003
1972,26,0.00072,0.001328,0.001024
1972,27,0.000751,0.001335,0.001042
1972,28,0.000771,0.001386,0.001077
1972,29,0.000802,0.001376,0.001088
1972,30,0.000864,0.001401,0.001132
1972,31,0.000909,0.001469,0.001188
1972,32,0.00094,0.001509,0.001224
1972,33,0.000944,0.001617,0.00128
1972,34,0.001016,0.001734,0.001374
1972,35,0.001106,0.002018,0.001562
1972,36,0.001157,0.002064,0.001612
1972,37,0.001251,0.002198,0.001726
1972,38,0.001321,0.002374,0.001849
1972,39,0.00158,0.002706,0.002145
1972,40,0.00163,0.00297,0.002304
1972,41,0.001685,0.00323,0.002461
1972,42,0.001838,0.003479,0.002661
1972,43,0.00191,0.003901,0.002908
1972,44,0.002132,0.003898,0.003014
1972,45,0.002362,0.004186,0.003265
1972,46,0.002604,0.004441,0.003502
1972,47,0.002931,0.004887,0.003868
1972,48,0.003148,0.005222,0.004108
1972,49,0.00332,0.005455,0.004269
1972,50,0.003739,0.006105,0.004768
1972,51,0.00386,0.006692,0.005089
1972,52,0.00432,0.007138,0.005556
1972,53,0.004662,0.00801,0.00615
1972,54,0.0051,0.008797,0.006757
1972,55,0.005415,0.009447,0.007234
1972,56,0.005912,0.010594,0.008041
1972,57,0.006896,0.011568,0.009033
1972,58,0.007323,0.013005,0.009926
1972,59,0.008056,0.014366,0.010943
1972,60,0.008392,0.015499,0.011641
1972,61,0.009673,0.017531,0.013284
1972,62,0.010694,0.019403,0.014714
1972,63,0.012107,0.02217,0.016775
1972,64,0.013757,0.023794,0.018441
1972,65,0.014772,0.026505,0.020272
1972,66,0.016167,0.029084,0.022211
1972,67,0.01852,0.033247,0.025384
1972,68,0.020508,0.036639,0.028004
1972,69,0.023331,0.039901,0.030965
1972,70,0.02648,0.044619,0.034768
1972,71,0.02878,0.049749,0.038271
1972,72,0.03268,0.054278,0.042375
1972,73,0.036464,0.060104,0.046975
1972,74,0.043029,0.067886,0.053931
1972,75,0.046402,0.072,0.057464
1972,76,0.05547,0.083444,0.067365
1972,77,0.060602,0.091833,0.073682
1972,78,0.069192,0.100336,0.081991
1972,79,0.078314,0.111702,0.091735
1972,80,0.087099,0.121838,0.100725
1972,81,0.094651,0.12983,0.108144
1972,82,0.104611,0.146717,0.120328
1972,83,0.121584,0.162423,0.13637
1972,84,0.132648,0.176478,0.14796
1972,85,0.15061,0.195426,0.165615
1972,86,0.158391,0.202248,0.172485
1972,87,0.181615,0.226977,0.195556
1972,88,0.204336,0.25398,0.218929
1972,89,0.218464,0.261997,0.230815
1972,90,0.241701,0.280368,0.252209
1973,0,0.009962,0.012912,0.01148
1973,1,0.001443,0.001732,0.001592
1973,2,0.000834,0.001077,0.000959
1973,3,0.000626,0.000931,0.000783
1973,4,0.000452,0.000769,0.000614
1973,5,0.000436,0.000669,0.000555
1973,6,0.000395,0.000591,0.000495
1973,7,0.000319,0.000509,0.000416
1973,8,0.000253,0.000469,0.000363
1973,9,0.00024,0.000355,0.000299
1973,10,0.000222,0.000305,0.000265
1973,11,0.00021,0.000338,0.000276
1973,12,0.000178,0.000339,0.00026
1973,13,0.000253,0.000359,0.000307
1973,14,0.000242,0.000376,0.000311
1973,15,0.000287,0.000546,0.000419
1973,16,0.000333,0.000985,0.000664
1973,17,0.000384,0.001295,0.000846
1973,18,0.000427,0.001095,0.000765
1973,19,0.00049,0.001144,0.00082
1973,20,0.000535,0.001235,0.000887
1973,21,0.000579,0.001215,0.000898
1973,22,0.000595,0.001191,0.000894
1973,23,0.00067,0.001182,0.000926
1973,24,0.000698,0.001196,0.000947
1973,25,0.000645,0.001168,0.000907
1973,26,0.000658,0.001161,0.00091
1973,27,0.000682,0.001144,0.000913
1973,28,0.000743,0.001298,0.00102
1973,29,0.000817,0.00125,0.001033
1973,30,0.000803,0.001288,0.001044
1973,31,0.00085,0.00139,0.00112
1973,32,0.000925,0.001432,0.001178
1973,33,0.000904,0.001574,0.001238
1973,34,0.000987,0.001663,0.001324
1973,35,0.001053,0.00185,0.001451
1973,36,0.001138,0.001921,0.00153
1973,37,0.00123,0.002223,0.001728
1973,38,0.00126,0.002403,0.001833
1973,39,0.001388,0.002683,0.002037
1973,40,0.001549,0.002942,0.002248
1973,41,0.001646,0.003212,0.002433
1973,42,0.001817,0.003368,0.002596
1973,43,0.001926,0.003601,0.002766
1973,44,0.002171,0.003831,0.003002
1973,45,0.0024,0.00425,0.003323
1973,46,0.002506,0.004317,0.003402
1973,47,0.002749,0.004705,0.003704
1973,48,0.002965,0.004996,0.003937
1973,49,0.003237,0.005562,0.004312
1973,50,0.003651,0.006145,0.004758
1973,51,0.00393,0.006561,0.005073
1973,52,0.004312,0.007249,0.005584
1973,53,0.004697,0.007609,0.005971
1973,54,0.004774,0.008475,0.006416
1973,55,0.005336,0.009102,0.007021
1973,56,0.00595,0.010306,0.007911
1973,57,0.006383,0.011396,0.008656
1973,58,0.007162,0.012341,0.009523
1973,59,0.007539,0.013886,0.010437
1973,60,0.00839,0.014872,0.011344
1973,61,0.009351,0.016998,0.012833
1973,62,0.010251,0.018639,0.014086
1973,63,0.011683,0.020991,0.015957
1973,64,0.013051,0.023876,0.018044
1973,65,0.014676,0.025935,0.019898
1973,66,0.015668,0.029079,0.021909
1973,67,0.017808,0.031697,0.024255
1973,68,0.019936,0.036081,0.027396
1973,69,0.022737,0.039254,0.030344
1973,70,0.025885,0.044965,0.034592
1973,71,0.028973,0.048947,0.038001
1973,72,0.031716,0.053326,0.041385
1973,73,0.036313,0.058672,0.046232
1973,74,0.042375,0.065396,0.052476
1973,75,0.048384,0.076005,0.060321
1973,76,0.052373,0.082132,0.065024
1973,77,0.062433,0.091171,0.074443
1973,78,0.069785,0.102126,0.083094
1973,79,0.07807,0.112835,0.092092
1973,80,0.089158,0.123729,0.102763
1973,81,0.101525,0.137961,0.115514
1973,82,0.110947,0.144928,0.123696
1973,83,0.126953,0.166844,0.141482
1973,84,0.140294,0.182366,0.155135
1973,85,0.152768,0.192125,0.166152
1973,86,0.174686,0.22258,0.190263
1973,87,0.182252,0.222479,0.194788
1973,88,0.211517,0.257333,0.225153
1973,89,0.238605,0.273533,0.248585
1973,90,0.254045,0.30114,0.267023
1974,0,0.009326,0.012088,0.010746
1974,1,0.001334,0.001544,0.001442
1974,2,0.000785,0.00102,0.000906
1974,3,0.000605,0.00078,0.000695
1974,4,0.000475,0.000677,0.000579
1974,5,0.000359,0.000618,0.000491
1974,6,0.000346,0.000515,0.000433
1974,7,0.000271,0.000428,0.000351
1974,8,0.000229,0.000359,0.000295
1974,9,0.000206,0.000327,0.000268
1974,10,0.000186,0.000281,0.000235
1974,11,0.000201,0.000281,0.000242
1974,12,0.000202,0.000287,0.000246
1974,13,0.000197,0.000342,0.000271
1974,14,0.000215,0.000351,0.000284
1974,15,0.000308,0.000493,0.000402
1974,16,0.000359,0.000953,0.000661
1974,17,0.000339,0.001024,0.000687
1974,18,0.000358,0.001028,0.000698
1974,19,0.000475,0.001022,0.000752
1974,20,0.000484,0.001068,0.000778
1974,21,0.000556,0.001097,0.000828
1974,22,0.000535,0.001084,0.000811
1974,23,0.000646,0.001051,0.000849
1974,24,0.000637,0.001113,0.000875
1974,25,0.000639,0.001097,0.000868
1974,26,0.000658,0.001069,0.000864
1974,27,0.000685,0.001102,0.000894
1974,28,0.000638,0.001109,0.000874
1974,29,0.000723,0.001185,0.000953
1974,30,0.000801,0.001242,0.001021
1974,31,0.00077,0.001262,0.001016
1974,32,0.000799,0.001336,0.001067
1974,33,0.000945,0.001475,0.00121
1974,34,0.000914,0.001586,0.00125
1974,35,0.001003,0.001749,0.001375
1974,36,0.001055,0.001963,0.001509
1974,37,0.001163,0.002101,0.001633
1974,38,0.001245,0.00218,0.001714
1974,39,0.001367,0.002543,0.001956
1974,40,0.0014,0.002774,0.002089
1974,41,0.001559,0.003151,0.002358
1974,42,0.001769,0.003443,0.002611
1974,43,0.001896,0.003563,0.002733
1974,44,0.002156,0.003746,0.002953
1974,45,0.002155,0.003927,0.003041
1974,46,0.002442,0.004296,0.003366
1974,47,0.002622,0.004651,0.003624
1974,48,0.002893,0.005057,0.003948
1974,49,0.003086,0.005328,0.004158
1974,50,0.003463,0.005941,0.004607
1974,51,0.003803,0.00629,0.004905
1974,52,0.003997,0.006738,0.005186
1974,53,0.004415,0.00755,0.00577
1974,54,0.004687,0.008162,0.006204
1974,55,0.005095,0.008837,0.006751
1974,56,0.005554,0.00989,0.007488
1974,57,0.006001,0.011045,0.008266
1974,58,0.00692,0.012042,0.009236
1974,59,0.007499,0.013205,0.010091
1974,60,0.008149,0.014849,0.011195
1974,61,0.008916,0.016062,0.012159
1974,62,0.010046,0.018501,0.013878
1974,63,0.011107,0.019974,0.015139
1974,64,0.01249,0.022717,0.017158
1974,65,0.01406,0.025328,0.019225
1974,66,0.015545,0.028085,0.02132
1974,67,0.017279,0.030832,0.023536
1974,68,0.01972,0.034552,0.026543
1974,69,0.022299,0.038845,0.029872
1974,70,0.024985,0.042694,0.033058
1974,71,0.028607,0.048009,0.037365
1974,72,0.031678,0.052721,0.041076
1974,73,0.03563,0.058099,0.045562
1974,74,0.040365,0.063394,0.050453
1974,75,0.045758,0.071825,0.05703
1974,76,0.054218,0.080654,0.065458
1974,77,0.058694,0.087362,0.070669
1974,78,0.06978,0.098776,0.081683
1974,79,0.077089,0.111233,0.09087
1974,80,0.088562,0.120216,0.101085
1974,81,0.097291,0.12942,0.109669
1974,82,0.112189,0.147629,0.125502
1974,83,0.122876,0.157625,0.135623
1974,84,0.138867,0.179396,0.153257
1974,85,0.155171,0.197704,0.16977
1974,86,0.169535,0.207866,0.182215
1974,87,0.189764,0.238239,0.205064
1974,88,0.203133,0.242863,0.215134
1974,89,0.232613,0.279432,0.246154
1974,90,0.262446,0.303207,0.273769
1975,0,0.008545,0.010943,0.009777
1975,1,0.001222,0.00147,0.001349
1975,2,0.000721,0.000973,0.00085
1975,3,0.000541,0.000759,0.000653
1975,4,0.000436,0.000624,0.000532
1975,5,0.000371,0.000551,0.000463
1975,6,0.000308,0.000578,0.000446
1975,7,0.000243,0.000409,0.000328
1975,8,0.000221,0.000377,0.000301
1975,9,0.00019,0.000289,0.000241
1975,10,0.000206,0.000306,0.000257
1975,11,0.000161,0.000261,0.000212
1975,12,0.000198,0.000299,0.000249
1975,13,0.00019,0.00031,0.000251
1975,14,0.000235,0.000351,0.000294
1975,15,0.000255,0.000427,0.000343
1975,16,0.000268,0.000901,0.00059
1975,17,0.000339,0.00096,0.000654
1975,18,0.000364,0.000959,0.000665
1975,19,0.00042,0.001079,0.000753
1975,20,0.000549,0.00104,0.000797
1975,21,0.000487,0.001057,0.000774
1975,22,0.000544,0.001062,0.000804
1975,23,0.000558,0.001069,0.000814
1975,24,0.000586,0.001051,0.000819
1975,25,0.000658,0.001071,0.000865
1975,26,0.000584,0.001022,0.000804
1975,27,0.000577,0.001052,0.000816
1975,28,0.000643,0.001061,0.000853
1975,29,0.000696,0.001075,0.000886
1975,30,0.000761,0.001177,0.000969
1975,31,0.000736,0.001277,0.001006
1975,32,0.000745,0.001268,0.001006
1975,33,0.000879,0.001342,0.001111
1975,34,0.000899,0.001544,0.001221
1975,35,0.000963,0.001627,0.001295
1975,36,0.000959,0.001619,0.001288
1975,37,0.001156,0.001969,0.001562
1975,38,0.001167,0.002179,0.001674
1975,39,0.001318,0.002294,0.001807
1975,40,0.001396,0.00265,0.002025
1975,41,0.001543,0.002743,0.002144
1975,42,0.001664,0.003316,0.002493
1975,43,0.001862,0.003516,0.002693
1975,44,0.001941,0.003694,0.002821
1975,45,0.002053,0.004192,0.003124
1975,46,0.002297,0.004203,0.003249
1975,47,0.002572,0.00467,0.003615
1975,48,0.002765,0.004913,0.003825
1975,49,0.003036,0.005296,0.004137
1975,50,0.003235,0.005699,0.004412
1975,51,0.003631,0.006146,0.00479
1975,52,0.003982,0.006889,0.005268
1975,53,0.004402,0.007078,0.00556
1975,54,0.004594,0.007729,0.005946
1975,55,0.004889,0.008722,0.006559
1975,56,0.00549,0.0098,0.007392
1975,57,0.005935,0.010712,0.00806
1975,58,0.006506,0.011878,0.008911
1975,59,0.007076,0.012781,0.009646
1975,60,0.007607,0.013847,0.01043
1975,61,0.008717,0.015428,0.011755
1975,62,0.00937,0.017257,0.012933
1975,63,0.010283,0.0192,0.014303
1975,64,0.011958,0.021157,0.016117
1975,65,0.013042,0.023569,0.017817
1975,66,0.014785,0.026724,0.020221
1975,67,0.016986,0.030265,0.023057
1975,68,0.018204,0.03308,0.025013
1975,69,0.020338,0.036944,0.027907
1975,70,0.02419,0.041359,0.03197
1975,71,0.026425,0.045501,0.035031
1975,72,0.031011,0.051374,0.040099
1975,73,0.034332,0.056211,0.043984
1975,74,0.038687,0.062838,0.049225
1975,75,0.043843,0.067803,0.054193
1975,76,0.048651,0.075718,0.060181
1975,77,0.059263,0.086299,0.070569
1975,78,0.063161,0.09153,0.074808
1975,79,0.073982,0.107209,0.08736
1975,80,0.084865,0.116706,0.097513
1975,81,0.096114,0.127301,0.108206
1975,82,0.105903,0.145633,0.120869
1975,83,0.120837,0.156909,0.134079
1975,84,0.134663,0.168321,0.146708
1975,85,0.146815,0.186168,0.160446
1975,86,0.165858,0.211813,0.181197
1975,87,0.182033,0.220108,0.19425
1975,88,0.202821,0.244653,0.215596
1975,89,0.218084,0.255098,0.228926
1975,90,0.247877,0.288872,0.259403
1976,0,0.00805,0.010343,0.009228
1976,1,0.001187,0.001294,0.001242
1976,2,0.000641,0.000891,0.000769
1976,3,0.000472,0.000705,0.000592
1976,4,0.000415,0.000592,0.000506
1976,5,0.000339,0.000505,0.000424
1976,6,0.0003,0.000447,0.000375
1976,7,0.000291,0.000395,0.000345
1976,8,0.000226,0.000329,0.000279
1976,9,0.000192,0.000314,0.000255
1976,10,0.000159,0.000272,0.000217
1976,11,0.000197,0.000279,0.000239
1976,12,0.000165,0.000268,0.000218
1976,13,0.000205,0.000316,0.000262
1976,14,0.000164,0.000311,0.000239
1976,15,0.00022,0.000416,0.00032
1976,16,0.000259,0.000799,0.000535
1976,17,0.000303,0.000889,0.000602
1976,18,0.000344,0.001016,0.000685
1976,19,0.000395,0.000992,0.000698
1976,20,0.000447,0.001018,0.000735
1976,21,0.000417,0.001009,0.000716
1976,22,0.000525,0.001043,0.000786
1976,23,0.000543,0.000992,0.000769
1976,24,0.000536,0.00098,0.000759
1976,25,0.000554,0.000952,0.000754
1976,26,0.000579,0.000994,0.000787
1976,27,0.000585,0.000969,0.000778
1976,28,0.000607,0.001031,0.00082
1976,29,0.000629,0.001043,0.000837
1976,30,0.000671,0.001021,0.000847
1976,31,0.000681,0.001208,0.000944
1976,32,0.000716,0.001217,0.000966
1976,33,0.000803,0.001327,0.001065
1976,34,0.000815,0.001358,0.001087
1976,35,0.000882,0.001576,0.001229
1976,36,0.001004,0.001608,0.001306
1976,37,0.001037,0.001726,0.001381
1976,38,0.001112,0.001981,0.001546
1976,39,0.00118,0.002329,0.001755
1976,40,0.001311,0.002497,0.001905
1976,41,0.00146,0.002813,0.002138
1976,42,0.00154,0.002922,0.002232
1976,43,0.001747,0.003538,0.002645
1976,44,0.001855,0.003674,0.002768
1976,45,0.002028,0.004149,0.003091
1976,46,0.002252,0.004279,0.003266
1976,47,0.00239,0.004557,0.00347
1976,48,0.002599,0.004876,0.00373
1976,49,0.002873,0.005152,0.003996
1976,50,0.003089,0.005479,0.004252
1976,51,0.003478,0.006058,0.004709
1976,52,0.003662,0.006784,0.005099
1976,53,0.00409,0.007154,0.005443
1976,54,0.004462,0.007613,0.005823
1976,55,0.004759,0.008628,0.006423
1976,56,0.005139,0.009432,0.007004
1976,57,0.005756,0.009985,0.007618
1976,58,0.006141,0.011429,0.008487
1976,59,0.006877,0.012402,0.009343
1976,60,0.007319,0.013708,0.010188
1976,61,0.008361,0.014733,0.011233
1976,62,0.008728,0.016754,0.012346
1976,63,0.009816,0.018456,0.0137
1976,64,0.011294,0.020807,0.015561
1976,65,0.012716,0.023175,0.017417
1976,66,0.013995,0.025238,0.019062
1976,67,0.015955,0.028494,0.021624
1976,68,0.018087,0.032202,0.02449
1976,69,0.019518,0.03535,0.0267
1976,70,0.022901,0.039551,0.030419
1976,71,0.025757,0.044385,0.034112
1976,72,0.028887,0.049441,0.038058
1976,73,0.033682,0.055486,0.043299
1976,74,0.037569,0.06079,0.047683
1976,75,0.041555,0.066531,0.052306
1976,76,0.04833,0.073475,0.05903
1976,77,0.055347,0.082569,0.066764
1976,78,0.064954,0.094797,0.077226
1976,79,0.069147,0.101942,0.082357
1976,80,0.084097,0.115868,0.096681
1976,81,0.093465,0.125803,0.106071
1976,82,0.103453,0.139819,0.117253
1976,83,0.11584,0.156567,0.130824
1976,84,0.128998,0.169733,0.143581
1976,85,0.14642,0.186412,0.160377
1976,86,0.168405,0.206923,0.181403
1976,87,0.180081,0.227518,0.195464
1976,88,0.200268,0.238533,0.212178
1976,89,0.226725,0.26324,0.237567
1976,90,0.237378,0.282288,0.250131
1977,0,0.007766,0.009885,0.008855
1977,1,0.001144,0.001287,0.001217
1977,2,0.000644,0.000763,0.000705
1977,3,0.000429,0.00067,0.000552
1977,4,0.000385,0.000564,0.000476
1977,5,0.000353,0.000506,0.000432
1977,6,0.000307,0.000482,0.000397
1977,7,0.000252,0.000365,0.00031
1977,8,0.000213,0.000299,0.000257
1977,9,0.000167,0.000273,0.000221
1977,10,0.000164,0.000225,0.000195
1977,11,0.000168,0.000217,0.000193
1977,12,0.000173,0.000249,0.000212
1977,13,0.000159,0.000304,0.000233
1977,14,0.000164,0.000303,0.000235
1977,15,0.000198,0.000402,0.000302
1977,16,0.000256,0.000745,0.000506
1977,17,0.000289,0.00082,0.000559
1977,18,0.000323,0.000898,0.000615
1977,19,0.000377,0.000906,0.000645
1977,20,0.000394,0.000952,0.000676
1977,21,0.000428,0.000959,0.000697
1977,22,0.000426,0.000949,0.00069
1977,23,0.000486,0.000999,0.000744
1977,24,0.000459,0.000952,0.000707
1977,25,0.000502,0.00093,0.000717
1977,26,0.00053,0.000978,0.000755
1977,27,0.000544,0.000985,0.000765
1977,28,0.000567,0.000959,0.000764
1977,29,0.000572,0.001025,0.0008
1977,30,0.000651,0.001022,0.000838
1977,31,0.000593,0.001036,0.000815
1977,32,0.000736,0.001159,0.000947
1977,33,0.000713,0.001267,0.00099
1977,34,0.000791,0.001351,0.001071
1977,35,0.000854,0.001428,0.001141
1977,36,0.000961,0.001654,0.001308
1977,37,0.00099,0.001817,0.001403
1977,38,0.000983,0.001896,0.001439
1977,39,0.001152,0.002066,0.001608
1977,40,0.001257,0.002375,0.001816
1977,41,0.001299,0.002546,0.001923
1977,42,0.001499,0.002924,0.002212
1977,43,0.001547,0.003132,0.00234
1977,44,0.001755,0.003594,0.002676
1977,45,0.001951,0.004035,0.002995
1977,46,0.002088,0.004166,0.003128
1977,47,0.002253,0.004793,0.003521
1977,48,0.002573,0.004784,0.003674
1977,49,0.002814,0.005376,0.004084
1977,50,0.003063,0.005582,0.004302
1977,51,0.003341,0.006101,0.004682
1977,52,0.003581,0.00636,0.004904
1977,53,0.00391,0.006997,0.005328
1977,54,0.004058,0.007393,0.005528
1977,55,0.004391,0.008243,0.006051
1977,56,0.005075,0.009046,0.006779
1977,57,0.005361,0.009527,0.007166
1977,58,0.005842,0.0109,0.008062
1977,59,0.006226,0.011774,0.00868
1977,60,0.007203,0.013,0.009781
1977,61,0.007728,0.014489,0.010753
1977,62,0.008843,0.016189,0.012141
1977,63,0.009497,0.017559,0.013115
1977,64,0.010546,0.02,0.014774
1977,65,0.011905,0.021361,0.016125
1977,66,0.013424,0.024314,0.018291
1977,67,0.015127,0.026682,0.020301
1977,68,0.016887,0.031396,0.023399
1977,69,0.019534,0.033962,0.026025
1977,70,0.021417,0.037609,0.028699
1977,71,0.023779,0.042082,0.031964
1977,72,0.027467,0.046801,0.036046
1977,73,0.031242,0.051726,0.040276
1977,74,0.035687,0.058624,0.045678
1977,75,0.040911,0.064772,0.051165
1977,76,0.045827,0.071411,0.056679
1977,77,0.0514,0.078221,0.062638
1977,78,0.057947,0.085316,0.069233
1977,79,0.068273,0.099094,0.080719
1977,80,0.073688,0.105452,0.086253
1977,81,0.089908,0.119299,0.101331
1977,82,0.09687,0.131689,0.110176
1977,83,0.107665,0.144251,0.121231
1977,84,0.122205,0.15963,0.135647
1977,85,0.139801,0.17442,0.151896
1977,86,0.152506,0.184621,0.16347
1977,87,0.17241,0.210492,0.184952
1977,88,0.190974,0.225915,0.201995
1977,89,0.205828,0.248982,0.218961
1977,90,0.227658,0.271092,0.240117
1978,0,0.007314,0.00931,0.00834
1978,1,0.001062,0.001243,0.001155
1978,2,0.000575,0.00075,0.000665
1978,3,0.000448,0.000661,0.000557
1978,4,0.000368,0.000556,0.000465
1978,5,0.000278,0.000461,0.000372
1978,6,0.000259,0.000461,0.000363
1978,7,0.000227,0.00037,0.0003
1978,8,0.000165,0.00034,0.000255
1978,9,0.000175,0.000281,0.00023
1978,10,0.000177,0.00024,0.00021
1978,11,0.000134,0.000192,0.000164
1978,12,0.000175,0.000241,0.000209
1978,13,0.000168,0.000265,0.000218
1978,14,0.000169,0.000316,0.000244
1978,15,0.000172,0.000419,0.000298
1978,16,0.000278,0.000789,0.000539
1978,17,0.000288,0.000919,0.000609
1978,18,0.000355,0.00093,0.000648
1978,19,0.000363,0.00102,0.000696
1978,20,0.000418,0.000942,0.000683
1978,21,0.000389,0.00091,0.000652
1978,22,0.000414,0.00089,0.000654
1978,23,0.000423,0.000939,0.000683
1978,24,0.000455,0.00092,0.000689
1978,25,0.000505,0.000964,0.000735
1978,26,0.000517,0.000914,0.000716
1978,27,0.000535,0.000855,0.000696
1978,28,0.000567,0.000908,0.000738
1978,29,0.000587,0.000973,0.000781
1978,30,0.000621,0.000989,0.000807
1978,31,0.000666,0.001059,0.000864
1978,32,0.000639,0.0011,0.00087
1978,33,0.00072,0.001282,0.001001
1978,34,0.000781,0.001309,0.001045
1978,35,0.000829,0.001406,0.001117
1978,36,0.000888,0.001491,0.00119
1978,37,0.000962,0.001612,0.001287
1978,38,0.001029,0.001857,0.001443
1978,39,0.001142,0.001988,0.001564
1978,40,0.001164,0.002273,0.001717
1978,41,0.001319,0.002408,0.001863
1978,42,0.001417,0.002754,0.002086
1978,43,0.001586,0.003206,0.002396
1978,44,0.001695,0.003472,0.002583
1978,45,0.00184,0.003658,0.002749
1978,46,0.002077,0.004081,0.00308
1978,47,0.002177,0.004538,0.003357
1978,48,0.002466,0.00483,0.003644
1978,49,0.002613,0.005125,0.003862
1978,50,0.002794,0.005508,0.004137
1978,51,0.003151,0.005803,0.004453
1978,52,0.003392,0.006443,0.004873
1978,53,0.003663,0.006787,0.005148
1978,54,0.004058,0.007419,0.0056
1978,55,0.004359,0.008065,0.005989
1978,56,0.004746,0.008788,0.006483
1978,57,0.005191,0.009573,0.007066
1978,58,0.005687,0.010604,0.007812
1978,59,0.006081,0.011787,0.008578
1978,60,0.006925,0.012698,0.009469
1978,61,0.007494,0.013879,0.010324
1978,62,0.00823,0.015283,0.011373
1978,63,0.009102,0.017137,0.012694
1978,64,0.009907,0.018769,0.013863
1978,65,0.011628,0.021389,0.015971
1978,66,0.013033,0.023648,0.017743
1978,67,0.014562,0.026107,0.019689
1978,68,0.015656,0.029865,0.021971
1978,69,0.017925,0.03296,0.024616
1978,70,0.021082,0.037221,0.02828
1978,71,0.023239,0.040293,0.030837
1978,72,0.027812,0.04492,0.035386
1978,73,0.029974,0.050828,0.039127
1978,74,0.033767,0.056946,0.043862
1978,75,0.0395,0.063376,0.049761
1978,76,0.045522,0.071109,0.056363
1978,77,0.049575,0.076832,0.06096
1978,78,0.056193,0.086913,0.068848
1978,79,0.064399,0.094132,0.076438
1978,80,0.074324,0.10553,0.086632
1978,81,0.081223,0.115187,0.094403
1978,82,0.095916,0.130815,0.109203
1978,83,0.107422,0.139651,0.119473
1978,84,0.121094,0.153505,0.132862
1978,85,0.130593,0.17293,0.145434
1978,86,0.147124,0.190152,0.16178
1978,87,0.167459,0.199593,0.178177
1978,88,0.181048,0.229066,0.19644
1978,89,0.205734,0.245233,0.217851
1978,90,0.225806,0.269013,0.238553
1979,0,0.00688,0.008692,0.007811
1979,1,0.000977,0.001181,0.001082
1979,2,0.000556,0.000714,0.000637
1979,3,0.000395,0.000586,0.000493
1979,4,0.000351,0.000489,0.000422
1979,5,0.000272,0.000456,0.000366
1979,6,0.000223,0.000434,0.000331
1979,7,0.000216,0.000352,0.000286
1979,8,0.000158,0.000262,0.000211
1979,9,0.000163,0.000231,0.000198
1979,10,0.000137,0.000199,0.000169
1979,11,0.000142,0.00023,0.000187
1979,12,0.000151,0.000209,0.000181
1979,13,0.000166,0.000244,0.000206
1979,14,0.000151,0.000294,0.000224
1979,15,0.000195,0.000389,0.000294
1979,16,0.000247,0.000765,0.000511
1979,17,0.000313,0.000884,0.000604
1979,18,0.000303,0.000928,0.000621
1979,19,0.000316,0.000945,0.000636
1979,20,0.000407,0.000887,0.00065
1979,21,0.000396,0.000915,0.000658
1979,22,0.000396,0.000883,0.000642
1979,23,0.000386,0.000852,0.000621
1979,24,0.000453,0.000874,0.000665
1979,25,0.000451,0.000901,0.000678
1979,26,0.000492,0.000905,0.0007
1979,27,0.00049,0.000913,0.000703
1979,28,0.00049,0.000863,0.000678
1979,29,0.000546,0.000944,0.000746
1979,30,0.000519,0.000971,0.000746
1979,31,0.000627,0.000936,0.000783
1979,32,0.000654,0.001063,0.00086
1979,33,0.000683,0.001203,0.000944
1979,34,0.000786,0.001297,0.001041
1979,35,0.000798,0.001365,0.001081
1979,36,0.000818,0.001421,0.001119
1979,37,0.0009,0.001608,0.001254
1979,38,0.001029,0.001778,0.001404
1979,39,0.001094,0.001795,0.001444
1979,40,0.001164,0.002109,0.001635
1979,41,0.001336,0.002252,0.001793
1979,42,0.00135,0.002543,0.001946
1979,43,0.001494,0.002914,0.002204
1979,44,0.001674,0.003332,0.002502
1979,45,0.00178,0.003625,0.002701
1979,46,0.002003,0.004156,0.003079
1979,47,0.002217,0.004671,0.003443
1979,48,0.002487,0.004838,0.00366
1979,49,0.002567,0.005182,0.003869
1979,50,0.002844,0.005418,0.004121
1979,51,0.002998,0.005879,0.004421
1979,52,0.003322,0.006303,0.004783
1979,53,0.003504,0.006866,0.005132
1979,54,0.00382,0.007207,0.005427
1979,55,0.004159,0.008014,0.005923
1979,56,0.004463,0.008516,0.006241
1979,57,0.00494,0.009317,0.006815
1979,58,0.005408,0.010285,0.007489
1979,59,0.00602,0.011344,0.008313
1979,60,0.00643,0.0122,0.008947
1979,61,0.007264,0.013612,0.010052
1979,62,0.0078,0.015016,0.010986
1979,63,0.008587,0.016405,0.012056
1979,64,0.009626,0.017956,0.013332
1979,65,0.010703,0.020421,0.015019
1979,66,0.011621,0.022547,0.016454
1979,67,0.013676,0.024777,0.018573
1979,68,0.015142,0.02822,0.020909
1979,69,0.01699,0.031375,0.023331
1979,70,0.019659,0.035659,0.026719
1979,71,0.022955,0.039295,0.030176
1979,72,0.024743,0.043894,0.03319
1979,73,0.027732,0.048307,0.036742
1979,74,0.03282,0.054605,0.042264
1979,75,0.035932,0.06006,0.046301
1979,76,0.042279,0.068114,0.053222
1979,77,0.047991,0.074429,0.059023
1979,78,0.054105,0.082017,0.065569
1979,79,0.060911,0.091462,0.073274
1979,80,0.068313,0.097372,0.079868
1979,81,0.079314,0.111524,0.091779
1979,82,0.087896,0.122311,0.100975
1979,83,0.104038,0.136701,0.116207
1979,84,0.113344,0.151549,0.127336
1979,85,0.127808,0.159571,0.139077
1979,86,0.138695,0.177059,0.151802
1979,87,0.158283,0.196313,0.170911
1979,88,0.172214,0.206189,0.183269
1979,89,0.1939,0.232908,0.206069
1979,90,0.208452,0.248469,0.220372
1980,0,0.00652,0.008205,0.007385
1980,1,0.000977,0.001109,0.001045
1980,2,0.000505,0.000753,0.000632
1980,3,0.000429,0.000589,0.000511
1980,4,0.000324,0.000505,0.000417
1980,5,0.000271,0.000437,0.000356
1980,6,0.000254,0.000387,0.000322
1980,7,0.000209,0.000355,0.000284
1980,8,0.000168,0.000295,0.000233
1980,9,0.000155,0.00024,0.000199
1980,10,0.000144,0.000207,0.000176
1980,11,0.000141,0.000196,0.000169
1980,12,0.000118,0.000229,0.000175
1980,13,0.000138,0.000226,0.000183
1980,14,0.000146,0.000278,0.000214
1980,15,0.000193,0.000383,0.000291
1980,16,0.000243,0.00076,0.000508
1980,17,0.000301,0.000766,0.000538
1980,18,0.000306,0.000825,0.00057
1980,19,0.00032,0.000887,0.000609
1980,20,0.000361,0.000916,0.000643
1980,21,0.000375,0.000861,0.000621
1980,22,0.000378,0.000865,0.000624
1980,23,0.00035,0.000853,0.000603
1980,24,0.000386,0.000844,0.000617
1980,25,0.000421,0.000861,0.000643
1980,26,0.00049,0.000851,0.000671
1980,27,0.000494,0.000883,0.00069
1980,28,0.0005,0.000934,0.000718
1980,29,0.00049,0.000929,0.000711
1980,30,0.000563,0.000908,0.000737
1980,31,0.000563,0.001046,0.000806
1980,32,0.000627,0.001051,0.000841
1980,33,0.000647,0.001092,0.000871
1980,34,0.000717,0.001191,0.000954
1980,35,0.000797,0.001347,0.001072
1980,36,0.000827,0.001463,0.001144
1980,37,0.000852,0.001566,0.001209
1980,38,0.000974,0.001757,0.001366
1980,39,0.001071,0.001821,0.001446
1980,40,0.001123,0.002089,0.001605
1980,41,0.00124,0.00223,0.001734
1980,42,0.001237,0.002502,0.001868
1980,43,0.00153,0.002797,0.002163
1980,44,0.001603,0.003052,0.002327
1980,45,0.001732,0.003532,0.00263
1980,46,0.001897,0.003974,0.002932
1980,47,0.002137,0.004499,0.003315
1980,48,0.002353,0.004955,0.003651
1980,49,0.002501,0.005108,0.0038
1980,50,0.00275,0.00553,0.004132
1980,51,0.003137,0.005886,0.004499
1980,52,0.003307,0.006279,0.004772
1980,53,0.003405,0.006957,0.005142
1980,54,0.003777,0.007421,0.005539
1980,55,0.00395,0.00799,0.005862
1980,56,0.0047,0.008551,0.006458
1980,57,0.004982,0.009313,0.006877
1980,58,0.005103,0.010247,0.007301
1980,59,0.005857,0.011201,0.008129
1980,60,0.006352,0.01264,0.009051
1980,61,0.007278,0.013709,0.010073
1980,62,0.007932,0.014951,0.011003
1980,63,0.00857,0.016366,0.011997
1980,64,0.009614,0.018444,0.013514
1980,65,0.010629,0.02068,0.015077
1980,66,0.012091,0.022104,0.016512
1980,67,0.013068,0.025105,0.018359
1980,68,0.014894,0.028382,0.020802
1980,69,0.017318,0.031737,0.023626
1980,70,0.019477,0.035557,0.026503
1980,71,0.022203,0.039743,0.02987
1980,72,0.02564,0.044562,0.033916
1980,73,0.027909,0.048767,0.037006
1980,74,0.032286,0.054586,0.041933
1980,75,0.037453,0.063097,0.048421
1980,76,0.04173,0.067384,0.052593
1980,77,0.048386,0.077825,0.060664
1980,78,0.054685,0.086459,0.067717
1980,79,0.060737,0.092811,0.073672
1980,80,0.071895,0.103987,0.084772
1980,81,0.077657,0.113436,0.091602
1980,82,0.092591,0.130272,0.106861
1980,83,0.099874,0.13784,0.113993
1980,84,0.118541,0.151589,0.130575
1980,85,0.129892,0.171546,0.144808
1980,86,0.145846,0.185366,0.159522
1980,87,0.161687,0.201305,0.174881
1980,88,0.183636,0.225566,0.19721
1980,89,0.202301,0.237768,0.213577
1980,90,0.227227,0.273462,0.241253
1981,0,0.006324,0.007772,0.007068
1981,1,0.000963,0.001125,0.001046
1981,2,0.000523,0.000627,0.000576
1981,3,0.00041,0.000573,0.000494
1981,4,0.000261,0.000407,0.000336
1981,5,0.00026,0.000408,0.000336
1981,6,0.000225,0.000358,0.000293
1981,7,0.000171,0.000375,0.000276
1981,8,0.000171,0.000271,0.000222
1981,9,0.000135,0.000223,0.00018
1981,10,0.000147,0.000225,0.000187
1981,11,0.000105,0.000208,0.000158
1981,12,0.000122,0.000226,0.000175
1981,13,0.000148,0.000274,0.000213
1981,14,0.000165,0.000255,0.000211
1981,15,0.000212,0.000353,0.000284
1981,16,0.000239,0.000704,0.000477
1981,17,0.000298,0.000835,0.000573
1981,18,0.000332,0.000878,0.00061
1981,19,0.000263,0.000881,0.000577
1981,20,0.000342,0.000816,0.000583
1981,21,0.000313,0.000864,0.000593
1981,22,0.000334,0.000835,0.000587
1981,23,0.00037,0.000825,0.000599
1981,24,0.000409,0.000842,0.000627
1981,25,0.000423,0.000815,0.000621
1981,26,0.000424,0.000825,0.000626
1981,27,0.000451,0.000862,0.000658
1981,28,0.000494,0.000824,0.00066
1981,29,0.000503,0.000901,0.000703
1981,30,0.000532,0.00093,0.000732
1981,31,0.000561,0.00093,0.000747
1981,32,0.000599,0.001011,0.000806
1981,33,0.000634,0.001078,0.000858
1981,34,0.00071,0.00114,0.000927
1981,35,0.000747,0.001213,0.000981
1981,36,0.00082,0.001323,0.001071
1981,37,0.000886,0.001492,0.001188
1981,38,0.000934,0.00174,0.001336
1981,39,0.000974,0.001814,0.001394
1981,40,0.001134,0.002002,0.001567
1981,41,0.001187,0.002166,0.001675
1981,42,0.001248,0.002404,0.001824
1981,43,0.001368,0.002665,0.002014
1981,44,0.001598,0.002948,0.002271
1981,45,0.001654,0.003322,0.002486
1981,46,0.001843,0.003836,0.002836
1981,47,0.002025,0.004127,0.003072
1981,48,0.002319,0.004667,0.003488
1981,49,0.002439,0.005095,0.003762
1981,50,0.002674,0.005477,0.004068
1981,51,0.002941,0.005973,0.004446
1981,52,0.003209,0.006323,0.004749
1981,53,0.003342,0.007049,0.005165
1981,54,0.003627,0.007184,0.005363
1981,55,0.003844,0.008124,0.005908
1981,56,0.004221,0.008693,0.006332
1981,57,0.004646,0.009253,0.006744
1981,58,0.005196,0.010008,0.007295
1981,59,0.005586,0.010599,0.007721
1981,60,0.006181,0.011827,0.008573
1981,61,0.006929,0.013074,0.009557
1981,62,0.00757,0.01433,0.010497
1981,63,0.008503,0.015943,0.011744
1981,64,0.009133,0.017958,0.012994
1981,65,0.010222,0.019582,0.014334
1981,66,0.011508,0.022014,0.016131
1981,67,0.012627,0.024011,0.017621
1981,68,0.014303,0.026454,0.019607
1981,69,0.016466,0.030011,0.022353
1981,70,0.018433,0.034105,0.025227
1981,71,0.021009,0.037513,0.028153
1981,72,0.023471,0.042202,0.031575
1981,73,0.027737,0.047756,0.036395
1981,74,0.030348,0.052316,0.039812
1981,75,0.035216,0.058689,0.045234
1981,76,0.040052,0.066602,0.05124
1981,77,0.045166,0.072304,0.056476
1981,78,0.05337,0.081058,0.064725
1981,79,0.060145,0.091713,0.072853
1981,80,0.067581,0.100857,0.080865
1981,81,0.076233,0.111636,0.090144
1981,82,0.085275,0.11868,0.098005
1981,83,0.09917,0.135068,0.112466
1981,84,0.108344,0.14857,0.122955
1981,85,0.130776,0.165088,0.142977
1981,86,0.143013,0.179943,0.155917
1981,87,0.158293,0.192448,0.169825
1981,88,0.171507,0.208342,0.183455
1981,89,0.194354,0.236756,0.207725
1981,90,0.207795,0.261064,0.224242
1982,0,0.005838,0.007353,0.006616
1982,1,0.000906,0.001025,0.000967
1982,2,0.000481,0.00062,0.000552
1982,3,0.000319,0.000502,0.000413
1982,4,0.000289,0.000405,0.000348
1982,5,0.000231,0.000402,0.000319
1982,6,0.000212,0.000367,0.000292
1982,7,0.000165,0.000287,0.000228
1982,8,0.000147,0.000238,0.000194
1982,9,0.00016,0.000225,0.000193
1982,10,0.00015,0.000199,0.000175
1982,11,0.000134,0.000212,0.000174
1982,12,0.000129,0.000189,0.00016
1982,13,0.00014,0.000212,0.000177
1982,14,0.000157,0.000275,0.000217
1982,15,0.000156,0.000369,0.000265
1982,16,0.000219,0.000728,0.000479
1982,17,0.000272,0.000812,0.000548
1982,18,0.000306,0.000851,0.000584
1982,19,0.000326,0.000892,0.000614
1982,20,0.000336,0.000861,0.000603
1982,21,0.000336,0.000861,0.000603
1982,22,0.000338,0.000801,0.000573
1982,23,0.000359,0.000883,0.000624
1982,24,0.000351,0.00079,0.000573
1982,25,0.000354,0.000829,0.000593
1982,26,0.000422,0.000819,0.000622
1982,27,0.000443,0.000792,0.000619
1982,28,0.000446,0.000866,0.000657
1982,29,0.000489,0.000884,0.000687
1982,30,0.000518,0.000945,0.000733
1982,31,0.000561,0.000935,0.000749
1982,32,0.000591,0.00098,0.000787
1982,33,0.00064,0.001061,0.000852
1982,34,0.000696,0.001103,0.000901
1982,35,0.000734,0.001133,0.000935
1982,36,0.000758,0.001295,0.001027
1982,37,0.000847,0.001449,0.001148
1982,38,0.00092,0.001593,0.001256
1982,39,0.000978,0.001741,0.001359
1982,40,0.000992,0.002062,0.001526
1982,41,0.00118,0.002068,0.001623
1982,42,0.001227,0.002382,0.001803
1982,43,0.00135,0.002398,0.001872
1982,44,0.001565,0.002806,0.002183
1982,45,0.001653,0.003299,0.002474
1982,46,0.001717,0.003649,0.00268
1982,47,0.002047,0.004103,0.003071
1982,48,0.002161,0.004526,0.003337
1982,49,0.00246,0.005005,0.003726
1982,50,0.0027,0.005577,0.004132
1982,51,0.002833,0.005766,0.004289
1982,52,0.00301,0.006409,0.004694
1982,53,0.003277,0.006818,0.005025
1982,54,0.003432,0.007193,0.005278
1982,55,0.003768,0.007846,0.005754
1982,56,0.004142,0.008479,0.006228
1982,57,0.004483,0.009118,0.006666
1982,58,0.004938,0.009646,0.007077
1982,59,0.005442,0.010671,0.007717
1982,60,0.005889,0.011428,0.00824
1982,61,0.006642,0.012654,0.00918
1982,62,0.00709,0.013663,0.00989
1982,63,0.007948,0.015896,0.011374
1982,64,0.009,0.016744,0.012357
1982,65,0.00981,0.018657,0.013661
1982,66,0.010875,0.020803,0.015212
1982,67,0.011958,0.02347,0.016992
1982,68,0.013355,0.025737,0.01875
1982,69,0.015339,0.028302,0.020956
1982,70,0.017116,0.03167,0.023387
1982,71,0.019892,0.036295,0.026935
1982,72,0.022066,0.039824,0.029675
1982,73,0.025287,0.044792,0.033633
1982,74,0.029179,0.050284,0.038195
1982,75,0.03272,0.055221,0.042286
1982,76,0.037438,0.062784,0.0481
1982,77,0.043083,0.071074,0.054692
1982,78,0.048787,0.077539,0.060578
1982,79,0.055872,0.086835,0.068344
1982,80,0.064285,0.095286,0.076638
1982,81,0.073079,0.105179,0.085639
1982,82,0.08215,0.116898,0.095517
1982,83,0.087808,0.124896,0.101636
1982,84,0.105549,0.143751,0.119359
1982,85,0.114612,0.151574,0.127711
1982,86,0.135365,0.168701,0.146951
1982,87,0.145982,0.180776,0.157871
1982,88,0.163962,0.201349,0.176296
1982,89,0.179406,0.221096,0.192549
1982,90,0.197283,0.238266,0.209852
1983,0,0.005638,0.006818,0.006243
1983,1,0.000835,0.00099,0.000914
1983,2,0.00046,0.000533,0.000497
1983,3,0.000347,0.000429,0.000389
1983,4,0.000244,0.000407,0.000327
1983,5,0.000238,0.000377,0.00031
1983,6,0.000192,0.000326,0.00026
1983,7,0.000201,0.000314,0.000259
1983,8,0.000164,0.000242,0.000204
1983,9,0.00015,0.000229,0.000191
1983,10,0.000123,0.000191,0.000158
1983,11,0.000133,0.000179,0.000157
1983,12,0.000133,0.000173,0.000153
1983,13,0.000134,0.000208,0.000172
1983,14,0.00014,0.000304,0.000224
1983,15,0.000198,0.000367,0.000285
1983,16,0.000246,0.000748,0.000503
1983,17,0.000302,0.000731,0.000521
1983,18,0.000302,0.000898,0.000606
1983,19,0.000293,0.000961,0.000634
1983,20,0.000325,0.000844,0.000589
1983,21,0.000365,0.000896,0.000635
1983,22,0.000373,0.000887,0.000634
1983,23,0.000372,0.000886,0.000632
1983,24,0.000408,0.00083,0.000622
1983,25,0.000424,0.000867,0.000647
1983,26,0.000433,0.000854,0.000645
1983,27,0.000413,0.000911,0.000664
1983,28,0.000433,0.000863,0.00065
1983,29,0.000505,0.000851,0.00068
1983,30,0.000516,0.001036,0.000777
1983,31,0.000527,0.000952,0.000741
1983,32,0.000522,0.000991,0.000758
1983,33,0.000594,0.001057,0.000827
1983,34,0.000722,0.001131,0.000928
1983,35,0.000759,0.001207,0.000984
1983,36,0.00079,0.001317,0.001055
1983,37,0.000783,0.001368,0.001076
1983,38,0.000918,0.001699,0.001307
1983,39,0.000952,0.001871,0.00141
1983,40,0.001042,0.002083,0.001561
1983,41,0.001166,0.002154,0.001659
1983,42,0.001259,0.002456,0.001856
1983,43,0.001295,0.002543,0.001917
1983,44,0.00148,0.002896,0.002185
1983,45,0.001572,0.003174,0.002369
1983,46,0.001807,0.00356,0.00268
1983,47,0.001871,0.004037,0.00295
1983,48,0.002182,0.004516,0.003343
1983,49,0.002263,0.004998,0.003622
1983,50,0.002557,0.005599,0.004068
1983,51,0.002906,0.00625,0.004567
1983,52,0.003017,0.00663,0.004808
1983,53,0.003235,0.006912,0.005053
1983,54,0.003397,0.007534,0.005436
1983,55,0.003873,0.008259,0.006022
1983,56,0.00397,0.008758,0.006296
1983,57,0.004471,0.009323,0.006799
1983,58,0.00476,0.010106,0.007271
1983,59,0.005093,0.010874,0.007711
1983,60,0.005784,0.011533,0.008277
1983,61,0.006425,0.012457,0.008976
1983,62,0.007295,0.013926,0.010085
1983,63,0.007926,0.015064,0.010954
1983,64,0.00845,0.016824,0.012043
1983,65,0.009545,0.01816,0.013261
1983,66,0.010825,0.020642,0.015075
1983,67,0.011726,0.022613,0.016452
1983,68,0.013353,0.025297,0.01854
1983,69,0.014829,0.027639,0.020371
1983,70,0.016864,0.031494,0.023152
1983,71,0.019231,0.035078,0.025995
1983,72,0.021632,0.039553,0.02925
1983,73,0.024897,0.043985,0.032987
1983,74,0.028322,0.050839,0.037842
1983,75,0.033095,0.056341,0.042897
1983,76,0.03619,0.061223,0.046681
1983,77,0.041015,0.069357,0.052747
1983,78,0.048218,0.078155,0.060424
1983,79,0.055016,0.086222,0.067586
1983,80,0.063906,0.095388,0.076443
1983,81,0.071589,0.107461,0.085604
1983,82,0.082052,0.118183,0.095881
1983,83,0.09179,0.13042,0.106319
1983,84,0.101942,0.14087,0.116109
1983,85,0.11859,0.159707,0.133083
1983,86,0.129191,0.169144,0.143002
1983,87,0.151917,0.18959,0.164698
1983,88,0.164265,0.20619,0.17824
1983,89,0.186245,0.224622,0.198569
1983,90,0.202563,0.249856,0.217024
1984,0,0.005309,0.006662,0.006003
1984,1,0.000807,0.000887,0.000848
1984,2,0.000484,0.000574,0.00053
1984,3,0.000355,0.000409,0.000383
1984,4,0.000248,0.000378,0.000315
1984,5,0.000196,0.000335,0.000268
1984,6,0.000206,0.000289,0.000248
1984,7,0.000148,0.000264,0.000208
1984,8,0.00013,0.000206,0.000169
1984,9,0.000151,0.000198,0.000175
1984,10,0.000116,0.000182,0.00015
1984,11,0.00012,0.000187,0.000155
1984,12,0.000126,0.000212,0.00017
1984,13,0.000121,0.000225,0.000174
1984,14,0.00013,0.000244,0.000189
1984,15,0.000181,0.000333,0.000259
1984,16,0.000201,0.000684,0.000448
1984,17,0.000251,0.000771,0.000517
1984,18,0.000269,0.000772,0.000526
1984,19,0.000319,0.000931,0.000631
1984,20,0.000323,0.000918,0.000626
1984,21,0.000348,0.000812,0.000584
1984,22,0.00035,0.000886,0.000622
1984,23,0.000366,0.000862,0.000618
1984,24,0.000353,0.000743,0.00055
1984,25,0.000399,0.000793,0.000598
1984,26,0.000416,0.000875,0.000648
1984,27,0.000434,0.000757,0.000597
1984,28,0.000457,0.000815,0.000638
1984,29,0.000459,0.000888,0.000675
1984,30,0.000469,0.00083,0.000651
1984,31,0.000563,0.000965,0.000765
1984,32,0.00053,0.000969,0.00075
1984,33,0.000593,0.001018,0.000806
1984,34,0.000645,0.001064,0.000855
1984,35,0.00069,0.001251,0.000972
1984,36,0.000765,0.001291,0.00103
1984,37,0.000855,0.001391,0.001124
1984,38,0.000834,0.001605,0.00122
1984,39,0.00096,0.00175,0.001354
1984,40,0.001073,0.002002,0.001536
1984,41,0.001178,0.002157,0.001666
1984,42,0.001214,0.002357,0.001784
1984,43,0.00138,0.002593,0.001984
1984,44,0.001467,0.002842,0.002152
1984,45,0.001559,0.003153,0.002352
1984,46,0.001744,0.003322,0.002528
1984,47,0.001953,0.003871,0.002907
1984,48,0.002091,0.004086,0.003084
1984,49,0.002293,0.00475,0.003514
1984,50,0.002383,0.005402,0.003881
1984,51,0.002668,0.005995,0.004318
1984,52,0.002928,0.00657,0.004734
1984,53,0.003144,0.006924,0.005014
1984,54,0.003279,0.007669,0.005444
1984,55,0.003706,0.008088,0.00586
1984,56,0.003825,0.008722,0.006218
1984,57,0.004112,0.009102,0.00653
1984,58,0.004638,0.009932,0.00717
1984,59,0.005122,0.010585,0.00768
1984,60,0.005558,0.011649,0.008308
1984,61,0.006076,0.012598,0.008894
1984,62,0.00661,0.013402,0.009472
1984,63,0.007376,0.014771,0.010474
1984,64,0.008277,0.016574,0.011781
1984,65,0.009278,0.018232,0.0131
1984,66,0.010143,0.019847,0.014306
1984,67,0.011572,0.021969,0.016046
1984,68,0.012871,0.024215,0.017763
1984,69,0.014336,0.026827,0.019724
1984,70,0.015951,0.029743,0.021873
1984,71,0.017822,0.03375,0.024608
1984,72,0.020778,0.037282,0.027751
1984,73,0.023614,0.042091,0.031385
1984,74,0.026573,0.04846,0.03574
1984,75,0.03033,0.053323,0.039924
1984,76,0.035559,0.060729,0.046021
1984,77,0.039066,0.066581,0.050416
1984,78,0.045224,0.074087,0.056967
1984,79,0.052715,0.08433,0.065375
1984,80,0.060008,0.092345,0.072872
1984,81,0.068548,0.104015,0.082389
1984,82,0.077721,0.113781,0.091497
1984,83,0.088251,0.127716,0.103004
1984,84,0.099655,0.140205,0.114532
1984,85,0.10919,0.14979,0.123585
1984,86,0.125866,0.169743,0.140914
1984,87,0.139864,0.179755,0.15329
1984,88,0.161325,0.201889,0.174715
1984,89,0.175376,0.217006,0.188891
1984,90,0.194518,0.237008,0.207764
1985,0,0.005048,0.00584,0.005454
1985,1,0.000762,0.000921,0.000843
1985,2,0.000407,0.000553,0.000482
1985,3,0.000286,0.000448,0.000369
1985,4,0.000226,0.000313,0.00027
1985,5,0.00022,0.000312,0.000267
1985,6,0.000156,0.000303,0.000232
1985,7,0.000159,0.000275,0.000218
1985,8,0.000135,0.000214,0.000176
1985,9,0.000102,0.000224,0.000165
1985,10,0.000121,0.000176,0.000149
1985,11,0.000125,0.000167,0.000147
1985,12,0.000117,0.000187,0.000153
1985,13,0.000135,0.000224,0.000181
1985,14,0.000159,0.000238,0.0002
1985,15,0.000167,0.000342,0.000257
1985,16,0.00025,0.000679,0.00047
1985,17,0.000219,0.000816,0.000525
1985,18,0.000246,0.00079,0.000524
1985,19,0.000316,0.000899,0.000613
1985,20,0.000308,0.000928,0.000624
1985,21,0.000299,0.000838,0.000573
1985,22,0.000313,0.00083,0.000576
1985,23,0.000322,0.000771,0.00055
1985,24,0.000375,0.000801,0.00059
1985,25,0.000361,0.000766,0.000566
1985,26,0.000371,0.000812,0.000594
1985,27,0.000405,0.000811,0.00061
1985,28,0.000434,0.000816,0.000627
1985,29,0.000452,0.000831,0.000643
1985,30,0.000499,0.00081,0.000656
1985,31,0.000489,0.000775,0.000633
1985,32,0.000543,0.000924,0.000735
1985,33,0.000574,0.001012,0.000794
1985,34,0.000628,0.001056,0.000843
1985,35,0.000649,0.001192,0.000922
1985,36,0.000732,0.001278,0.001006
1985,37,0.000793,0.001336,0.001066
1985,38,0.000818,0.001457,0.001139
1985,39,0.000899,0.001563,0.001232
1985,40,0.00105,0.001924,0.001486
1985,41,0.001082,0.002017,0.001548
1985,42,0.001249,0.002176,0.001711
1985,43,0.001329,0.002414,0.00187
1985,44,0.001461,0.002736,0.002096
1985,45,0.001538,0.002835,0.002183
1985,46,0.001687,0.003284,0.00248
1985,47,0.001814,0.003752,0.002776
1985,48,0.00203,0.004039,0.003028
1985,49,0.002177,0.004546,0.003354
1985,50,0.002466,0.004997,0.003722
1985,51,0.002739,0.005717,0.004214
1985,52,0.002876,0.006447,0.004644
1985,53,0.003106,0.006874,0.004971
1985,54,0.003322,0.007343,0.005308
1985,55,0.003469,0.007887,0.005643
1985,56,0.003832,0.008808,0.006272
1985,57,0.004072,0.009101,0.006524
1985,58,0.004497,0.009497,0.006913
1985,59,0.005023,0.010591,0.007678
1985,60,0.005341,0.01137,0.008155
1985,61,0.00597,0.012467,0.008892
1985,62,0.006627,0.013087,0.009407
1985,63,0.007456,0.01435,0.010349
1985,64,0.008177,0.015778,0.011347
1985,65,0.008839,0.01757,0.012507
1985,66,0.010068,0.019399,0.01403
1985,67,0.011147,0.021084,0.015385
1985,68,0.012439,0.023815,0.017303
1985,69,0.013486,0.027258,0.019383
1985,70,0.015789,0.029303,0.021573
1985,71,0.017739,0.032109,0.023858
1985,72,0.019352,0.036774,0.026702
1985,73,0.022307,0.042047,0.030555
1985,74,0.025923,0.04709,0.034719
1985,75,0.029637,0.052469,0.039074
1985,76,0.033593,0.059638,0.044306
1985,77,0.03922,0.067835,0.050925
1985,78,0.043285,0.072878,0.055285
1985,79,0.050384,0.08148,0.062805
1985,80,0.058118,0.093056,0.071877
1985,81,0.066852,0.100569,0.079996
1985,82,0.075721,0.113658,0.090208
1985,83,0.085257,0.122478,0.099143
1985,84,0.096335,0.137437,0.111322
1985,85,0.10762,0.1508,0.123048
1985,86,0.122099,0.160473,0.135339
1985,87,0.138739,0.183472,0.153658
1985,88,0.152025,0.197562,0.166924
1985,89,0.181473,0.216277,0.192651
1985,90,0.197494,0.23487,0.209317
1986,0,0.004767,0.005599,0.005194
1986,1,0.000715,0.000967,0.000844
1986,2,0.000411,0.000539,0.000477
1986,3,0.000267,0.000407,0.000339
1986,4,0.000213,0.000325,0.00027
1986,5,0.000166,0.000298,0.000233
1986,6,0.000177,0.000249,0.000214
1986,7,0.000141,0.000245,0.000194
1986,8,0.000126,0.0002,0.000164
1986,9,0.000107,0.00018,0.000145
1986,10,9.7e-05,0.000178,0.000138
1986,11,0.000104,0.000182,0.000144
1986,12,0.000117,0.000189,0.000154
1986,13,0.00014,0.000208,0.000175
1986,14,0.000156,0.000232,0.000195
1986,15,0.000171,0.000303,0.000239
1986,16,0.000218,0.000611,0.00042
1986,17,0.000226,0.000771,0.000505
1986,18,0.000269,0.000863,0.000573
1986,19,0.000316,0.000838,0.000583
1986,20,0.000322,0.000915,0.000624
1986,21,0.000364,0.000838,0.000605
1986,22,0.000335,0.000793,0.000568
1986,23,0.000338,0.000755,0.00055
1986,24,0.000354,0.000731,0.000545
1986,25,0.00038,0.00077,0.000577
1986,26,0.000411,0.000789,0.000602
1986,27,0.000403,0.000759,0.000583
1986,28,0.000436,0.000768,0.000603
1986,29,0.000443,0.000795,0.000621
1986,30,0.000445,0.000818,0.000633
1986,31,0.000462,0.000765,0.000615
1986,32,0.000527,0.000849,0.000689
1986,33,0.000521,0.001036,0.00078
1986,34,0.000571,0.001041,0.000807
1986,35,0.000625,0.00111,0.000869
1986,36,0.000726,0.001225,0.000977
1986,37,0.000787,0.001353,0.001071
1986,38,0.000779,0.001428,0.001105
1986,39,0.000906,0.001577,0.001244
1986,40,0.000979,0.00179,0.001385
1986,41,0.0011,0.001962,0.00153
1986,42,0.001184,0.002169,0.001674
1986,43,0.00129,0.002372,0.001829
1986,44,0.001408,0.002633,0.002019
1986,45,0.001492,0.003018,0.002252
1986,46,0.001568,0.0032,0.002379
1986,47,0.001796,0.003535,0.002659
1986,48,0.00196,0.003831,0.002888
1986,49,0.002274,0.004363,0.003311
1986,50,0.002314,0.004774,0.003535
1986,51,0.002616,0.005607,0.004098
1986,52,0.002658,0.006149,0.004384
1986,53,0.002953,0.006733,0.004821
1986,54,0.003314,0.007514,0.005389
1986,55,0.003474,0.007722,0.005567
1986,56,0.003711,0.008367,0.005998
1986,57,0.00405,0.009149,0.006545
1986,58,0.004231,0.009582,0.006834
1986,59,0.004513,0.010408,0.007354
1986,60,0.00512,0.011202,0.008011
1986,61,0.005603,0.011935,0.008549
1986,62,0.006292,0.013079,0.009334
1986,63,0.007021,0.014062,0.010039
1986,64,0.007552,0.015287,0.010785
1986,65,0.008669,0.016975,0.012117
1986,66,0.009362,0.019069,0.013419
1986,67,0.010112,0.021343,0.014853
1986,68,0.011791,0.022908,0.016503
1986,69,0.013034,0.025495,0.018326
1986,70,0.01468,0.028225,0.020436
1986,71,0.016545,0.031806,0.023025
1986,72,0.018802,0.035237,0.025738
1986,73,0.021219,0.039254,0.028748
1986,74,0.024462,0.044082,0.032566
1986,75,0.027656,0.050043,0.036842
1986,76,0.031725,0.055585,0.041452
1986,77,0.036315,0.062431,0.046889
1986,78,0.042402,0.07026,0.053608
1986,79,0.047578,0.077099,0.059334
1986,80,0.056287,0.087851,0.068857
1986,81,0.062998,0.098673,0.076759
1986,82,0.072615,0.107903,0.086076
1986,83,0.082179,0.119957,0.096271
1986,84,0.093343,0.131246,0.107135
1986,85,0.104226,0.146027,0.11908
1986,86,0.119605,0.158279,0.133059
1986,87,0.12911,0.171512,0.143346
1986,88,0.15037,0.194224,0.164563
1986,89,0.162529,0.208256,0.177062
1986,90,0.191287,0.229116,0.2031
1987,0,0.004499,0.005344,0.004933
1987,1,0.000713,0.000887,0.000802
1987,2,0.000374,0.000506,0.000442
1987,3,0.000293,0.000411,0.000353
1987,4,0.00018,0.000339,0.000262
1987,5,0.000157,0.000331,0.000246
1987,6,0.000172,0.000267,0.000221
1987,7,0.000175,0.000237,0.000207
1987,8,0.000126,0.000189,0.000158
1987,9,0.000123,0.000151,0.000137
1987,10,0.000104,0.000122,0.000113
1987,11,0.000104,0.000176,0.000141
1987,12,0.000107,0.000202,0.000156
1987,13,0.000115,0.000202,0.000159
1987,14,0.000143,0.000208,0.000176
1987,15,0.000165,0.00029,0.000229
1987,16,0.00021,0.000555,0.000387
1987,17,0.000183,0.000734,0.000466
1987,18,0.000258,0.000825,0.000548
1987,19,0.000314,0.000884,0.000605
1987,20,0.000305,0.000777,0.000546
1987,21,0.000349,0.000767,0.000562
1987,22,0.000302,0.000801,0.000555
1987,23,0.000346,0.000782,0.000567
1987,24,0.000344,0.000693,0.000521
1987,25,0.000368,0.000767,0.00057
1987,26,0.000352,0.000772,0.000565
1987,27,0.00038,0.000874,0.00063
1987,28,0.000384,0.000751,0.00057
1987,29,0.000425,0.00082,0.000624
1987,30,0.000433,0.000808,0.000623
1987,31,0.000434,0.000811,0.000624
1987,32,0.000466,0.000853,0.000661
1987,33,0.000507,0.000983,0.000747
1987,34,0.000572,0.000986,0.00078
1987,35,0.000588,0.001041,0.000815
1987,36,0.000638,0.001129,0.000885
1987,37,0.000705,0.001268,0.000988
1987,38,0.000779,0.001387,0.001084
1987,39,0.000898,0.001551,0.001226
1987,40,0.000959,0.001694,0.001328
1987,41,0.00099,0.001829,0.00141
1987,42,0.001119,0.002047,0.001581
1987,43,0.001318,0.002239,0.001776
1987,44,0.001291,0.002415,0.001851
1987,45,0.001433,0.002795,0.002112
1987,46,0.001599,0.003005,0.002299
1987,47,0.001762,0.003263,0.002508
1987,48,0.001923,0.003517,0.002714
1987,49,0.002006,0.004057,0.003022
1987,50,0.002254,0.004412,0.003324
1987,51,0.002402,0.005034,0.003707
1987,52,0.002728,0.005736,0.004216
1987,53,0.002829,0.006393,0.004588
1987,54,0.003236,0.007157,0.005171
1987,55,0.003432,0.008041,0.005704
1987,56,0.003594,0.00825,0.005884
1987,57,0.003937,0.009041,0.006438
1987,58,0.004378,0.009626,0.00694
1987,59,0.004443,0.010317,0.007293
1987,60,0.005109,0.011061,0.00797
1987,61,0.00541,0.012013,0.00854
1987,62,0.006091,0.012853,0.009227
1987,63,0.006686,0.014256,0.010067
1987,64,0.007433,0.015437,0.01085
1987,65,0.007937,0.016581,0.011533
1987,66,0.008853,0.018206,0.012716
1987,67,0.009828,0.019751,0.013952
1987,68,0.011112,0.02241,0.015852
1987,69,0.012731,0.024489,0.017683
1987,70,0.01397,0.027642,0.019734
1987,71,0.015504,0.030411,0.021787
1987,72,0.01795,0.03346,0.024478
1987,73,0.020026,0.03767,0.027401
1987,74,0.022576,0.042217,0.030686
1987,75,0.026392,0.047498,0.035006
1987,76,0.029957,0.053692,0.03957
1987,77,0.034149,0.060626,0.044788
1987,78,0.03926,0.068404,0.050872
1987,79,0.04575,0.076045,0.057725
1987,80,0.051171,0.084964,0.064536
1987,81,0.060868,0.094266,0.073898
1987,82,0.068267,0.105128,0.08218
1987,83,0.078427,0.115559,0.092276
1987,84,0.088252,0.127261,0.102454
1987,85,0.102195,0.139943,0.115597
1987,86,0.112001,0.154541,0.126714
1987,87,0.124936,0.170562,0.140366
1987,88,0.139642,0.181508,0.153296
1987,89,0.160022,0.209338,0.175516
1987,90,0.171508,0.22324,0.187426
1988,0,0.004432,0.005098,0.004774
1988,1,0.000705,0.000871,0.00079
1988,2,0.000391,0.00046,0.000427
1988,3,0.000281,0.000403,0.000344
1988,4,0.000218,0.000311,0.000265
1988,5,0.000209,0.000248,0.000229
1988,6,0.000158,0.000273,0.000217
1988,7,0.000144,0.000245,0.000196
1988,8,0.000122,0.000187,0.000155
1988,9,0.00012,0.000161,0.000141
1988,10,8.7e-05,0.00018,0.000134
1988,11,0.000113,0.000163,0.000139
1988,12,0.000102,0.000169,0.000136
1988,13,0.000144,0.00019,0.000168
1988,14,0.00013,0.000203,0.000167
1988,15,0.000182,0.000314,0.000249
1988,16,0.00022,0.000575,0.000402
1988,17,0.000233,0.000767,0.000506
1988,18,0.000293,0.00081,0.000558
1988,19,0.000289,0.000866,0.000584
1988,20,0.000318,0.000931,0.000631
1988,21,0.000284,0.000816,0.000555
1988,22,0.000261,0.000753,0.000511
1988,23,0.000355,0.000845,0.000604
1988,24,0.000356,0.000746,0.000554
1988,25,0.000337,0.00079,0.000567
1988,26,0.000345,0.000813,0.000582
1988,27,0.000389,0.000764,0.000579
1988,28,0.000393,0.000726,0.000561
1988,29,0.000429,0.000767,0.0006
1988,30,0.000412,0.00075,0.000583
1988,31,0.000457,0.000769,0.000614
1988,32,0.000467,0.000858,0.000664
1988,33,0.000516,0.000859,0.00069
1988,34,0.000549,0.000969,0.000761
1988,35,0.000602,0.00106,0.000832
1988,36,0.000643,0.001129,0.000887
1988,37,0.000737,0.001242,0.000991
1988,38,0.000773,0.001387,0.001081
1988,39,0.000876,0.001477,0.001178
1988,40,0.000917,0.001564,0.001242
1988,41,0.001002,0.00178,0.001393
1988,42,0.001085,0.002019,0.001553
1988,43,0.001228,0.00232,0.001772
1988,44,0.001415,0.002442,0.001926
1988,45,0.001398,0.002723,0.002058
1988,46,0.001531,0.002971,0.002248
1988,47,0.001733,0.003278,0.002501
1988,48,0.001873,0.0035,0.002681
1988,49,0.002092,0.003742,0.00291
1988,50,0.002235,0.00442,0.003317
1988,51,0.002431,0.004838,0.003623
1988,52,0.00266,0.005357,0.003995
1988,53,0.002811,0.006305,0.004537
1988,54,0.003076,0.00687,0.004946
1988,55,0.003355,0.007623,0.005456
1988,56,0.003572,0.008425,0.00596
1988,57,0.003802,0.009179,0.00644
1988,58,0.0042,0.009717,0.006897
1988,59,0.004558,0.010452,0.007428
1988,60,0.005086,0.011231,0.00806
1988,61,0.00552,0.011977,0.008614
1988,62,0.005861,0.013464,0.009452
1988,63,0.006643,0.014286,0.010175
1988,64,0.007214,0.015203,0.010767
1988,65,0.00802,0.016376,0.011571
1988,66,0.008885,0.017898,0.012615
1988,67,0.010045,0.020193,0.014213
1988,68,0.011168,0.022433,0.015821
1988,69,0.012732,0.025059,0.017871
1988,70,0.013861,0.027554,0.019587
1988,71,0.015992,0.030878,0.022218
1988,72,0.017603,0.034359,0.024604
1988,73,0.019754,0.038792,0.02769
1988,74,0.022905,0.043009,0.031215
1988,75,0.026116,0.048501,0.035247
1988,76,0.030007,0.053492,0.039465
1988,77,0.035276,0.061209,0.045626
1988,78,0.039833,0.06973,0.05165
1988,79,0.046286,0.077434,0.058476
1988,80,0.052533,0.086784,0.065826
1988,81,0.061132,0.096778,0.074937
1988,82,0.071464,0.107832,0.085346
1988,83,0.079787,0.120491,0.094785
1988,84,0.092229,0.131077,0.106368
1988,85,0.1022,0.146476,0.117926
1988,86,0.11597,0.160764,0.131435
1988,87,0.13151,0.179281,0.147552
1988,88,0.149507,0.194845,0.16438
1988,89,0.162191,0.211566,0.177804
1988,90,0.185721,0.240631,0.202368
1989,0,0.004185,0.004754,0.004477
1989,1,0.00066,0.000812,0.000738
1989,2,0.000409,0.000499,0.000455
1989,3,0.000266,0.000384,0.000326
1989,4,0.000217,0.000305,0.000262
1989,5,0.000159,0.00027,0.000216
1989,6,0.000187,0.000257,0.000223
1989,7,0.000141,0.000212,0.000177
1989,8,0.000145,0.00023,0.000189
1989,9,0.000122,0.000182,0.000153
1989,10,0.000105,0.00015,0.000128
1989,11,0.000131,0.00014,0.000135
1989,12,0.000118,0.000172,0.000145
1989,13,0.000113,0.000178,0.000147
1989,14,0.000134,0.000215,0.000176
1989,15,0.000154,0.000272,0.000215
1989,16,0.000202,0.000576,0.000394
1989,17,0.000232,0.00074,0.000492
1989,18,0.000296,0.000801,0.000555
1989,19,0.000311,0.000849,0.000587
1989,20,0.000322,0.000949,0.000642
1989,21,0.000291,0.000866,0.000584
1989,22,0.000301,0.000745,0.000527
1989,23,0.000298,0.000701,0.000502
1989,24,0.000305,0.000749,0.00053
1989,25,0.000337,0.000777,0.00056
1989,26,0.000343,0.000759,0.000554
1989,27,0.000349,0.000758,0.000556
1989,28,0.00039,0.000773,0.000584
1989,29,0.000409,0.000748,0.00058
1989,30,0.000411,0.000773,0.000594
1989,31,0.000429,0.000801,0.000616
1989,32,0.00043,0.000854,0.000644
1989,33,0.000509,0.00083,0.000671
1989,34,0.000549,0.000877,0.000715
1989,35,0.000559,0.001007,0.000785
1989,36,0.000642,0.001061,0.000852
1989,37,0.000744,0.001141,0.000943
1989,38,0.000758,0.00122,0.00099
1989,39,0.000885,0.001459,0.001173
1989,40,0.000966,0.001583,0.001276
1989,41,0.001011,0.001672,0.001343
1989,42,0.001085,0.001917,0.001503
1989,43,0.001212,0.002146,0.00168
1989,44,0.001249,0.002427,0.001836
1989,45,0.001391,0.00274,0.002062
1989,46,0.001521,0.002783,0.002149
1989,47,0.001593,0.003104,0.002345
1989,48,0.001806,0.003444,0.00262
1989,49,0.001995,0.003684,0.002834
1989,50,0.002254,0.004148,0.003192
1989,51,0.002332,0.004666,0.003487
1989,52,0.002478,0.005302,0.003875
1989,53,0.002743,0.005694,0.004202
1989,54,0.003079,0.006467,0.00475
1989,55,0.003245,0.007369,0.005274
1989,56,0.00359,0.008028,0.005771
1989,57,0.003845,0.009035,0.006393
1989,58,0.004208,0.00957,0.006832
1989,59,0.004451,0.010381,0.007342
1989,60,0.004793,0.011144,0.007878
1989,61,0.005355,0.011928,0.008527
1989,62,0.005599,0.012703,0.008993
1989,63,0.006394,0.014146,0.010042
1989,64,0.006943,0.01532,0.010799
1989,65,0.00769,0.016686,0.011674
1989,66,0.008647,0.018002,0.012603
1989,67,0.009698,0.019566,0.01376
1989,68,0.010515,0.022116,0.01525
1989,69,0.012072,0.024257,0.017071
1989,70,0.013448,0.026884,0.019009
1989,71,0.015011,0.029672,0.021093
1989,72,0.016948,0.034047,0.024036
1989,73,0.018936,0.036543,0.026219
1989,74,0.021696,0.041814,0.029991
1989,75,0.024392,0.045883,0.033168
1989,76,0.02774,0.051399,0.037263
1989,77,0.032514,0.058133,0.042681
1989,78,0.037137,0.066626,0.048713
1989,79,0.042842,0.073781,0.05485
1989,80,0.049937,0.082006,0.062316
1989,81,0.057186,0.092226,0.070503
1989,82,0.066412,0.103708,0.080537
1989,83,0.076306,0.112965,0.089969
1989,84,0.084478,0.125152,0.099095
1989,85,0.09558,0.139663,0.111193
1989,86,0.108594,0.157219,0.12536
1989,87,0.12403,0.16765,0.138637
1989,88,0.139399,0.183525,0.153762
1989,89,0.153252,0.205438,0.169839
1989,90,0.168445,0.214303,0.18243
1990,0,0.00416,0.004957,0.004568
1990,1,0.000707,0.00084,0.000775
1990,2,0.000349,0.000496,0.000424
1990,3,0.000253,0.000427,0.000342
1990,4,0.000195,0.000332,0.000265
1990,5,0.000189,0.000284,0.000238
1990,6,0.000157,0.000272,0.000216
1990,7,0.000141,0.00023,0.000187
1990,8,0.000132,0.00017,0.000152
1990,9,0.000116,0.000152,0.000135
1990,10,0.000117,0.000143,0.00013
1990,11,0.0001,0.000141,0.000121
1990,12,9.5e-05,0.00016,0.000128
1990,13,0.000125,0.000214,0.00017
1990,14,0.000139,0.000201,0.000171
1990,15,0.000151,0.000276,0.000215
1990,16,0.000205,0.00053,0.000372
1990,17,0.000251,0.000686,0.000474
1990,18,0.000258,0.000786,0.000528
1990,19,0.000321,0.000873,0.000604
1990,20,0.000291,0.000811,0.000557
1990,21,0.000289,0.000839,0.000569
1990,22,0.00034,0.000742,0.000544
1990,23,0.000312,0.000767,0.000543
1990,24,0.000318,0.000733,0.000529
1990,25,0.000331,0.000788,0.000562
1990,26,0.000342,0.000686,0.000516
1990,27,0.000308,0.000705,0.000509
1990,28,0.000359,0.000705,0.000534
1990,29,0.000414,0.000783,0.000601
1990,30,0.000423,0.000802,0.000614
1990,31,0.000442,0.000751,0.000598
1990,32,0.00044,0.000841,0.000642
1990,33,0.000485,0.000887,0.000688
1990,34,0.000522,0.000904,0.000715
1990,35,0.000602,0.000994,0.0008
1990,36,0.00063,0.001079,0.000856
1990,37,0.000694,0.0012,0.000948
1990,38,0.000724,0.001254,0.00099
1990,39,0.000761,0.001388,0.001076
1990,40,0.000874,0.001592,0.001234
1990,41,0.001044,0.001725,0.001386
1990,42,0.00107,0.001863,0.001469
1990,43,0.001176,0.002088,0.001634
1990,44,0.001228,0.002189,0.001709
1990,45,0.001363,0.002568,0.001963
1990,46,0.001447,0.002898,0.002169
1990,47,0.001616,0.003119,0.002363
1990,48,0.001785,0.003444,0.002611
1990,49,0.002065,0.003806,0.00293
1990,50,0.002137,0.004082,0.003102
1990,51,0.002315,0.004322,0.003309
1990,52,0.002558,0.00505,0.003789
1990,53,0.00265,0.005635,0.004125
1990,54,0.002709,0.006138,0.004402
1990,55,0.0032,0.007171,0.005156
1990,56,0.003411,0.008082,0.005704
1990,57,0.003726,0.008737,0.006183
1990,58,0.003963,0.009738,0.006791
1990,59,0.004414,0.010188,0.007232
1990,60,0.004865,0.011544,0.008113
1990,61,0.005281,0.012406,0.008731
1990,62,0.005713,0.013354,0.009389
1990,63,0.006049,0.014268,0.00996
1990,64,0.006887,0.015495,0.010921
1990,65,0.007552,0.016591,0.011694
1990,66,0.008403,0.01857,0.012882
1990,67,0.009339,0.019627,0.013665
1990,68,0.010398,0.021547,0.014959
1990,69,0.011983,0.024041,0.016871
1990,70,0.013098,0.02655,0.018577
1990,71,0.014965,0.029927,0.021108
1990,72,0.017068,0.033224,0.023711
1990,73,0.019128,0.037489,0.026663
1990,74,0.021908,0.041465,0.02991
1990,75,0.024771,0.0465,0.033623
1990,76,0.027474,0.052174,0.037426
1990,77,0.032154,0.057741,0.042302
1990,78,0.036786,0.065292,0.047914
1990,79,0.042422,0.07528,0.055082
1990,80,0.049855,0.082963,0.062555
1990,81,0.056499,0.09305,0.070311
1990,82,0.064141,0.103535,0.07877
1990,83,0.073938,0.114805,0.089036
1990,84,0.086202,0.127008,0.101023
1990,85,0.098219,0.143936,0.114195
1990,86,0.109596,0.155149,0.125261
1990,87,0.124357,0.172489,0.140438
1990,88,0.139645,0.188308,0.155428
1990,89,0.160416,0.206539,0.174948
1990,90,0.172863,0.227867,0.189742
1991,0,0.004254,0.004706,0.004486
1991,1,0.00066,0.000762,0.000712
1991,2,0.000358,0.000448,0.000405
1991,3,0.000247,0.000355,0.000302
1991,4,0.000196,0.000287,0.000243
1991,5,0.000204,0.000235,0.00022
1991,6,0.000163,0.000279,0.000223
1991,7,0.000159,0.000218,0.000189
1991,8,0.000113,0.000164,0.000139
1991,9,0.000113,0.000181,0.000148
1991,10,9.5e-05,0.000131,0.000113
1991,11,0.000106,0.00015,0.000129
1991,12,0.000105,0.000136,0.000121
1991,13,0.000113,0.000173,0.000144
1991,14,0.0001,0.000196,0.000149
1991,15,0.000139,0.000274,0.000208
1991,16,0.000222,0.000489,0.000359
1991,17,0.000201,0.000657,0.000435
1991,18,0.000251,0.000761,0.000512
1991,19,0.000265,0.000836,0.000557
1991,20,0.000269,0.000824,0.000552
1991,21,0.000306,0.000755,0.000535
1991,22,0.000283,0.000775,0.000533
1991,23,0.000306,0.00075,0.000531
1991,24,0.000284,0.000692,0.000491
1991,25,0.000296,0.000687,0.000494
1991,26,0.000338,0.000708,0.000525
1991,27,0.000365,0.000695,0.000532
1991,28,0.000355,0.000756,0.000558
1991,29,0.00036,0.000763,0.000564
1991,30,0.000419,0.000768,0.000595
1991,31,0.000422,0.000734,0.000579
1991,32,0.00044,0.000816,0.00063
1991,33,0.000476,0.00083,0.000655
1991,34,0.000497,0.000928,0.000715
1991,35,0.000572,0.000931,0.000753
1991,36,0.000591,0.001117,0.000856
1991,37,0.000605,0.001161,0.000885
1991,38,0.000748,0.001237,0.000994
1991,39,0.000765,0.001343,0.001055
1991,40,0.000828,0.001493,0.001162
1991,41,0.000901,0.00167,0.001287
1991,42,0.001076,0.001862,0.001471
1991,43,0.001216,0.002122,0.001671
1991,44,0.001284,0.002357,0.001823
1991,45,0.001322,0.002506,0.001914
1991,46,0.001466,0.002878,0.002169
1991,47,0.001645,0.003177,0.002407
1991,48,0.001728,0.003462,0.00259
1991,49,0.001986,0.003714,0.002845
1991,50,0.002073,0.004158,0.003108
1991,51,0.002231,0.004427,0.00332
1991,52,0.002521,0.00488,0.003688
1991,53,0.002792,0.00534,0.00405
1991,54,0.003023,0.006217,0.004599
1991,55,0.003123,0.006805,0.004938
1991,56,0.003441,0.007568,0.005469
1991,57,0.003571,0.008334,0.005905
1991,58,0.004067,0.009675,0.00681
1991,59,0.004471,0.010574,0.007451
1991,60,0.004619,0.011282,0.007862
1991,61,0.005216,0.012315,0.008657
1991,62,0.005566,0.013302,0.009299
1991,63,0.006106,0.014511,0.010134
1991,64,0.006551,0.015215,0.010657
1991,65,0.007318,0.016694,0.011691
1991,66,0.008114,0.018154,0.01269
1991,67,0.009104,0.019766,0.013774
1991,68,0.010383,0.022041,0.015254
1991,69,0.011145,0.023878,0.016316
1991,70,0.012751,0.026423,0.01825
1991,71,0.014159,0.029069,0.020181
1991,72,0.016543,0.032769,0.023143
1991,73,0.018513,0.036574,0.025863
1991,74,0.020896,0.04059,0.028887
1991,75,0.023852,0.04502,0.032408
1991,76,0.027039,0.051073,0.036695
1991,77,0.030762,0.056679,0.041047
1991,78,0.034338,0.063531,0.04573
1991,79,0.041419,0.071974,0.053127
1991,80,0.047006,0.081758,0.060202
1991,81,0.05453,0.090346,0.067974
1991,82,0.061999,0.101048,0.076414
1991,83,0.071051,0.112236,0.08597
1991,84,0.079739,0.125425,0.096156
1991,85,0.093504,0.138309,0.109314
1991,86,0.104167,0.152944,0.120708
1991,87,0.11954,0.16777,0.135614
1991,88,0.132769,0.185579,0.149829
1991,89,0.150817,0.203374,0.167284
1991,90,0.17064,0.215513,0.184294
1992,0,0.004031,0.004989,0.004524
1992,1,0.000662,0.000794,0.00073
1992,2,0.000355,0.000433,0.000395
1992,3,0.000282,0.000367,0.000326
1992,4,0.000237,0.000312,0.000276
1992,5,0.00018,0.000279,0.000231
1992,6,0.000161,0.00026,0.000212
1992,7,0.000159,0.000202,0.000181
1992,8,0.000114,0.000173,0.000144
1992,9,9.1e-05,0.000178,0.000136
1992,10,0.000117,0.00014,0.000129
1992,11,0.000113,0.000136,0.000125
1992,12,0.000113,0.000152,0.000133
1992,13,0.000125,0.000186,0.000156
1992,14,0.000144,0.000233,0.00019
1992,15,0.000158,0.000257,0.000209
1992,16,0.000224,0.000501,0.000366
1992,17,0.000187,0.000642,0.00042
1992,18,0.000297,0.000763,0.000536
1992,19,0.000275,0.000824,0.000556
1992,20,0.0003,0.000774,0.000542
1992,21,0.000262,0.000792,0.000533
1992,22,0.000295,0.000746,0.000525
1992,23,0.000294,0.000705,0.000503
1992,24,0.000318,0.000744,0.000534
1992,25,0.000296,0.000687,0.000494
1992,26,0.000329,0.000742,0.000538
1992,27,0.000353,0.000711,0.000534
1992,28,0.000385,0.000704,0.000547
1992,29,0.000407,0.000773,0.000592
1992,30,0.000381,0.000766,0.000576
1992,31,0.000428,0.000772,0.000602
1992,32,0.000407,0.000817,0.000614
1992,33,0.000476,0.000844,0.000662
1992,34,0.000475,0.00087,0.000674
1992,35,0.000575,0.000945,0.000762
1992,36,0.000593,0.001016,0.000807
1992,37,0.000665,0.00115,0.00091
1992,38,0.000723,0.001291,0.001009
1992,39,0.000735,0.001346,0.001042
1992,40,0.000858,0.001553,0.001207
1992,41,0.000938,0.001639,0.00129
1992,42,0.00104,0.001907,0.001476
1992,43,0.001184,0.002071,0.00163
1992,44,0.001252,0.002258,0.001757
1992,45,0.001365,0.002533,0.001952
1992,46,0.001426,0.002686,0.002056
1992,47,0.001624,0.003192,0.002405
1992,48,0.001823,0.00347,0.002642
1992,49,0.001905,0.00384,0.002866
1992,50,0.002067,0.004066,0.00306
1992,51,0.002314,0.004547,0.003422
1992,52,0.002393,0.004891,0.00363
1992,53,0.002622,0.005297,0.003944
1992,54,0.002873,0.00592,0.004376
1992,55,0.003066,0.006821,0.004917
1992,56,0.003442,0.007484,0.005431
1992,57,0.003573,0.008454,0.005967
1992,58,0.003987,0.00924,0.006555
1992,59,0.004385,0.010565,0.0074
1992,60,0.004892,0.011578,0.008148
1992,61,0.005214,0.012243,0.008624
1992,62,0.005584,0.013529,0.009421
1992,63,0.006159,0.014685,0.010257
1992,64,0.006762,0.016002,0.011172
1992,65,0.007355,0.016896,0.011855
1992,66,0.008073,0.01874,0.013021
1992,67,0.008975,0.020212,0.014066
1992,68,0.010147,0.022297,0.015434
1992,69,0.011303,0.024299,0.016692
1992,70,0.012357,0.026397,0.018011
1992,71,0.014506,0.029164,0.02035
1992,72,0.015918,0.032403,0.022513
1992,73,0.017785,0.036688,0.025394
1992,74,0.020513,0.040459,0.028533
1992,75,0.023469,0.045333,0.032229
1992,76,0.02653,0.050151,0.035945
1992,77,0.030732,0.057043,0.041141
1992,78,0.03436,0.062762,0.045447
1992,79,0.039182,0.071157,0.051431
1992,80,0.046731,0.080311,0.059394
1992,81,0.05299,0.090104,0.066777
1992,82,0.060258,0.099627,0.074686
1992,83,0.069784,0.111821,0.084911
1992,84,0.07955,0.124464,0.095371
1992,85,0.090714,0.136079,0.106547
1992,86,0.104385,0.155219,0.121759
1992,87,0.116045,0.167376,0.132888
1992,88,0.128937,0.184224,0.146733
1992,89,0.148929,0.202395,0.165585
1992,90,0.165652,0.21878,0.181717
1993,0,0.003991,0.004638,0.004323
1993,1,0.000671,0.000781,0.000727
1993,2,0.000395,0.000435,0.000415
1993,3,0.000274,0.000365,0.000321
1993,4,0.000243,0.000262,0.000253
1993,5,0.000199,0.000272,0.000236
1993,6,0.000167,0.000232,0.0002
1993,7,0.000161,0.000211,0.000187
1993,8,0.000122,0.000187,0.000155
1993,9,0.000126,0.000137,0.000132
1993,10,0.000106,0.000152,0.00013
1993,11,0.000101,0.000137,0.000119
1993,12,0.000139,0.000157,0.000148
1993,13,0.000126,0.000185,0.000156
1993,14,0.000133,0.000212,0.000174
1993,15,0.000143,0.000239,0.000192
1993,16,0.000163,0.000454,0.000312
1993,17,0.000198,0.000553,0.00038
1993,18,0.000234,0.000726,0.000486
1993,19,0.000289,0.00076,0.00053
1993,20,0.000277,0.000756,0.000522
1993,21,0.000293,0.000716,0.000509
1993,22,0.00025,0.000733,0.000496
1993,23,0.000296,0.00071,0.000507
1993,24,0.000256,0.000735,0.0005
1993,25,0.000302,0.000663,0.000485
1993,26,0.000251,0.000681,0.000469
1993,27,0.000284,0.000662,0.000476
1993,28,0.000354,0.000744,0.000551
1993,29,0.000355,0.000727,0.000544
1993,30,0.0004,0.00072,0.000562
1993,31,0.000399,0.000734,0.000568
1993,32,0.000404,0.000757,0.000583
1993,33,0.000508,0.000817,0.000664
1993,34,0.000481,0.000925,0.000705
1993,35,0.000552,0.000934,0.000745
1993,36,0.000576,0.001084,0.000832
1993,37,0.000624,0.001148,0.000888
1993,38,0.000693,0.001233,0.000966
1993,39,0.00074,0.001382,0.001063
1993,40,0.000868,0.001517,0.001194
1993,41,0.000877,0.001584,0.001232
1993,42,0.001038,0.001777,0.001409
1993,43,0.001145,0.002062,0.001605
1993,44,0.001316,0.002293,0.001807
1993,45,0.001442,0.00253,0.001988
1993,46,0.001509,0.002882,0.002199
1993,47,0.001545,0.003096,0.002321
1993,48,0.001835,0.003427,0.002627
1993,49,0.001885,0.003759,0.002816
1993,50,0.002096,0.00419,0.003136
1993,51,0.002191,0.004463,0.003319
1993,52,0.002382,0.005007,0.003683
1993,53,0.002572,0.005272,0.003908
1993,54,0.002748,0.005857,0.004283
1993,55,0.003035,0.006609,0.004795
1993,56,0.003309,0.007288,0.005267
1993,57,0.003582,0.008224,0.005862
1993,58,0.003913,0.009187,0.006495
1993,59,0.004319,0.010103,0.00714
1993,60,0.004775,0.011208,0.007905
1993,61,0.00506,0.012559,0.0087
1993,62,0.005594,0.013676,0.0095
1993,63,0.006075,0.014689,0.01022
1993,64,0.006711,0.016248,0.011276
1993,65,0.007156,0.017502,0.01207
1993,66,0.008116,0.01824,0.012866
1993,67,0.008852,0.020357,0.014157
1993,68,0.009942,0.022401,0.015549
1993,69,0.01114,0.0242,0.016782
1993,70,0.012513,0.026542,0.018282
1993,71,0.013823,0.028899,0.019841
1993,72,0.015814,0.032086,0.022237
1993,73,0.017875,0.035855,0.024992
1993,74,0.020383,0.040175,0.028255
1993,75,0.022989,0.044444,0.031507
1993,76,0.026216,0.050902,0.035966
1993,77,0.030144,0.055624,0.040143
1993,78,0.034225,0.063011,0.045421
1993,79,0.038926,0.070253,0.050928
1993,80,0.044786,0.079841,0.058045
1993,81,0.052396,0.088171,0.065594
1993,82,0.059506,0.100734,0.074452
1993,83,0.068889,0.11171,0.084174
1993,84,0.077585,0.119536,0.092267
1993,85,0.087674,0.135525,0.10404
1993,86,0.099719,0.149665,0.116596
1993,87,0.114848,0.162734,0.130665
1993,88,0.129023,0.185174,0.146794
1993,89,0.142061,0.198281,0.159487
1993,90,0.164443,0.215303,0.179726
1994,0,0.003894,0.004889,0.004404
1994,1,0.000628,0.000716,0.000674
1994,2,0.000338,0.000459,0.0004
1994,3,0.000259,0.000354,0.000308
1994,4,0.000189,0.000249,0.00022
1994,5,0.000175,0.000253,0.000215
1994,6,0.000153,0.00023,0.000192
1994,7,0.000131,0.00022,0.000176
1994,8,0.000109,0.000142,0.000126
1994,9,0.000118,0.000146,0.000133
1994,10,0.000105,0.000144,0.000125
1994,11,7.6e-05,0.000139,0.000109
1994,12,7.9e-05,0.000178,0.00013
1994,13,9.7e-05,0.000199,0.00015
1994,14,0.000135,0.000236,0.000187
1994,15,0.000132,0.000241,0.000188
1994,16,0.000171,0.000435,0.000306
1994,17,0.000201,0.000589,0.0004
1994,18,0.000223,0.000649,0.000441
1994,19,0.000263,0.000752,0.000513
1994,20,0.000289,0.000743,0.000521
1994,21,0.000307,0.000676,0.000496
1994,22,0.000283,0.000742,0.000517
1994,23,0.000283,0.000756,0.000524
1994,24,0.000269,0.000692,0.000484
1994,25,0.000295,0.000749,0.000525
1994,26,0.000298,0.000744,0.000524
1994,27,0.000315,0.000637,0.000478
1994,28,0.000338,0.000696,0.000519
1994,29,0.000353,0.00075,0.000554
1994,30,0.000388,0.00075,0.000571
1994,31,0.000442,0.000804,0.000625
1994,32,0.000455,0.000801,0.00063
1994,33,0.000452,0.000833,0.000644
1994,34,0.00049,0.000853,0.000673
1994,35,0.000513,0.000975,0.000746
1994,36,0.000585,0.00106,0.000825
1994,37,0.0006,0.001057,0.00083
1994,38,0.000689,0.001154,0.000924
1994,39,0.000748,0.001292,0.001022
1994,40,0.000788,0.001465,0.001129
1994,41,0.000858,0.001623,0.001242
1994,42,0.00098,0.001788,0.001385
1994,43,0.001101,0.001875,0.00149
1994,44,0.001187,0.002287,0.00174
1994,45,0.001352,0.00248,0.001919
1994,46,0.001451,0.002716,0.002087
1994,47,0.001598,0.002937,0.00227
1994,48,0.001672,0.003232,0.002452
1994,49,0.00182,0.003779,0.002794
1994,50,0.002042,0.004069,0.003048
1994,51,0.002139,0.004383,0.003253
1994,52,0.00231,0.004938,0.003614
1994,53,0.002662,0.005212,0.003925
1994,54,0.002719,0.005666,0.004176
1994,55,0.002676,0.00614,0.004384
1994,56,0.00325,0.006896,0.005043
1994,57,0.00349,0.007716,0.005566
1994,58,0.003654,0.008509,0.006034
1994,59,0.004172,0.009613,0.006829
1994,60,0.004371,0.010809,0.007503
1994,61,0.004915,0.012033,0.008367
1994,62,0.005584,0.013432,0.009379
1994,63,0.005883,0.014398,0.009983
1994,64,0.006325,0.015506,0.010723
1994,65,0.006998,0.017115,0.011818
1994,66,0.007846,0.018343,0.012807
1994,67,0.00835,0.019388,0.0135
1994,68,0.009511,0.021538,0.015021
1994,69,0.010586,0.023477,0.016347
1994,70,0.011759,0.025783,0.017769
1994,71,0.013268,0.028145,0.019332
1994,72,0.014439,0.031215,0.021069
1994,73,0.017171,0.03471,0.024022
1994,74,0.018884,0.038575,0.026589
1994,75,0.021417,0.043284,0.030004
1994,76,0.024716,0.0478,0.033751
1994,77,0.028009,0.053814,0.038047
1994,78,0.031937,0.06089,0.043107
1994,79,0.037073,0.068079,0.048907
1994,80,0.041957,0.076476,0.05504
1994,81,0.048861,0.084222,0.061943
1994,82,0.056222,0.094533,0.070024
1994,83,0.06423,0.106737,0.079239
1994,84,0.074354,0.117601,0.089378
1994,85,0.084055,0.130231,0.099745
1994,86,0.094863,0.146117,0.111843
1994,87,0.108488,0.159741,0.125223
1994,88,0.123868,0.175223,0.140238
1994,89,0.137326,0.189285,0.153161
1994,90,0.154297,0.210265,0.171028
1995,0,0.003812,0.004543,0.004187
1995,1,0.000658,0.000735,0.000697
1995,2,0.000322,0.000456,0.000391
1995,3,0.000294,0.000366,0.000331
1995,4,0.000217,0.000283,0.00025
1995,5,0.000182,0.000263,0.000223
1995,6,0.000174,0.000248,0.000212
1995,7,0.000175,0.000229,0.000203
1995,8,0.000123,0.000185,0.000155
1995,9,0.000108,0.000201,0.000156
1995,10,0.000115,0.000171,0.000144
1995,11,0.000134,0.000173,0.000154
1995,12,0.000132,0.00018,0.000157
1995,13,0.000119,0.000193,0.000157
1995,14,0.000141,0.000219,0.000181
1995,15,0.000189,0.00032,0.000256
1995,16,0.000212,0.000467,0.000343
1995,17,0.000241,0.000537,0.000392
1995,18,0.000218,0.000647,0.000438
1995,19,0.000272,0.000747,0.000515
1995,20,0.000301,0.000752,0.000532
1995,21,0.000315,0.000758,0.000541
1995,22,0.000318,0.000707,0.000516
1995,23,0.000291,0.00074,0.000519
1995,24,0.000289,0.000705,0.0005
1995,25,0.000288,0.000754,0.000524
1995,26,0.000325,0.000698,0.000514
1995,27,0.00033,0.0007,0.000518
1995,28,0.000345,0.000718,0.000534
1995,29,0.000353,0.000794,0.000577
1995,30,0.00041,0.000817,0.000616
1995,31,0.000429,0.000772,0.000602
1995,32,0.00048,0.000833,0.000659
1995,33,0.000482,0.000809,0.000647
1995,34,0.000566,0.00092,0.000745
1995,35,0.000543,0.001,0.000774
1995,36,0.00053,0.001039,0.000787
1995,37,0.000604,0.001142,0.000875
1995,38,0.000713,0.001235,0.000976
1995,39,0.000773,0.001244,0.00101
1995,40,0.000824,0.001508,0.001169
1995,41,0.000899,0.001572,0.001237
1995,42,0.000982,0.001767,0.001377
1995,43,0.001115,0.001964,0.001541
1995,44,0.001202,0.002145,0.001675
1995,45,0.001412,0.002522,0.001969
1995,46,0.00152,0.002749,0.002137
1995,47,0.00167,0.003106,0.002391
1995,48,0.001791,0.003371,0.002584
1995,49,0.001965,0.003458,0.00271
1995,50,0.002088,0.004064,0.003069
1995,51,0.002293,0.004694,0.003484
1995,52,0.002481,0.004873,0.003667
1995,53,0.002578,0.005394,0.003973
1995,54,0.002841,0.005773,0.004292
1995,55,0.003083,0.006464,0.004752
1995,56,0.003205,0.006946,0.005047
1995,57,0.003522,0.007669,0.005558
1995,58,0.00367,0.008559,0.006067
1995,59,0.004166,0.00956,0.006803
1995,60,0.004501,0.010724,0.007532
1995,61,0.005211,0.011875,0.008443
1995,62,0.005492,0.01331,0.009271
1995,63,0.005962,0.014624,0.010135
1995,64,0.006465,0.015642,0.010865
1995,65,0.007181,0.017014,0.01187
1995,66,0.008006,0.018933,0.013185
1995,67,0.008551,0.020188,0.01402
1995,68,0.009448,0.02152,0.015046
1995,69,0.010417,0.024043,0.016615
1995,70,0.011953,0.026848,0.018559
1995,71,0.01358,0.029172,0.020206
1995,72,0.014891,0.032092,0.021833
1995,73,0.017113,0.034753,0.024011
1995,74,0.019413,0.04007,0.027388
1995,75,0.021901,0.044184,0.030509
1995,76,0.024882,0.048984,0.034213
1995,77,0.028449,0.054936,0.038655
1995,78,0.031983,0.061507,0.043273
1995,79,0.036849,0.06866,0.048889
1995,80,0.042478,0.076736,0.055358
1995,81,0.048375,0.085973,0.062304
1995,82,0.056435,0.098101,0.071479
1995,83,0.063771,0.109104,0.079658
1995,84,0.072868,0.12082,0.08932
1995,85,0.083383,0.1325,0.099922
1995,86,0.094523,0.148532,0.112272
1995,87,0.108171,0.163928,0.125989
1995,88,0.121042,0.181485,0.140035
1995,89,0.139,0.196717,0.156687
1995,90,0.153543,0.218897,0.172651
1996,0,0.00349,0.004176,0.003842
1996,1,0.000535,0.000753,0.000647
1996,2,0.000337,0.000399,0.000368
1996,3,0.000195,0.0003,0.000249
1996,4,0.000185,0.000249,0.000218
1996,5,0.00015,0.000224,0.000188
1996,6,0.000136,0.000179,0.000158
1996,7,0.000125,0.000194,0.000161
1996,8,0.000126,0.000117,0.000121
1996,9,8.5e-05,0.000136,0.000111
1996,10,7.8e-05,0.000115,9.7e-05
1996,11,9e-05,0.000125,0.000108
1996,12,0.0001,0.000155,0.000128
1996,13,0.000121,0.000168,0.000145
1996,14,0.000127,0.000183,0.000156
1996,15,0.000147,0.000274,0.000212
1996,16,0.000191,0.000434,0.000316
1996,17,0.000175,0.000521,0.000353
1996,18,0.000228,0.000602,0.00042
1996,19,0.000266,0.000693,0.000485
1996,20,0.000258,0.000678,0.000473
1996,21,0.000267,0.000661,0.000469
1996,22,0.000278,0.000693,0.00049
1996,23,0.000257,0.000624,0.000444
1996,24,0.000279,0.000674,0.00048
1996,25,0.000271,0.000708,0.000493
1996,26,0.000282,0.000676,0.000482
1996,27,0.000306,0.000606,0.000458
1996,28,0.00033,0.000714,0.000525
1996,29,0.000331,0.000682,0.000509
1996,30,0.000352,0.000711,0.000534
1996,31,0.000419,0.000811,0.000618
1996,32,0.000477,0.000825,0.000653
1996,33,0.000493,0.000847,0.000672
1996,34,0.000478,0.000832,0.000657
1996,35,0.000521,0.000991,0.000759
1996,36,0.000523,0.001068,0.000798
1996,37,0.000634,0.001095,0.000866
1996,38,0.000654,0.001185,0.000922
1996,39,0.00072,0.001368,0.001046
1996,40,0.000794,0.001376,0.001087
1996,41,0.000815,0.001556,0.001188
1996,42,0.001019,0.001742,0.001383
1996,43,0.001082,0.001905,0.001496
1996,44,0.001146,0.002142,0.001646
1996,45,0.0013,0.002399,0.001852
1996,46,0.00144,0.002677,0.002061
1996,47,0.001568,0.00294,0.002257
1996,48,0.001731,0.003274,0.002505
1996,49,0.001931,0.003602,0.002769
1996,50,0.002043,0.004015,0.003027
1996,51,0.002142,0.004483,0.003304
1996,52,0.002482,0.004766,0.003613
1996,53,0.002509,0.005328,0.003905
1996,54,0.002708,0.005594,0.004136
1996,55,0.002912,0.006278,0.004574
1996,56,0.002992,0.006823,0.00488
1996,57,0.003258,0.007056,0.005124
1996,58,0.003539,0.008112,0.005779
1996,59,0.003986,0.008862,0.006371
1996,60,0.00435,0.009928,0.007071
1996,61,0.004854,0.011564,0.008113
1996,62,0.00515,0.012757,0.008827
1996,63,0.005748,0.014001,0.009722
1996,64,0.006243,0.015564,0.010715
1996,65,0.006677,0.016594,0.011409
1996,66,0.007626,0.018185,0.012636
1996,67,0.008017,0.019793,0.013567
1996,68,0.009116,0.021039,0.014686
1996,69,0.009854,0.023,0.015909
1996,70,0.010809,0.025711,0.017539
1996,71,0.012444,0.027394,0.019022
1996,72,0.013962,0.030523,0.020938
1996,73,0.015841,0.033895,0.023056
1996,74,0.018025,0.037183,0.025434
1996,75,0.020732,0.041186,0.028537
1996,76,0.023169,0.04533,0.031623
1996,77,0.026382,0.051473,0.035959
1996,78,0.029592,0.058522,0.040565
1996,79,0.034203,0.064189,0.04547
1996,80,0.039441,0.071716,0.05143
1996,81,0.043997,0.080549,0.057441
1996,82,0.050639,0.087806,0.064085
1996,83,0.05861,0.099238,0.072889
1996,84,0.066904,0.110499,0.081748
1996,85,0.076215,0.123596,0.091975
1996,86,0.087298,0.137,0.103487
1996,87,0.098131,0.150658,0.114795
1996,88,0.112382,0.16318,0.128014
1996,89,0.12528,0.181469,0.14226
1996,90,0.141128,0.200216,0.158491
1997,0,0.003415,0.003942,0.003685
1997,1,0.000563,0.000611,0.000587
1997,2,0.000363,0.000391,0.000377
1997,3,0.000218,0.000261,0.00024
1997,4,0.000225,0.000231,0.000228
1997,5,0.000166,0.00019,0.000179
1997,6,0.000124,0.000182,0.000154
1997,7,0.000116,0.000166,0.000141
1997,8,0.000111,0.000136,0.000124
1997,9,9e-05,0.000127,0.000109
1997,10,7e-05,0.000119,9.5e-05
1997,11,8.3e-05,0.000118,0.000101
1997,12,9.9e-05,0.000156,0.000128
1997,13,9.8e-05,0.000164,0.000132
1997,14,9.7e-05,0.000175,0.000137
1997,15,0.000135,0.000246,0.000192
1997,16,0.000154,0.000441,0.000301
1997,17,0.000187,0.000496,0.000346
1997,18,0.000273,0.000636,0.000459
1997,19,0.000228,0.00068,0.00046
1997,20,0.000291,0.000661,0.000481
1997,21,0.000255,0.000636,0.000449
1997,22,0.000277,0.000633,0.000459
1997,23,0.000245,0.000643,0.000448
1997,24,0.000272,0.000622,0.00045
1997,25,0.000267,0.000664,0.000469
1997,26,0.000286,0.000673,0.000483
1997,27,0.000316,0.000631,0.000476
1997,28,0.000328,0.000735,0.000534
1997,29,0.000397,0.000714,0.000558
1997,30,0.000367,0.000676,0.000524
1997,31,0.000415,0.000741,0.00058
1997,32,0.000484,0.000845,0.000667
1997,33,0.00046,0.000832,0.000649
1997,34,0.000467,0.000915,0.000694
1997,35,0.000568,0.000924,0.000748
1997,36,0.000554,0.00098,0.000769
1997,37,0.000589,0.001168,0.000882
1997,38,0.000655,0.001172,0.000916
1997,39,0.000692,0.001247,0.000972
1997,40,0.000759,0.001345,0.001054
1997,41,0.000897,0.001501,0.001201
1997,42,0.000994,0.001699,0.001349
1997,43,0.001054,0.001861,0.00146
1997,44,0.001151,0.002036,0.001595
1997,45,0.001214,0.002336,0.001777
1997,46,0.001441,0.002555,0.002
1997,47,0.001551,0.002927,0.002241
1997,48,0.001738,0.003199,0.00247
1997,49,0.001894,0.003562,0.00273
1997,50,0.002058,0.003956,0.003009
1997,51,0.00216,0.004355,0.003254
1997,52,0.002366,0.004966,0.003655
1997,53,0.002492,0.005232,0.003847
1997,54,0.002595,0.005725,0.004142
1997,55,0.002801,0.00616,0.004461
1997,56,0.00309,0.006795,0.004917
1997,57,0.003296,0.007191,0.005212
1997,58,0.0034,0.007636,0.005478
1997,59,0.003866,0.008923,0.006338
1997,60,0.004236,0.009754,0.006929
1997,61,0.00454,0.010632,0.007503
1997,62,0.0051,0.012328,0.008599
1997,63,0.005401,0.013238,0.009176
1997,64,0.006367,0.014936,0.010477
1997,65,0.006671,0.016347,0.011292
1997,66,0.007325,0.017723,0.012264
1997,67,0.007847,0.01941,0.013304
1997,68,0.008804,0.021147,0.014586
1997,69,0.009731,0.023125,0.015947
1997,70,0.010569,0.024438,0.016913
1997,71,0.011837,0.027286,0.018764
1997,72,0.013306,0.030564,0.020839
1997,73,0.015228,0.032879,0.022595
1997,74,0.017222,0.035862,0.024596
1997,75,0.019196,0.040108,0.027195
1997,76,0.022126,0.045031,0.030762
1997,77,0.025084,0.051303,0.034952
1997,78,0.028801,0.055847,0.038969
1997,79,0.033255,0.064154,0.044782
1997,80,0.037496,0.071457,0.050003
1997,81,0.043328,0.079781,0.056574
1997,82,0.049487,0.086936,0.062941
1997,83,0.056219,0.098309,0.07106
1997,84,0.064087,0.110166,0.079833
1997,85,0.074832,0.121441,0.090225
1997,86,0.084085,0.134053,0.100165
1997,87,0.097011,0.149883,0.113644
1997,88,0.108807,0.164314,0.125779
1997,89,0.122998,0.180605,0.140056
1997,90,0.137113,0.202505,0.156054
1998,0,0.003475,0.00388,0.003683
1998,1,0.000562,0.000688,0.000626
1998,2,0.000339,0.000345,0.000342
1998,3,0.000224,0.00031,0.000268
1998,4,0.000171,0.000231,0.000202
1998,5,0.000138,0.000207,0.000173
1998,6,0.000125,0.000199,0.000163
1998,7,0.00016,0.000203,0.000182
1998,8,9.9e-05,0.00018,0.000141
1998,9,0.000108,0.00013,0.000119
1998,10,9.1e-05,0.00012,0.000106
1998,11,8.5e-05,0.000124,0.000105
1998,12,0.000108,0.00013,0.000119
1998,13,0.000125,0.000165,0.000146
1998,14,0.000101,0.000247,0.000176
1998,15,0.000131,0.000258,0.000196
1998,16,0.000179,0.000448,0.000317
1998,17,0.000235,0.000526,0.000385
1998,18,0.000252,0.000631,0.000447
1998,19,0.00027,0.000708,0.000495
1998,20,0.000305,0.000718,0.000517
1998,21,0.000272,0.000715,0.000499
1998,22,0.000281,0.000681,0.000485
1998,23,0.000302,0.000699,0.000504
1998,24,0.000298,0.000687,0.000496
1998,25,0.000289,0.000708,0.000502
1998,26,0.000359,0.000674,0.000519
1998,27,0.00032,0.000735,0.000531
1998,28,0.000356,0.000705,0.000533
1998,29,0.000348,0.000778,0.000566
1998,30,0.000407,0.000763,0.000587
1998,31,0.000399,0.00082,0.000612
1998,32,0.000472,0.000837,0.000657
1998,33,0.000493,0.00093,0.000714
1998,34,0.00049,0.000974,0.000735
1998,35,0.000577,0.00099,0.000786
1998,36,0.000604,0.001086,0.000848
1998,37,0.000583,0.001215,0.000903
1998,38,0.000645,0.001298,0.000975
1998,39,0.000763,0.001291,0.001029
1998,40,0.00083,0.001497,0.001166
1998,41,0.000866,0.001663,0.001268
1998,42,0.00094,0.001755,0.001351
1998,43,0.001009,0.00191,0.001463
1998,44,0.001135,0.002225,0.001683
1998,45,0.001262,0.002396,0.001831
1998,46,0.001349,0.002692,0.002022
1998,47,0.001566,0.002943,0.002256
1998,48,0.001682,0.003376,0.00253
1998,49,0.001887,0.003729,0.002809
1998,50,0.002064,0.004176,0.003122
1998,51,0.002282,0.004405,0.003344
1998,52,0.002291,0.00487,0.003575
1998,53,0.002536,0.005521,0.004013
1998,54,0.002689,0.005944,0.004297
1998,55,0.002843,0.006187,0.004494
1998,56,0.003087,0.006798,0.004917
1998,57,0.003304,0.007514,0.005376
1998,58,0.003412,0.008081,0.005704
1998,59,0.003713,0.008593,0.006101
1998,60,0.004221,0.009593,0.006841
1998,61,0.004468,0.010926,0.00761
1998,62,0.004845,0.01164,0.00814
1998,63,0.00539,0.013235,0.009174
1998,64,0.005843,0.014505,0.009998
1998,65,0.006737,0.016207,0.011259
1998,66,0.007053,0.017993,0.012253
1998,67,0.007767,0.019083,0.013112
1998,68,0.008556,0.021123,0.014453
1998,69,0.00969,0.023296,0.016021
1998,70,0.010569,0.025474,0.017436
1998,71,0.011662,0.026969,0.018611
1998,72,0.013144,0.029807,0.020556
1998,73,0.014579,0.033135,0.022605
1998,74,0.01661,0.036141,0.024681
1998,75,0.019047,0.039425,0.027021
1998,76,0.02152,0.04337,0.029779
1998,77,0.024782,0.049995,0.034162
1998,78,0.027316,0.054487,0.037393
1998,79,0.032154,0.061506,0.043012
1998,80,0.036625,0.068573,0.048303
1998,81,0.042283,0.077799,0.055082
1998,82,0.047999,0.086714,0.061742
1998,83,0.055146,0.095682,0.069338
1998,84,0.062377,0.106402,0.077471
1998,85,0.070392,0.119539,0.086679
1998,86,0.080966,0.130168,0.096694
1998,87,0.093013,0.145445,0.109304
1998,88,0.105117,0.161664,0.122237
1998,89,0.117846,0.17677,0.135144
1998,90,0.132221,0.193357,0.149588
1999,0,0.003095,0.003666,0.003388
1999,1,0.000537,0.00062,0.000579
1999,2,0.00028,0.000346,0.000314
1999,3,0.000197,0.000269,0.000234
1999,4,0.000149,0.000225,0.000188
1999,5,0.000149,0.000175,0.000162
1999,6,0.000112,0.000152,0.000133
1999,7,0.000125,0.000145,0.000135
1999,8,0.0001,0.000162,0.000132
1999,9,8.1e-05,0.000117,9.9e-05
1999,10,8e-05,0.000158,0.00012
1999,11,0.000107,0.000132,0.00012
1999,12,0.000102,0.000126,0.000114
1999,13,0.000105,0.000142,0.000124
1999,14,0.000124,0.000198,0.000161
1999,15,0.000152,0.000294,0.000225
1999,16,0.000194,0.000417,0.000308
1999,17,0.000197,0.000486,0.000345
1999,18,0.000246,0.00059,0.000423
1999,19,0.000264,0.000643,0.000459
1999,20,0.000242,0.000631,0.000442
1999,21,0.000333,0.00064,0.000491
1999,22,0.000288,0.000686,0.000491
1999,23,0.000283,0.000756,0.000525
1999,24,0.0003,0.000712,0.00051
1999,25,0.000312,0.000722,0.000521
1999,26,0.000314,0.000692,0.000506
1999,27,0.000353,0.000746,0.000552
1999,28,0.00032,0.000751,0.000539
1999,29,0.000371,0.000765,0.000571
1999,30,0.00039,0.000794,0.000595
1999,31,0.000464,0.000837,0.000654
1999,32,0.000414,0.000873,0.000647
1999,33,0.000447,0.000905,0.000679
1999,34,0.000558,0.000986,0.000775
1999,35,0.00055,0.001079,0.000818
1999,36,0.000549,0.001064,0.000809
1999,37,0.000545,0.001156,0.000854
1999,38,0.000623,0.001323,0.000977
1999,39,0.000727,0.001406,0.00107
1999,40,0.000809,0.001484,0.00115
1999,41,0.000881,0.001623,0.001255
1999,42,0.000914,0.001773,0.001347
1999,43,0.001032,0.001991,0.001515
1999,44,0.001133,0.002251,0.001696
1999,45,0.001248,0.002441,0.001847
1999,46,0.001431,0.002761,0.002098
1999,47,0.001502,0.003003,0.002254
1999,48,0.001578,0.003263,0.002422
1999,49,0.001877,0.003743,0.002811
1999,50,0.002014,0.004217,0.003116
1999,51,0.002214,0.004462,0.003338
1999,52,0.002311,0.004901,0.003605
1999,53,0.002397,0.005319,0.003849
1999,54,0.002723,0.006095,0.004389
1999,55,0.002917,0.006608,0.004737
1999,56,0.00308,0.006886,0.004955
1999,57,0.003206,0.007428,0.005284
1999,58,0.003593,0.008198,0.005855
1999,59,0.00389,0.008865,0.006326
1999,60,0.004155,0.009419,0.006724
1999,61,0.004447,0.010346,0.007315
1999,62,0.00494,0.011673,0.008206
1999,63,0.00535,0.012709,0.008906
1999,64,0.005962,0.014274,0.009956
1999,65,0.006352,0.015849,0.010888
1999,66,0.007082,0.017729,0.012141
1999,67,0.008211,0.019538,0.013565
1999,68,0.008671,0.020519,0.014235
1999,69,0.00953,0.023153,0.015882
1999,70,0.010786,0.025215,0.01745
1999,71,0.012061,0.027281,0.019017
1999,72,0.012888,0.030013,0.020599
1999,73,0.014465,0.033422,0.022821
1999,74,0.016545,0.036582,0.025125
1999,75,0.018826,0.040318,0.027609
1999,76,0.021577,0.04416,0.030308
1999,77,0.024671,0.04912,0.033788
1999,78,0.028331,0.056661,0.038715
1999,79,0.031679,0.061391,0.04252
1999,80,0.037068,0.070294,0.049129
1999,81,0.04196,0.079973,0.055546
1999,82,0.047407,0.088521,0.061862
1999,83,0.055266,0.098436,0.070186
1999,84,0.062787,0.110464,0.078999
1999,85,0.072082,0.121218,0.088399
1999,86,0.082432,0.134755,0.099198
1999,87,0.093687,0.150643,0.111255
1999,88,0.105726,0.166409,0.123837
1999,89,0.119657,0.18115,0.137473
1999,90,0.138566,0.203049,0.156709
2000,0,0.003036,0.00353,0.00329
2000,1,0.00047,0.000549,0.000511
2000,2,0.000259,0.000332,0.000296
2000,3,0.000182,0.000265,0.000224
2000,4,0.000157,0.000226,0.000192
2000,5,0.000113,0.000179,0.000147
2000,6,0.00013,0.000147,0.000138
2000,7,9.8e-05,0.000164,0.000132
2000,8,7.5e-05,0.000132,0.000104
2000,9,9.9e-05,9.4e-05,9.6e-05
2000,10,7.3e-05,0.000101,8.7e-05
2000,11,7.2e-05,0.00012,9.7e-05
2000,12,8e-05,0.000124,0.000103
2000,13,8.8e-05,0.000165,0.000127
2000,14,7.8e-05,0.000217,0.000149
2000,15,0.000124,0.000238,0.000182
2000,16,0.000172,0.000389,0.000283
2000,17,0.000171,0.000443,0.00031
2000,18,0.000238,0.000539,0.000392
2000,19,0.000223,0.000633,0.000433
2000,20,0.000249,0.000648,0.000455
2000,21,0.000263,0.000602,0.000437
2000,22,0.000282,0.000688,0.00049
2000,23,0.000304,0.000689,0.0005
2000,24,0.000317,0.000727,0.000526
2000,25,0.000291,0.000645,0.000472
2000,26,0.000313,0.000676,0.000498
2000,27,0.00033,0.000634,0.000484
2000,28,0.000339,0.000678,0.000511
2000,29,0.000363,0.000722,0.000545
2000,30,0.000397,0.00075,0.000576
2000,31,0.000408,0.000854,0.000634
2000,32,0.000429,0.000888,0.000662
2000,33,0.00044,0.000869,0.000657
2000,34,0.000509,0.000953,0.000734
2000,35,0.000565,0.001033,0.000802
2000,36,0.000518,0.001008,0.000766
2000,37,0.000675,0.001154,0.000917
2000,38,0.000663,0.001279,0.000974
2000,39,0.000706,0.001367,0.00104
2000,40,0.000775,0.001455,0.001118
2000,41,0.000848,0.001582,0.001218
2000,42,0.000957,0.001808,0.001386
2000,43,0.000999,0.00178,0.001392
2000,44,0.001166,0.002174,0.001674
2000,45,0.001243,0.002372,0.001811
2000,46,0.001329,0.002545,0.00194
2000,47,0.001395,0.002869,0.002134
2000,48,0.001565,0.003196,0.002382
2000,49,0.001756,0.00348,0.002619
2000,50,0.00199,0.003981,0.002985
2000,51,0.002152,0.004331,0.003241
2000,52,0.002332,0.004819,0.003574
2000,53,0.002526,0.005313,0.003916
2000,54,0.002582,0.005585,0.004072
2000,55,0.002918,0.006412,0.004642
2000,56,0.002923,0.006898,0.004879
2000,57,0.003033,0.007202,0.005082
2000,58,0.003369,0.008024,0.005656
2000,59,0.003702,0.008627,0.006115
2000,60,0.003803,0.009424,0.006549
2000,61,0.004062,0.009922,0.006914
2000,62,0.004617,0.011056,0.007738
2000,63,0.005188,0.012503,0.008725
2000,64,0.005542,0.01364,0.009442
2000,65,0.006305,0.015115,0.010521
2000,66,0.006723,0.016561,0.0114
2000,67,0.007585,0.018324,0.012662
2000,68,0.008301,0.020097,0.013845
2000,69,0.008992,0.021996,0.015062
2000,70,0.010117,0.024235,0.016654
2000,71,0.01118,0.026348,0.018132
2000,72,0.012197,0.028904,0.019768
2000,73,0.013943,0.031519,0.021785
2000,74,0.015499,0.035256,0.024122
2000,75,0.017193,0.038262,0.026117
2000,76,0.020292,0.042636,0.029315
2000,77,0.022816,0.046933,0.032015
2000,78,0.026003,0.051658,0.035426
2000,79,0.029614,0.058306,0.039959
2000,80,0.034008,0.06753,0.045923
2000,81,0.039442,0.075029,0.052073
2000,82,0.044601,0.084065,0.05836
2000,83,0.0504,0.092593,0.064844
2000,84,0.057117,0.104538,0.073026
2000,85,0.066111,0.112314,0.081332
2000,86,0.075109,0.126594,0.09164
2000,87,0.086488,0.139551,0.10289
2000,88,0.097414,0.154636,0.114371
2000,89,0.110598,0.170476,0.127716
2000,90,0.124408,0.18494,0.141194
2001,0,0.002838,0.003331,0.003091
2001,1,0.000456,0.000508,0.000483
2001,2,0.000261,0.000297,0.000279
2001,3,0.000188,0.000227,0.000208
2001,4,0.000134,0.000212,0.000174
2001,5,0.000108,0.000153,0.000131
2001,6,0.000101,0.000172,0.000137
2001,7,0.000116,0.000128,0.000122
2001,8,9.6e-05,0.000111,0.000104
2001,9,7.9e-05,0.000122,0.000101
2001,10,7.5e-05,9.9e-05,8.7e-05
2001,11,7e-05,9.8e-05,8.4e-05
2001,12,6.9e-05,0.000104,8.7e-05
2001,13,8.6e-05,0.000136,0.000112
2001,14,0.000114,0.000159,0.000137
2001,15,0.000118,0.00026,0.000191
2001,16,0.000178,0.000342,0.000262
2001,17,0.000192,0.000463,0.000331
2001,18,0.000196,0.000547,0.000376
2001,19,0.000231,0.000595,0.000418
2001,20,0.000248,0.000593,0.000425
2001,21,0.000263,0.000676,0.000475
2001,22,0.000285,0.000633,0.000464
2001,23,0.000281,0.000639,0.000464
2001,24,0.000268,0.00062,0.000447
2001,25,0.000278,0.000662,0.000474
2001,26,0.000313,0.000633,0.000476
2001,27,0.000292,0.000699,0.000498
2001,28,0.000336,0.000673,0.000507
2001,29,0.000315,0.000725,0.000524
2001,30,0.000397,0.000786,0.000594
2001,31,0.00042,0.000762,0.000594
2001,32,0.000426,0.000836,0.000634
2001,33,0.000434,0.000917,0.000679
2001,34,0.000453,0.000842,0.00065
2001,35,0.000509,0.001015,0.000765
2001,36,0.000559,0.001147,0.000856
2001,37,0.000604,0.001145,0.000878
2001,38,0.000632,0.001301,0.00097
2001,39,0.000678,0.001349,0.001017
2001,40,0.000741,0.001524,0.001136
2001,41,0.000809,0.001589,0.001202
2001,42,0.000898,0.001702,0.001303
2001,43,0.000976,0.001891,0.001437
2001,44,0.001147,0.002009,0.001581
2001,45,0.001199,0.002354,0.00178
2001,46,0.001307,0.0026,0.001957
2001,47,0.001461,0.00282,0.002143
2001,48,0.001557,0.003002,0.00228
2001,49,0.001691,0.00341,0.002551
2001,50,0.001885,0.003902,0.002893
2001,51,0.002049,0.004213,0.00313
2001,52,0.002224,0.004721,0.00347
2001,53,0.00257,0.005092,0.003828
2001,54,0.002628,0.00573,0.004173
2001,55,0.002622,0.006013,0.004302
2001,56,0.002935,0.006778,0.004828
2001,57,0.003193,0.007311,0.005216
2001,58,0.003315,0.007676,0.005455
2001,59,0.003435,0.008504,0.00592
2001,60,0.003761,0.009194,0.006417
2001,61,0.00401,0.009784,0.006824
2001,62,0.004381,0.010664,0.007431
2001,63,0.004916,0.011548,0.008121
2001,64,0.00547,0.012948,0.009074
2001,65,0.00583,0.013895,0.009699
2001,66,0.006585,0.015868,0.011009
2001,67,0.00719,0.01738,0.012011
2001,68,0.008155,0.019515,0.013496
2001,69,0.008987,0.021705,0.014929
2001,70,0.00982,0.023544,0.016183
2001,71,0.010854,0.02583,0.017736
2001,72,0.012,0.028436,0.01947
2001,73,0.013464,0.03088,0.021286
2001,74,0.014825,0.034102,0.023344
2001,75,0.016943,0.038052,0.026057
2001,76,0.018933,0.041693,0.028458
2001,77,0.022028,0.045951,0.031561
2001,78,0.024927,0.050061,0.034375
2001,79,0.028636,0.055659,0.0384
2001,80,0.032447,0.063442,0.043237
2001,81,0.037268,0.071163,0.049057
2001,82,0.042184,0.080607,0.055498
2001,83,0.048866,0.089617,0.062706
2001,84,0.055685,0.100742,0.070674
2001,85,0.063211,0.11124,0.078829
2001,86,0.072382,0.122278,0.088284
2001,87,0.08302,0.136762,0.099683
2001,88,0.093814,0.15031,0.110616
2001,89,0.107465,0.163708,0.123464
2001,90,0.1203,0.18312,0.137517
2002,0,0.00282,0.003196,0.003013
2002,1,0.000422,0.000488,0.000456
2002,2,0.000261,0.000299,0.000281
2002,3,0.000169,0.000193,0.000182
2002,4,0.000146,0.000159,0.000153
2002,5,0.00014,0.000157,0.000149
2002,6,0.000104,0.000165,0.000135
2002,7,0.000129,0.000145,0.000137
2002,8,8.8e-05,0.00012,0.000105
2002,9,8.9e-05,8.8e-05,8.9e-05
2002,10,9.6e-05,8.8e-05,9.2e-05
2002,11,6.8e-05,9.4e-05,8.1e-05
2002,12,7.4e-05,0.00011,9.3e-05
2002,13,9.6e-05,0.000128,0.000113
2002,14,9e-05,0.000179,0.000136
2002,15,0.000121,0.000232,0.000178
2002,16,0.000154,0.00038,0.00027
2002,17,0.000209,0.000441,0.000328
2002,18,0.000206,0.000472,0.000342
2002,19,0.000241,0.000565,0.000407
2002,20,0.000236,0.000627,0.000436
2002,21,0.000268,0.000592,0.000434
2002,22,0.000259,0.000668,0.000469
2002,23,0.000273,0.000609,0.000445
2002,24,0.000278,0.000601,0.000443
2002,25,0.000249,0.000633,0.000445
2002,26,0.00027,0.000652,0.000464
2002,27,0.000316,0.000628,0.000475
2002,28,0.000306,0.000628,0.00047
2002,29,0.00035,0.000699,0.000527
2002,30,0.000354,0.000708,0.000534
2002,31,0.000413,0.000774,0.000596
2002,32,0.000403,0.000828,0.000619
2002,33,0.000454,0.000918,0.000689
2002,34,0.000519,0.000916,0.00072
2002,35,0.000494,0.0009,0.0007
2002,36,0.000592,0.00108,0.000839
2002,37,0.000573,0.001121,0.000851
2002,38,0.000648,0.001221,0.000938
2002,39,0.000698,0.001329,0.001017
2002,40,0.000748,0.001489,0.001122
2002,41,0.000812,0.001578,0.001198
2002,42,0.00088,0.001753,0.00132
2002,43,0.000921,0.00189,0.001408
2002,44,0.001046,0.002078,0.001565
2002,45,0.001119,0.002225,0.001675
2002,46,0.001295,0.002552,0.001927
2002,47,0.001307,0.002774,0.002044
2002,48,0.001558,0.002883,0.002222
2002,49,0.001624,0.003401,0.002513
2002,50,0.001901,0.003823,0.002862
2002,51,0.001946,0.004044,0.002993
2002,52,0.002163,0.004646,0.003402
2002,53,0.002345,0.005226,0.003781
2002,54,0.002536,0.005508,0.004017
2002,55,0.002708,0.006173,0.004432
2002,56,0.002803,0.006313,0.004539
2002,57,0.003096,0.007096,0.005063
2002,58,0.003235,0.008058,0.005601
2002,59,0.003562,0.008141,0.005806
2002,60,0.003633,0.008748,0.006136
2002,61,0.004045,0.009733,0.00682
2002,62,0.004451,0.010247,0.00727
2002,63,0.004737,0.01114,0.007837
2002,64,0.005262,0.012362,0.008684
2002,65,0.005779,0.013734,0.009601
2002,66,0.006402,0.014948,0.010486
2002,67,0.006897,0.016713,0.011554
2002,68,0.007779,0.018425,0.01279
2002,69,0.008449,0.020736,0.014193
2002,70,0.009757,0.023064,0.015934
2002,71,0.010423,0.024719,0.017004
2002,72,0.011849,0.027486,0.018976
2002,73,0.012875,0.030531,0.020829
2002,74,0.014459,0.034195,0.023236
2002,75,0.016122,0.036658,0.025098
2002,76,0.018419,0.040387,0.027791
2002,77,0.02094,0.045243,0.030976
2002,78,0.023948,0.050203,0.034258
2002,79,0.027345,0.055277,0.037674
2002,80,0.031237,0.063227,0.04239
2002,81,0.035804,0.070586,0.047655
2002,82,0.040985,0.077938,0.053537
2002,83,0.046481,0.086858,0.060111
2002,84,0.053057,0.097377,0.067693
2002,85,0.061271,0.109286,0.076754
2002,86,0.068948,0.121077,0.085329
2002,87,0.080034,0.135242,0.097011
2002,88,0.089753,0.146223,0.1066
2002,89,0.102611,0.162025,0.119567
2002,90,0.116608,0.180215,0.133935
2003,0,0.002865,0.003084,0.002977
2003,1,0.00038,0.000408,0.000395
2003,2,0.000246,0.000249,0.000247
2003,3,0.000173,0.000193,0.000183
2003,4,0.000153,0.000183,0.000168
2003,5,0.000125,0.000154,0.00014
2003,6,0.000111,0.000165,0.000139
2003,7,9.2e-05,0.000108,0.0001
2003,8,0.000107,8.3e-05,9.5e-05
2003,9,7.1e-05,0.0001,8.6e-05
2003,10,6.5e-05,9.3e-05,8e-05
2003,11,0.000104,0.000106,0.000105
2003,12,8.8e-05,0.0001,9.5e-05
2003,13,0.000104,0.000137,0.000121
2003,14,0.000114,0.000162,0.000139
2003,15,0.000123,0.000239,0.000182
2003,16,0.000172,0.00033,0.000253
2003,17,0.000178,0.000429,0.000307
2003,18,0.00026,0.000497,0.000382
2003,19,0.000253,0.000533,0.000397
2003,20,0.000226,0.000533,0.000383
2003,21,0.000249,0.000593,0.000425
2003,22,0.000281,0.000602,0.000445
2003,23,0.000245,0.00061,0.000432
2003,24,0.000303,0.000657,0.000484
2003,25,0.000311,0.000658,0.000488
2003,26,0.0003,0.00065,0.000478
2003,27,0.000306,0.000711,0.000512
2003,28,0.000341,0.000764,0.000556
2003,29,0.000329,0.000719,0.000527
2003,30,0.000364,0.000766,0.000568
2003,31,0.000407,0.000767,0.00059
2003,32,0.000426,0.000861,0.000647
2003,33,0.000426,0.000956,0.000695
2003,34,0.000484,0.000935,0.000713
2003,35,0.000553,0.000983,0.000771
2003,36,0.000523,0.001062,0.000796
2003,37,0.000578,0.001089,0.000836
2003,38,0.000667,0.001287,0.00098
2003,39,0.0007,0.001323,0.001015
2003,40,0.000761,0.00154,0.001155
2003,41,0.000771,0.001649,0.001214
2003,42,0.000832,0.001833,0.001337
2003,43,0.000986,0.001893,0.001442
2003,44,0.001035,0.002154,0.001598
2003,45,0.001155,0.002466,0.001813
2003,46,0.001212,0.002554,0.001886
2003,47,0.001353,0.002715,0.002037
2003,48,0.00144,0.00306,0.002253
2003,49,0.001621,0.003365,0.002494
2003,50,0.001793,0.003844,0.002818
2003,51,0.001922,0.004178,0.003048
2003,52,0.002117,0.004546,0.003328
2003,53,0.002294,0.005166,0.003725
2003,54,0.002549,0.005533,0.004034
2003,55,0.002713,0.006043,0.004369
2003,56,0.002891,0.006645,0.004756
2003,57,0.002934,0.006795,0.004841
2003,58,0.003301,0.007983,0.005599
2003,59,0.003326,0.008283,0.005753
2003,60,0.003676,0.00899,0.006275
2003,61,0.003999,0.009516,0.006692
2003,62,0.004202,0.010498,0.007267
2003,63,0.00473,0.01133,0.007932
2003,64,0.005018,0.011833,0.008308
2003,65,0.005626,0.013337,0.009331
2003,66,0.006124,0.014612,0.010187
2003,67,0.006695,0.016151,0.011196
2003,68,0.007455,0.01848,0.01266
2003,69,0.008314,0.020103,0.013832
2003,70,0.009408,0.022421,0.015454
2003,71,0.010598,0.024937,0.017208
2003,72,0.011274,0.027416,0.018646
2003,73,0.013075,0.030002,0.020721
2003,74,0.014106,0.033399,0.022712
2003,75,0.016188,0.036152,0.024972
2003,76,0.01785,0.039586,0.027243
2003,77,0.020541,0.045189,0.03092
2003,78,0.0231,0.049452,0.033822
2003,79,0.026811,0.05564,0.037949
2003,80,0.03054,0.062151,0.041832
2003,81,0.035071,0.06899,0.046642
2003,82,0.040455,0.079176,0.053335
2003,83,0.046071,0.086496,0.059449
2003,84,0.052957,0.096564,0.067266
2003,85,0.060703,0.10915,0.07621
2003,86,0.069702,0.12006,0.085397
2003,87,0.078616,0.131962,0.094779
2003,88,0.090307,0.149331,0.107758
2003,89,0.101781,0.163653,0.119473
2003,90,0.116112,0.183201,0.134398
2004,0,0.002608,0.003031,0.002824
2004,1,0.000387,0.000471,0.00043
2004,2,0.000196,0.000279,0.000239
2004,3,0.00017,0.000207,0.000189
2004,4,0.000141,0.000171,0.000156
2004,5,9.2e-05,0.000128,0.00011
2004,6,7.5e-05,0.000147,0.000112
2004,7,0.000102,0.000137,0.00012
2004,8,6.3e-05,0.000115,8.9e-05
2004,9,6.1e-05,0.000101,8.1e-05
2004,10,7.4e-05,8.2e-05,7.8e-05
2004,11,6.4e-05,9e-05,7.7e-05
2004,12,6e-05,0.00011,8.6e-05
2004,13,8e-05,0.000142,0.000112
2004,14,0.000104,0.000162,0.000134
2004,15,0.000124,0.000206,0.000166
2004,16,0.000172,0.000325,0.000251
2004,17,0.000198,0.000338,0.00027
2004,18,0.000214,0.000434,0.000327
2004,19,0.000246,0.000543,0.000399
2004,20,0.000272,0.000514,0.000396
2004,21,0.000239,0.000621,0.000435
2004,22,0.000276,0.000573,0.000428
2004,23,0.000311,0.000583,0.00045
2004,24,0.000257,0.000705,0.000486
2004,25,0.00029,0.000585,0.000441
2004,26,0.000284,0.000628,0.000459
2004,27,0.000292,0.000641,0.00047
2004,28,0.00034,0.000714,0.00053
2004,29,0.000363,0.000681,0.000524
2004,30,0.000365,0.000756,0.000563
2004,31,0.00036,0.000814,0.00059
2004,32,0.000421,0.000806,0.000616
2004,33,0.000412,0.000855,0.000637
2004,34,0.00049,0.000972,0.000734
2004,35,0.000524,0.000979,0.000755
2004,36,0.000604,0.001077,0.000844
2004,37,0.000544,0.001162,0.000857
2004,38,0.000647,0.001171,0.000912
2004,39,0.000771,0.001322,0.00105
2004,40,0.000752,0.001464,0.001112
2004,41,0.000799,0.001552,0.001179
2004,42,0.000913,0.001792,0.001356
2004,43,0.000905,0.00182,0.001366
2004,44,0.000966,0.002044,0.001509
2004,45,0.001127,0.002365,0.001749
2004,46,0.001232,0.002593,0.001915
2004,47,0.001263,0.002738,0.002003
2004,48,0.001614,0.002961,0.00229
2004,49,0.001657,0.003124,0.002392
2004,50,0.001744,0.003646,0.002696
2004,51,0.001985,0.003956,0.002968
2004,52,0.002083,0.004431,0.003253
2004,53,0.00228,0.004831,0.00355
2004,54,0.002639,0.005278,0.003951
2004,55,0.00278,0.005844,0.004302
2004,56,0.002948,0.006269,0.004597
2004,57,0.003085,0.006904,0.004979
2004,58,0.003184,0.007301,0.005214
2004,59,0.003477,0.008344,0.005861
2004,60,0.003774,0.008936,0.006296
2004,61,0.003811,0.009378,0.006528
2004,62,0.004186,0.010266,0.007147
2004,63,0.004687,0.011209,0.007854
2004,64,0.005023,0.011815,0.008309
2004,65,0.005401,0.012754,0.008941
2004,66,0.006002,0.01438,0.010013
2004,67,0.006597,0.015787,0.010979
2004,68,0.007212,0.017307,0.011995
2004,69,0.00811,0.0197,0.013554
2004,70,0.009007,0.021312,0.014733
2004,71,0.009823,0.024092,0.016407
2004,72,0.011422,0.026919,0.018512
2004,73,0.012409,0.029006,0.019924
2004,74,0.013642,0.032224,0.021955
2004,75,0.015575,0.036097,0.024634
2004,76,0.017716,0.039669,0.027267
2004,77,0.019739,0.043177,0.02974
2004,78,0.022164,0.049304,0.033429
2004,79,0.025608,0.05458,0.037208
2004,80,0.029931,0.062066,0.042013
2004,81,0.033852,0.068344,0.045911
2004,82,0.038303,0.074535,0.050369
2004,83,0.044394,0.0856,0.05775
2004,84,0.050776,0.093591,0.064551
2004,85,0.058764,0.1057,0.073698
2004,86,0.067035,0.11679,0.082435
2004,87,0.076697,0.130584,0.092904
2004,88,0.087936,0.14323,0.104048
2004,89,0.098419,0.155975,0.114738
2004,90,0.111858,0.177449,0.129785
2005,0,0.002509,0.002985,0.002753
2005,1,0.000362,0.000487,0.000426
2005,2,0.000227,0.000272,0.000251
2005,3,0.000177,0.000216,0.000197
2005,4,0.000138,0.00016,0.000149
2005,5,9.3e-05,0.000135,0.000115
2005,6,9.9e-05,0.00015,0.000125
2005,7,9.2e-05,0.000152,0.000123
2005,8,8.7e-05,0.000137,0.000112
2005,9,5.7e-05,0.000103,8.1e-05
2005,10,8.7e-05,9.1e-05,8.9e-05
2005,11,5.5e-05,8.4e-05,7e-05
2005,12,5.7e-05,9.8e-05,7.8e-05
2005,13,8.7e-05,0.000138,0.000113
2005,14,0.000105,0.000176,0.000142
2005,15,0.000131,0.000234,0.000184
2005,16,0.000127,0.000288,0.00021
2005,17,0.000162,0.000325,0.000246
2005,18,0.000218,0.000423,0.000323
2005,19,0.000265,0.000519,0.000396
2005,20,0.000249,0.000579,0.000419
2005,21,0.000255,0.000573,0.000419
2005,22,0.000335,0.00063,0.000486
2005,23,0.000327,0.00068,0.000507
2005,24,0.000346,0.000651,0.000502
2005,25,0.0003,0.000661,0.000484
2005,26,0.000314,0.000697,0.000509
2005,27,0.000303,0.000626,0.000467
2005,28,0.000316,0.000733,0.000528
2005,29,0.000358,0.000747,0.000556
2005,30,0.000377,0.000712,0.000547
2005,31,0.000393,0.000796,0.000598
2005,32,0.000422,0.000755,0.000591
2005,33,0.000453,0.000859,0.000659
2005,34,0.000515,0.000916,0.000718
2005,35,0.000511,0.001048,0.000783
2005,36,0.000574,0.001002,0.00079
2005,37,0.000617,0.001146,0.000884
2005,38,0.000617,0.001186,0.000905
2005,39,0.000697,0.001299,0.001001
2005,40,0.000746,0.001466,0.00111
2005,41,0.000855,0.001564,0.001214
2005,42,0.000839,0.001729,0.001288
2005,43,0.000941,0.001725,0.001336
2005,44,0.001044,0.002149,0.001601
2005,45,0.001131,0.002253,0.001695
2005,46,0.001207,0.002515,0.001864
2005,47,0.001409,0.002727,0.00207
2005,48,0.001445,0.003022,0.002236
2005,49,0.00158,0.003243,0.002414
2005,50,0.001765,0.003512,0.00264
2005,51,0.00199,0.004035,0.003012
2005,52,0.002095,0.004398,0.003242
2005,53,0.002193,0.004685,0.003433
2005,54,0.002449,0.005258,0.003846
2005,55,0.002697,0.005814,0.004245
2005,56,0.002832,0.006455,0.00463
2005,57,0.00312,0.00707,0.005079
2005,58,0.003268,0.007485,0.005354
2005,59,0.003322,0.008063,0.005654
2005,60,0.003633,0.009012,0.006262
2005,61,0.004031,0.009718,0.006804
2005,62,0.004239,0.010206,0.007144
2005,63,0.004477,0.011191,0.007738
2005,64,0.005077,0.012104,0.00848
2005,65,0.005464,0.012895,0.009048
2005,66,0.00566,0.013805,0.009567
2005,67,0.006629,0.015392,0.010808
2005,68,0.007307,0.017081,0.011948
2005,69,0.00785,0.019116,0.01316
2005,70,0.008954,0.021807,0.014955
2005,71,0.01003,0.02351,0.016261
2005,72,0.011397,0.026791,0.018447
2005,73,0.01273,0.029453,0.020317
2005,74,0.014034,0.032503,0.022317
2005,75,0.015884,0.03585,0.02472
2005,76,0.017794,0.040602,0.027744
2005,77,0.020091,0.044521,0.030584
2005,78,0.022245,0.049461,0.033688
2005,79,0.025331,0.055279,0.037559
2005,80,0.029491,0.063157,0.042588
2005,81,0.034169,0.070465,0.047526
2005,82,0.03959,0.077971,0.052687
2005,83,0.04463,0.086559,0.05823
2005,84,0.052454,0.097796,0.066725
2005,85,0.059096,0.108702,0.074562
2005,86,0.066909,0.12066,0.083428
2005,87,0.07787,0.134875,0.094865
2005,88,0.088595,0.149766,0.106276
2005,89,0.101611,0.167359,0.119965
2005,90,0.115237,0.182245,0.133365
2006,0,0.002518,0.002856,0.002691
2006,1,0.000394,0.000428,0.000412
2006,2,0.000205,0.000284,0.000245
2006,3,0.000173,0.000182,0.000177
2006,4,0.000122,0.000179,0.000151
2006,5,0.000124,0.000133,0.000128
2006,6,8.8e-05,0.000137,0.000113
2006,7,8.5e-05,0.000124,0.000105
2006,8,9.2e-05,0.000101,9.6e-05
2006,9,7.4e-05,8.3e-05,7.9e-05
2006,10,6.6e-05,8.8e-05,7.7e-05
2006,11,6.6e-05,9.9e-05,8.3e-05
2006,12,6.7e-05,0.000107,8.7e-05
2006,13,8.4e-05,0.000112,9.9e-05
2006,14,8.7e-05,0.000177,0.000133
2006,15,0.000131,0.000214,0.000174
2006,16,0.000131,0.000288,0.000212
2006,17,0.000176,0.000348,0.000264
2006,18,0.000206,0.00045,0.000331
2006,19,0.00027,0.000524,0.000401
2006,20,0.000268,0.000576,0.000427
2006,21,0.000272,0.000538,0.000409
2006,22,0.000302,0.000585,0.000447
2006,23,0.000267,0.00063,0.000453
2006,24,0.000332,0.000647,0.000492
2006,25,0.000316,0.00058,0.00045
2006,26,0.000338,0.000617,0.000481
2006,27,0.000323,0.0007,0.000515
2006,28,0.000333,0.000644,0.000491
2006,29,0.000388,0.000733,0.000563
2006,30,0.000359,0.000734,0.000549
2006,31,0.000341,0.000711,0.000529
2006,32,0.000397,0.000771,0.000587
2006,33,0.000445,0.000801,0.000625
2006,34,0.000461,0.000875,0.000671
2006,35,0.000493,0.000946,0.000722
2006,36,0.000543,0.000941,0.000745
2006,37,0.000587,0.001054,0.000823
2006,38,0.000641,0.001183,0.000915
2006,39,0.000622,0.001254,0.000942
2006,40,0.000774,0.001366,0.001073
2006,41,0.000826,0.001503,0.001168
2006,42,0.000835,0.00165,0.001247
2006,43,0.000984,0.001765,0.001378
2006,44,0.001006,0.002052,0.001533
2006,45,0.001058,0.002233,0.00165
2006,46,0.001278,0.002466,0.001875
2006,47,0.001289,0.002676,0.001985
2006,48,0.001491,0.002913,0.002204
2006,49,0.001561,0.003142,0.002353
2006,50,0.001771,0.003365,0.00257
2006,51,0.001973,0.0039,0.002938
2006,52,0.002046,0.004074,0.003058
2006,53,0.002154,0.004587,0.003366
2006,54,0.002342,0.004957,0.003642
2006,55,0.002411,0.005519,0.003955
2006,56,0.002751,0.006122,0.004423
2006,57,0.002998,0.006593,0.004779
2006,58,0.003221,0.007343,0.005261
2006,59,0.003405,0.00779,0.005571
2006,60,0.003532,0.008254,0.00585
2006,61,0.003859,0.009494,0.006608
2006,62,0.003977,0.010269,0.007037
2006,63,0.004375,0.011062,0.007621
2006,64,0.004617,0.011786,0.008088
2006,65,0.005319,0.012748,0.008904
2006,66,0.00569,0.013685,0.009532
2006,67,0.006217,0.014629,0.010236
2006,68,0.007031,0.016517,0.011535
2006,69,0.007857,0.018339,0.012806
2006,70,0.008484,0.019667,0.013721
2006,71,0.009603,0.022607,0.015633
2006,72,0.010761,0.024781,0.017192
2006,73,0.012001,0.028298,0.019399
2006,74,0.01387,0.03159,0.02183
2006,75,0.015314,0.034655,0.023892
2006,76,0.017055,0.039063,0.026675
2006,77,0.019097,0.043813,0.029729
2006,78,0.022163,0.048652,0.033362
2006,79,0.02455,0.052764,0.03621
2006,80,0.028499,0.060484,0.041234
2006,81,0.032982,0.067923,0.046294
2006,82,0.037668,0.075149,0.051141
2006,83,0.043316,0.083326,0.056616
2006,84,0.049145,0.091571,0.062515
2006,85,0.057357,0.104467,0.071723
2006,86,0.065446,0.117129,0.081013
2006,87,0.075155,0.128354,0.090897
2006,88,0.08561,0.143586,0.102212
2006,89,0.097664,0.15877,0.114562
2006,90,0.112322,0.178112,0.129843
2007,0,0.002451,0.002761,0.00261
2007,1,0.000334,0.00045,0.000394
2007,2,0.000204,0.000208,0.000206
2007,3,0.000171,0.000176,0.000173
2007,4,0.000114,0.000164,0.00014
2007,5,0.000109,0.000116,0.000112
2007,6,9.6e-05,0.000128,0.000112
2007,7,8.1e-05,0.000114,9.8e-05
2007,8,6.3e-05,9.9e-05,8.1e-05
2007,9,7.1e-05,6.9e-05,7e-05
2007,10,7.3e-05,8.9e-05,8.1e-05
2007,11,5.4e-05,9.6e-05,7.6e-05
2007,12,6.4e-05,0.000103,8.4e-05
2007,13,6.5e-05,0.000111,8.9e-05
2007,14,0.000103,0.000132,0.000118
2007,15,0.000102,0.000169,0.000136
2007,16,0.000166,0.000255,0.000211
2007,17,0.00017,0.000301,0.000237
2007,18,0.000161,0.000463,0.000316
2007,19,0.000245,0.000506,0.000379
2007,20,0.000258,0.000516,0.000391
2007,21,0.000295,0.000532,0.000417
2007,22,0.000283,0.000634,0.000463
2007,23,0.000299,0.000624,0.000465
2007,24,0.000271,0.000605,0.000442
2007,25,0.000312,0.00059,0.000454
2007,26,0.000284,0.000588,0.000439
2007,27,0.000328,0.000625,0.000479
2007,28,0.000316,0.000674,0.000498
2007,29,0.000348,0.000661,0.000507
2007,30,0.000364,0.000697,0.000533
2007,31,0.000374,0.000729,0.000554
2007,32,0.000362,0.000791,0.00058
2007,33,0.000409,0.000766,0.00059
2007,34,0.000433,0.000869,0.000654
2007,35,0.000506,0.000922,0.000717
2007,36,0.000511,0.000987,0.000752
2007,37,0.000593,0.001036,0.000818
2007,38,0.000626,0.001196,0.000915
2007,39,0.000684,0.001283,0.000987
2007,40,0.00067,0.001346,0.001012
2007,41,0.000754,0.001506,0.001134
2007,42,0.000867,0.001685,0.00128
2007,43,0.000969,0.001802,0.001389
2007,44,0.000976,0.001941,0.001463
2007,45,0.001089,0.002079,0.001588
2007,46,0.001287,0.002331,0.001813
2007,47,0.001319,0.002654,0.00199
2007,48,0.001432,0.002878,0.002157
2007,49,0.001536,0.003032,0.002286
2007,50,0.001754,0.003278,0.002517
2007,51,0.001868,0.003637,0.002754
2007,52,0.001965,0.003912,0.002939
2007,53,0.002193,0.0045,0.003344
2007,54,0.002316,0.004862,0.003582
2007,55,0.002557,0.0054,0.00397
2007,56,0.00267,0.005902,0.004274
2007,57,0.002855,0.006635,0.004728
2007,58,0.003155,0.007154,0.005134
2007,59,0.003264,0.007674,0.005443
2007,60,0.003503,0.008566,0.005999
2007,61,0.003738,0.00873,0.006183
2007,62,0.004182,0.010115,0.007068
2007,63,0.004472,0.011008,0.007641
2007,64,0.004678,0.011816,0.008131
2007,65,0.005209,0.012518,0.008735
2007,66,0.005585,0.013671,0.009472
2007,67,0.006096,0.015041,0.010377
2007,68,0.006549,0.015948,0.011018
2007,69,0.007714,0.017685,0.012422
2007,70,0.008532,0.020118,0.013968
2007,71,0.009191,0.021888,0.015095
2007,72,0.010571,0.024504,0.01698
2007,73,0.01164,0.026873,0.018565
2007,74,0.013183,0.03063,0.021024
2007,75,0.01502,0.034365,0.023615
2007,76,0.01649,0.037679,0.02577
2007,77,0.018981,0.042154,0.028968
2007,78,0.021514,0.047142,0.032363
2007,79,0.024228,0.053308,0.03631
2007,80,0.027812,0.060627,0.041034
2007,81,0.031636,0.067125,0.045482
2007,82,0.036301,0.074695,0.050599
2007,83,0.042485,0.083309,0.056791
2007,84,0.048739,0.092618,0.06292
2007,85,0.055993,0.103851,0.070603
2007,86,0.064253,0.11423,0.078986
2007,87,0.073838,0.128075,0.089581
2007,88,0.08458,0.141775,0.100849
2007,89,0.097344,0.159391,0.114368
2007,90,0.110824,0.176358,0.12814
2008,0,0.002483,0.002682,0.002585
2008,1,0.000334,0.000418,0.000377
2008,2,0.000223,0.000226,0.000225
2008,3,0.000133,0.000171,0.000152
2008,4,0.00012,0.000145,0.000133
2008,5,9.9e-05,0.000143,0.000122
2008,6,7.9e-05,0.000107,9.3e-05
2008,7,8.7e-05,0.000103,9.5e-05
2008,8,8.8e-05,9e-05,8.9e-05
2008,9,7.3e-05,9.6e-05,8.5e-05
2008,10,6.9e-05,7.1e-05,7e-05
2008,11,5.5e-05,8.8e-05,7.2e-05
2008,12,5.2e-05,0.000111,8.2e-05
2008,13,7.5e-05,0.000116,9.6e-05
2008,14,6.9e-05,0.000155,0.000113
2008,15,0.000135,0.000201,0.000169
2008,16,0.000152,0.000253,0.000204
2008,17,0.000183,0.000348,0.000268
2008,18,0.000189,0.000414,0.000305
2008,19,0.000277,0.000479,0.000381
2008,20,0.000252,0.000509,0.000383
2008,21,0.00028,0.000595,0.000442
2008,22,0.000248,0.000601,0.000429
2008,23,0.000326,0.000631,0.000482
2008,24,0.000279,0.00061,0.000448
2008,25,0.00034,0.000631,0.000488
2008,26,0.000282,0.000591,0.000439
2008,27,0.000329,0.000672,0.000504
2008,28,0.000315,0.000658,0.000489
2008,29,0.000339,0.000662,0.000503
2008,30,0.000361,0.000745,0.000556
2008,31,0.000414,0.000675,0.000547
2008,32,0.000423,0.000773,0.000601
2008,33,0.000398,0.000754,0.000579
2008,34,0.000471,0.000841,0.000659
2008,35,0.000449,0.000874,0.000665
2008,36,0.00054,0.000955,0.000751
2008,37,0.000606,0.001055,0.000834
2008,38,0.000607,0.001123,0.000869
2008,39,0.000738,0.001196,0.00097
2008,40,0.000704,0.001357,0.001034
2008,41,0.000757,0.001454,0.00111
2008,42,0.000846,0.001518,0.001186
2008,43,0.000946,0.001774,0.001364
2008,44,0.00101,0.001841,0.00143
2008,45,0.00104,0.00194,0.001494
2008,46,0.001228,0.00229,0.001763
2008,47,0.001294,0.002455,0.001878
2008,48,0.001447,0.002754,0.002104
2008,49,0.001522,0.003116,0.002321
2008,50,0.001716,0.003362,0.00254
2008,51,0.001795,0.003501,0.002648
2008,52,0.001923,0.004001,0.002962
2008,53,0.002069,0.004293,0.003181
2008,54,0.00229,0.004797,0.00354
2008,55,0.002434,0.005321,0.003869
2008,56,0.002553,0.005673,0.004101
2008,57,0.002751,0.006316,0.004518
2008,58,0.003036,0.006973,0.004984
2008,59,0.003366,0.007665,0.005489
2008,60,0.003609,0.008371,0.005958
2008,61,0.003801,0.008922,0.00632
2008,62,0.003895,0.009707,0.006735
2008,63,0.004362,0.010928,0.007547
2008,64,0.004653,0.011812,0.008113
2008,65,0.004849,0.012587,0.008579
2008,66,0.005456,0.013587,0.009364
2008,67,0.006144,0.014901,0.010336
2008,68,0.006432,0.015563,0.010781
2008,69,0.007409,0.017469,0.012167
2008,70,0.008175,0.019554,0.013515
2008,71,0.009271,0.021593,0.015011
2008,72,0.010275,0.023724,0.01648
2008,73,0.011788,0.026664,0.018572
2008,74,0.012936,0.029517,0.020403
2008,75,0.014652,0.03337,0.022974
2008,76,0.01643,0.037964,0.02588
2008,77,0.01847,0.042103,0.028681
2008,78,0.021284,0.046895,0.032151
2008,79,0.024234,0.05307,0.036229
2008,80,0.027183,0.059538,0.040237
2008,81,0.031721,0.066949,0.045629
2008,82,0.036419,0.075382,0.051278
2008,83,0.041526,0.082958,0.05657
2008,84,0.048556,0.093055,0.063719
2008,85,0.055971,0.102343,0.070495
2008,86,0.063145,0.115478,0.078578
2008,87,0.073703,0.128686,0.089307
2008,88,0.084008,0.14199,0.100174
2008,89,0.095999,0.161291,0.11376
2008,90,0.111248,0.176653,0.12837
2009,0,0.002138,0.002633,0.002392
2009,1,0.000344,0.00041,0.000378
2009,2,0.000175,0.000201,0.000188
2009,3,0.000158,0.000154,0.000156
2009,4,0.000111,0.00014,0.000126
2009,5,0.000124,0.00012,0.000122
2009,6,0.000101,0.000109,0.000105
2009,7,7.2e-05,8.7e-05,7.9e-05
2009,8,7.6e-05,9.1e-05,8.4e-05
2009,9,6.5e-05,9.9e-05,8.2e-05
2009,10,7.8e-05,8.1e-05,8e-05
2009,11,3.8e-05,7.8e-05,5.8e-05
2009,12,8.1e-05,6.9e-05,7.5e-05
2009,13,8e-05,0.000116,9.8e-05
2009,14,7.6e-05,0.000119,9.8e-05
2009,15,0.000103,0.000146,0.000125
2009,16,0.000137,0.000282,0.000211
2009,17,0.000167,0.000319,0.000245
2009,18,0.000172,0.000419,0.000299
2009,19,0.000227,0.000442,0.000337
2009,20,0.000284,0.000548,0.000419
2009,21,0.000264,0.000596,0.000434
2009,22,0.000291,0.000665,0.000483
2009,23,0.000313,0.000591,0.000455
2009,24,0.000269,0.000632,0.000455
2009,25,0.000318,0.000569,0.000446
2009,26,0.000351,0.000609,0.000482
2009,27,0.000307,0.00061,0.000461
2009,28,0.000331,0.000676,0.000507
2009,29,0.000352,0.000706,0.000532
2009,30,0.000316,0.000707,0.000515
2009,31,0.000397,0.000688,0.000545
2009,32,0.000403,0.000773,0.000591
2009,33,0.000402,0.000693,0.00055
2009,34,0.000451,0.000852,0.000655
2009,35,0.000495,0.000897,0.000699
2009,36,0.000495,0.000909,0.000705
2009,37,0.000594,0.001042,0.000822
2009,38,0.000641,0.001122,0.000886
2009,39,0.00067,0.001249,0.000964
2009,40,0.000679,0.001325,0.001006
2009,41,0.000839,0.001523,0.001186
2009,42,0.000801,0.001528,0.001169
2009,43,0.000896,0.001718,0.001311
2009,44,0.001063,0.001934,0.001503
2009,45,0.001096,0.002074,0.00159
2009,46,0.001186,0.002245,0.00172
2009,47,0.001256,0.002491,0.001878
2009,48,0.001369,0.002652,0.002014
2009,49,0.001571,0.002946,0.002261
2009,50,0.001576,0.003325,0.002453
2009,51,0.001812,0.003553,0.002683
2009,52,0.001894,0.003977,0.002935
2009,53,0.002065,0.00434,0.003202
2009,54,0.002193,0.004648,0.003419
2009,55,0.002306,0.005101,0.003698
2009,56,0.002525,0.005605,0.004055
2009,57,0.002642,0.006092,0.004352
2009,58,0.002849,0.006752,0.004781
2009,59,0.003173,0.007628,0.005374
2009,60,0.003373,0.008178,0.005742
2009,61,0.003785,0.008936,0.00632
2009,62,0.003875,0.009529,0.00665
2009,63,0.003962,0.010317,0.007059
2009,64,0.004585,0.011509,0.007933
2009,65,0.004818,0.012323,0.008432
2009,66,0.005318,0.013176,0.009091
2009,67,0.005847,0.014324,0.009904
2009,68,0.006507,0.015569,0.010826
2009,69,0.006975,0.016926,0.011691
2009,70,0.007723,0.018255,0.012676
2009,71,0.008654,0.020181,0.014028
2009,72,0.009825,0.023314,0.016063
2009,73,0.010795,0.024886,0.017242
2009,74,0.011999,0.028435,0.019426
2009,75,0.013724,0.031851,0.021802
2009,76,0.015765,0.036291,0.024783
2009,77,0.017972,0.040312,0.027646
2009,78,0.020107,0.044671,0.030563
2009,79,0.022622,0.051285,0.034579
2009,80,0.026349,0.057383,0.038885
2009,81,0.029861,0.064685,0.043632
2009,82,0.034674,0.071258,0.048798
2009,83,0.039395,0.08024,0.054595
2009,84,0.045918,0.090506,0.061666
2009,85,0.052887,0.10147,0.068948
2009,86,0.060903,0.112088,0.076394
2009,87,0.069612,0.12345,0.0849
2009,88,0.080736,0.139864,0.096852
2009,89,0.093018,0.153965,0.10927
2009,90,0.104511,0.1729,0.122239
2010,0,0.002139,0.002522,0.002335
2010,1,0.00036,0.000411,0.000386
2010,2,0.000201,0.000206,0.000203
2010,3,0.000147,0.000183,0.000165
2010,4,9.6e-05,0.00016,0.000129
2010,5,0.000115,9.2e-05,0.000103
2010,6,9.4e-05,0.000107,0.000101
2010,7,5.5e-05,0.00011,8.3e-05
2010,8,7.5e-05,8.4e-05,7.9e-05
2010,9,6.6e-05,6.6e-05,6.6e-05
2010,10,6.3e-05,8.1e-05,7.2e-05
2010,11,5.4e-05,9.8e-05,7.6e-05
2010,12,7.4e-05,0.000121,9.8e-05
2010,13,7.6e-05,0.000127,0.000102
2010,14,8.5e-05,0.000154,0.00012
2010,15,0.000135,0.000164,0.00015
2010,16,0.000132,0.000269,0.000202
2010,17,0.000159,0.000278,0.00022
2010,18,0.000183,0.000384,0.000286
2010,19,0.000213,0.000432,0.000325
2010,20,0.000227,0.000546,0.00039
2010,21,0.000282,0.000539,0.000414
2010,22,0.000238,0.000624,0.000436
2010,23,0.000266,0.000654,0.000465
2010,24,0.000258,0.000642,0.000454
2010,25,0.00026,0.000621,0.000444
2010,26,0.000272,0.000644,0.000462
2010,27,0.000275,0.000683,0.000483
2010,28,0.000314,0.000677,0.000499
2010,29,0.00033,0.000674,0.000505
2010,30,0.000371,0.000704,0.000541
2010,31,0.00039,0.000689,0.000542
2010,32,0.000372,0.000773,0.000576
2010,33,0.000441,0.000765,0.000606
2010,34,0.000459,0.000834,0.00065
2010,35,0.000475,0.000831,0.000656
2010,36,0.000508,0.000919,0.000717
2010,37,0.000561,0.000987,0.000778
2010,38,0.000623,0.001057,0.000844
2010,39,0.000666,0.001171,0.000923
2010,40,0.000725,0.00138,0.001058
2010,41,0.000748,0.001313,0.001034
2010,42,0.000817,0.001548,0.001187
2010,43,0.000888,0.001625,0.001261
2010,44,0.000981,0.001752,0.001371
2010,45,0.00115,0.002045,0.001602
2010,46,0.001161,0.002174,0.001672
2010,47,0.001198,0.002401,0.001804
2010,48,0.001381,0.002615,0.002002
2010,49,0.001508,0.002926,0.002221
2010,50,0.001755,0.003148,0.002454
2010,51,0.001786,0.003491,0.00264
2010,52,0.001863,0.00384,0.002852
2010,53,0.002049,0.004171,0.003109
2010,54,0.002227,0.004566,0.003395
2010,55,0.002367,0.005249,0.003805
2010,56,0.00253,0.005538,0.004027
2010,57,0.002773,0.006191,0.004468
2010,58,0.002929,0.006662,0.004777
2010,59,0.003077,0.00726,0.005145
2010,60,0.003373,0.008145,0.005727
2010,61,0.003798,0.009035,0.006375
2010,62,0.00404,0.00982,0.006879
2010,63,0.004298,0.010309,0.007242
2010,64,0.00452,0.010905,0.007623
2010,65,0.005211,0.01255,0.008748
2010,66,0.005351,0.013442,0.009233
2010,67,0.005719,0.014226,0.009788
2010,68,0.006435,0.015463,0.010737
2010,69,0.007032,0.017326,0.011915
2010,70,0.007733,0.01853,0.012822
2010,71,0.00844,0.020455,0.014056
2010,72,0.00968,0.022387,0.015564
2010,73,0.011134,0.025269,0.017619
2010,74,0.01203,0.027618,0.0191
2010,75,0.014142,0.031277,0.02181
2010,76,0.015505,0.035174,0.024173
2010,77,0.018119,0.040374,0.027773
2010,78,0.020145,0.045333,0.030899
2010,79,0.022739,0.050302,0.034284
2010,80,0.0265,0.057861,0.039258
2010,81,0.030143,0.064982,0.043943
2010,82,0.034102,0.072397,0.048916
2010,83,0.040038,0.08151,0.055668
2010,84,0.045775,0.09243,0.062662
2010,85,0.053579,0.105152,0.071234
2010,86,0.062016,0.115392,0.079057
2010,87,0.071273,0.127619,0.087696
2010,88,0.082912,0.142965,0.099273
2010,89,0.094461,0.157216,0.110828
2010,90,0.109149,0.176672,0.126306
2011,0,0.00234,0.002369,0.002355
2011,1,0.000401,0.000439,0.00042
2011,2,0.00028,0.000273,0.000276
2011,3,0.000228,0.000229,0.000229
2011,4,0.000175,0.000189,0.000182
2011,5,0.000139,0.000183,0.000161
2011,6,0.000175,0.000143,0.000158
2011,7,0.000113,0.000161,0.000137
2011,8,9.4e-05,0.000126,0.00011
2011,9,0.000129,0.000113,0.00012
2011,10,0.000115,0.000113,0.000114
2011,11,9.3e-05,0.000136,0.000115
2011,12,9.9e-05,0.000108,0.000103
2011,13,9.7e-05,0.00017,0.000134
2011,14,9.5e-05,0.000208,0.000153
2011,15,0.000144,0.00021,0.000178
2011,16,0.000176,0.000319,0.00025
2011,17,0.000232,0.000356,0.000296
2011,18,0.000259,0.000474,0.000369
2011,19,0.000233,0.000479,0.000359
2011,20,0.000285,0.00051,0.0004
2011,21,0.000319,0.000568,0.000446
2011,22,0.000324,0.00064,0.000486
2011,23,0.000359,0.000676,0.000521
2011,24,0.000323,0.000732,0.000532
2011,25,0.000357,0.000652,0.000508
2011,26,0.000361,0.000662,0.000515
2011,27,0.000378,0.000627,0.000505
2011,28,0.000361,0.00068,0.000524
2011,29,0.000411,0.000715,0.000566
2011,30,0.000413,0.000716,0.000567
2011,31,0.000412,0.000737,0.000577
2011,32,0.000467,0.000764,0.000618
2011,33,0.000439,0.000771,0.000608
2011,34,0.000528,0.000878,0.000706
2011,35,0.000554,0.000889,0.000724
2011,36,0.000577,0.000916,0.000749
2011,37,0.000653,0.001054,0.000857
2011,38,0.000669,0.001045,0.00086
2011,39,0.000716,0.001208,0.000966
2011,40,0.000822,0.001294,0.001062
2011,41,0.000831,0.001431,0.001135
2011,42,0.000893,0.001593,0.001248
2011,43,0.000999,0.00176,0.001385
2011,44,0.001081,0.001762,0.001426
2011,45,0.001191,0.00191,0.001554
2011,46,0.001324,0.002248,0.001791
2011,47,0.001393,0.002361,0.001881
2011,48,0.001531,0.002561,0.00205
2011,49,0.001619,0.002889,0.002258
2011,50,0.001717,0.003322,0.002524
2011,51,0.001872,0.003483,0.00268
2011,52,0.002008,0.00396,0.002985
2011,53,0.00223,0.00428,0.003255
2011,54,0.002312,0.004533,0.003421
2011,55,0.002537,0.004802,0.003667
2011,56,0.002677,0.005358,0.004014
2011,57,0.002864,0.006172,0.004508
2011,58,0.003046,0.006644,0.004828
2011,59,0.003413,0.007322,0.005345
2011,60,0.003635,0.00793,0.005754
2011,61,0.00389,0.00892,0.006366
2011,62,0.004214,0.009827,0.00697
2011,63,0.004428,0.010655,0.007479
2011,64,0.004807,0.011273,0.007965
2011,65,0.004906,0.011997,0.008341
2011,66,0.005656,0.013803,0.009569
2011,67,0.006083,0.014988,0.010339
2011,68,0.006649,0.016097,0.011148
2011,69,0.007265,0.017272,0.01201
2011,70,0.008133,0.018937,0.013229
2011,71,0.00889,0.02053,0.014344
2011,72,0.009834,0.022498,0.015715
2011,73,0.011109,0.025218,0.017594
2011,74,0.01237,0.028394,0.019661
2011,75,0.013725,0.031114,0.02154
2011,76,0.016115,0.035421,0.024666
2011,77,0.017788,0.03921,0.027116
2011,78,0.020606,0.045135,0.031101
2011,79,0.023915,0.051173,0.035375
2011,80,0.026708,0.057579,0.039358
2011,81,0.030908,0.064514,0.044314
2011,82,0.035241,0.072344,0.049618
2011,83,0.040467,0.082281,0.056254
2011,84,0.046987,0.092412,0.063646
2011,85,0.054396,0.103492,0.071618
2011,86,0.062221,0.116456,0.080157
2011,87,0.071613,0.128394,0.089061
2011,88,0.083391,0.142548,0.099927
2011,89,0.096162,0.160559,0.11293
2011,90,0.111616,0.178343,0.128172
2012,0,0.002133,0.002307,0.002222
2012,1,0.00034,0.000343,0.000342
2012,2,0.000195,0.000177,0.000186
2012,3,0.000158,0.000194,0.000176
2012,4,0.000127,0.000142,0.000135
2012,5,0.00012,0.000142,0.000132
2012,6,5.5e-05,9.9e-05,7.7e-05
2012,7,6.5e-05,0.000115,9.1e-05
2012,8,8e-05,9.8e-05,9e-05
2012,9,7e-05,7.7e-05,7.3e-05
2012,10,5e-05,6.8e-05,5.9e-05
2012,11,6.5e-05,6.6e-05,6.6e-05
2012,12,7.4e-05,8.3e-05,7.9e-05
2012,13,6.1e-05,0.000123,9.3e-05
2012,14,0.00011,0.000163,0.000137
2012,15,0.000104,0.00015,0.000127
2012,16,0.00013,0.000244,0.000188
2012,17,0.000132,0.000286,0.000211
2012,18,0.000189,0.000372,0.000283
2012,19,0.000217,0.000449,0.000336
2012,20,0.000212,0.000471,0.000345
2012,21,0.000201,0.000556,0.000383
2012,22,0.000251,0.000593,0.000426
2012,23,0.00024,0.000602,0.000425
2012,24,0.000268,0.000633,0.000454
2012,25,0.000268,0.000632,0.000454
2012,26,0.000297,0.000636,0.00047
2012,27,0.000336,0.000612,0.000477
2012,28,0.000304,0.000627,0.000468
2012,29,0.000303,0.000597,0.000452
2012,30,0.000316,0.000638,0.00048
2012,31,0.000377,0.000659,0.000521
2012,32,0.000368,0.000704,0.000539
2012,33,0.000397,0.00066,0.000531
2012,34,0.000405,0.000708,0.000559
2012,35,0.000405,0.000816,0.000614
2012,36,0.00047,0.000861,0.000669
2012,37,0.000513,0.000887,0.000704
2012,38,0.000593,0.000994,0.000797
2012,39,0.000609,0.001067,0.000842
2012,40,0.000653,0.001134,0.000897
2012,41,0.000772,0.001275,0.001028
2012,42,0.000802,0.001378,0.001094
2012,43,0.000838,0.001625,0.001237
2012,44,0.000993,0.001742,0.001372
2012,45,0.000989,0.001718,0.001358
2012,46,0.001078,0.001987,0.001537
2012,47,0.001241,0.002288,0.001769
2012,48,0.001275,0.002424,0.001855
2012,49,0.001492,0.002763,0.002132
2012,50,0.001641,0.003,0.002325
2012,51,0.001733,0.003269,0.002505
2012,52,0.001867,0.003496,0.002684
2012,53,0.002024,0.003884,0.002954
2012,54,0.002196,0.00435,0.003271
2012,55,0.002276,0.004543,0.003407
2012,56,0.002417,0.004963,0.003686
2012,57,0.00258,0.005577,0.004073
2012,58,0.002821,0.006379,0.004587
2012,59,0.003049,0.006903,0.004956
2012,60,0.003339,0.007584,0.005435
2012,61,0.003528,0.008243,0.005851
2012,62,0.003805,0.009143,0.006427
2012,63,0.004077,0.010205,0.007079
2012,64,0.004422,0.011234,0.007751
2012,65,0.004973,0.011931,0.008362
2012,66,0.005279,0.012725,0.008875
2012,67,0.005817,0.01458,0.010009
2012,68,0.006259,0.015902,0.010848
2012,69,0.007015,0.016939,0.011718
2012,70,0.007556,0.018353,0.012649
2012,71,0.008451,0.020206,0.013964
2012,72,0.009471,0.021821,0.015222
2012,73,0.010387,0.02374,0.016545
2012,74,0.011962,0.026764,0.018713
2012,75,0.013535,0.030448,0.021165
2012,76,0.014972,0.033335,0.023145
2012,77,0.017456,0.038556,0.026698
2012,78,0.01947,0.042705,0.029458
2012,79,0.022678,0.049107,0.033822
2012,80,0.026234,0.055581,0.038324
2012,81,0.029885,0.062691,0.043078
2012,82,0.034147,0.071208,0.048617
2012,83,0.039547,0.079345,0.054602
2012,84,0.046017,0.091296,0.062663
2012,85,0.053052,0.101267,0.070208
2012,86,0.061093,0.114265,0.07913
2012,87,0.071539,0.128411,0.089652
2012,88,0.082082,0.143824,0.100299
2012,89,0.095895,0.15651,0.112111
2012,90,0.110025,0.178739,0.127071
2013,0,0.001987,0.002278,0.002136
2013,1,0.000317,0.000333,0.000325
2013,2,0.000185,0.000212,0.000199
2013,3,0.000103,0.000126,0.000115
2013,4,8.4e-05,0.00013,0.000108
2013,5,8.5e-05,0.000122,0.000104
2013,6,8.9e-05,9.1e-05,9e-05
2013,7,6.4e-05,9.1e-05,7.8e-05
2013,8,6.7e-05,0.000101,8.4e-05
2013,9,4.9e-05,8.9e-05,6.9e-05
2013,10,6.2e-05,6.5e-05,6.3e-05
2013,11,5.7e-05,7e-05,6.4e-05
2013,12,5.3e-05,7.7e-05,6.5e-05
2013,13,6.5e-05,0.000139,0.000103
2013,14,8.6e-05,0.000125,0.000106
2013,15,0.000113,0.000137,0.000126
2013,16,0.000108,0.000226,0.000169
2013,17,0.000109,0.000285,0.000199
2013,18,0.000165,0.000367,0.000269
2013,19,0.000178,0.000415,0.0003
2013,20,0.000216,0.000477,0.00035
2013,21,0.000233,0.000573,0.000407
2013,22,0.00027,0.000561,0.000419
2013,23,0.000243,0.000579,0.000414
2013,24,0.000228,0.000621,0.000429
2013,25,0.000225,0.000594,0.000414
2013,26,0.000261,0.000587,0.000428
2013,27,0.00025,0.000571,0.000414
2013,28,0.000284,0.00055,0.00042
2013,29,0.000314,0.000632,0.000476
2013,30,0.000285,0.00066,0.000476
2013,31,0.000362,0.000646,0.000507
2013,32,0.000422,0.000648,0.000537
2013,33,0.000365,0.000701,0.000536
2013,34,0.000422,0.000659,0.000543
2013,35,0.00045,0.00081,0.000633
2013,36,0.000478,0.00084,0.000662
2013,37,0.000482,0.000885,0.000687
2013,38,0.000531,0.000934,0.000736
2013,39,0.000612,0.001055,0.000837
2013,40,0.000637,0.001164,0.000905
2013,41,0.000687,0.001165,0.00093
2013,42,0.00079,0.001373,0.001086
2013,43,0.000834,0.00149,0.001167
2013,44,0.000937,0.001621,0.001284
2013,45,0.001005,0.00184,0.001428
2013,46,0.001051,0.001908,0.001484
2013,47,0.001226,0.002219,0.001727
2013,48,0.001423,0.002385,0.001909
2013,49,0.001486,0.002622,0.002059
2013,50,0.001662,0.002877,0.002274
2013,51,0.001662,0.003166,0.002419
2013,52,0.001819,0.003465,0.002645
2013,53,0.002012,0.003858,0.002937
2013,54,0.002149,0.004307,0.003228
2013,55,0.002296,0.004647,0.003469
2013,56,0.002446,0.004898,0.003668
2013,57,0.002584,0.005444,0.004008
2013,58,0.002757,0.006001,0.00437
2013,59,0.002933,0.006591,0.004746
2013,60,0.003264,0.007381,0.005298
2013,61,0.003473,0.008171,0.005788
2013,62,0.003778,0.008812,0.006253
2013,63,0.004181,0.009957,0.007012
2013,64,0.004559,0.010788,0.007602
2013,65,0.004882,0.01186,0.008283
2013,66,0.005404,0.012767,0.008979
2013,67,0.005577,0.013641,0.009457
2013,68,0.006293,0.015382,0.010624
2013,69,0.006778,0.016703,0.01148
2013,70,0.007362,0.01811,0.01243
2013,71,0.008399,0.019501,0.013605
2013,72,0.009042,0.021802,0.014989
2013,73,0.010237,0.023796,0.016508
2013,74,0.011367,0.025739,0.017946
2013,75,0.012908,0.029422,0.020378
2013,76,0.014804,0.032672,0.02279
2013,77,0.016741,0.036591,0.025484
2013,78,0.019178,0.042068,0.029084
2013,79,0.021781,0.046644,0.03232
2013,80,0.025273,0.053394,0.036922
2013,81,0.029555,0.061593,0.042519
2013,82,0.033777,0.069794,0.047962
2013,83,0.039045,0.077827,0.053839
2013,84,0.044225,0.087984,0.060351
2013,85,0.051731,0.099298,0.068715
2013,86,0.060332,0.110892,0.07775
2013,87,0.070044,0.124789,0.087946
2013,88,0.080693,0.1403,0.098929
2013,89,0.09363,0.156122,0.111275
2013,90,0.108636,0.172909,0.125041
2014,0,0.001989,0.00217,0.002082
2014,1,0.000333,0.000359,0.000346
2014,2,0.000199,0.000192,0.000195
2014,3,0.000105,0.00013,0.000118
2014,4,0.000109,0.000147,0.000128
2014,5,0.000107,0.000121,0.000114
2014,6,7.7e-05,0.000107,9.2e-05
2014,7,5.8e-05,0.000107,8.3e-05
2014,8,4.5e-05,7.3e-05,5.9e-05
2014,9,6.9e-05,0.000103,8.6e-05
2014,10,6.4e-05,8e-05,7.2e-05
2014,11,6.6e-05,8e-05,7.3e-05
2014,12,6.6e-05,0.000116,9.1e-05
2014,13,6e-05,9.6e-05,7.8e-05
2014,14,7.3e-05,0.000169,0.000122
2014,15,8.6e-05,0.000162,0.000125
2014,16,8.2e-05,0.000223,0.000155
2014,17,0.000131,0.000273,0.000204
2014,18,0.000151,0.000309,0.000232
2014,19,0.000177,0.000402,0.000293
2014,20,0.000194,0.000473,0.000338
2014,21,0.000206,0.00054,0.000378
2014,22,0.000227,0.000575,0.000405
2014,23,0.000259,0.000603,0.000435
2014,24,0.000245,0.000558,0.000405
2014,25,0.000246,0.000609,0.000431
2014,26,0.000304,0.000542,0.000426
2014,27,0.000294,0.000576,0.000438
2014,28,0.00028,0.0006,0.000443
2014,29,0.000297,0.000619,0.000461
2014,30,0.000339,0.000686,0.000515
2014,31,0.000372,0.000642,0.000509
2014,32,0.000352,0.000649,0.000503
2014,33,0.000365,0.00072,0.000546
2014,34,0.000396,0.000748,0.000575
2014,35,0.000436,0.000734,0.000587
2014,36,0.000472,0.00078,0.000628
2014,37,0.000468,0.000803,0.000638
2014,38,0.000566,0.000915,0.000744
2014,39,0.000589,0.000982,0.000788
2014,40,0.000661,0.001114,0.000891
2014,41,0.000707,0.001212,0.000963
2014,42,0.000804,0.00125,0.00103
2014,43,0.000798,0.001425,0.001117
2014,44,0.000864,0.001653,0.001264
2014,45,0.001007,0.001703,0.00136
2014,46,0.001128,0.001955,0.001547
2014,47,0.001174,0.001907,0.001545
2014,48,0.001243,0.002253,0.001752
2014,49,0.001444,0.002542,0.001997
2014,50,0.001505,0.002774,0.002145
2014,51,0.00167,0.003065,0.002372
2014,52,0.001835,0.00333,0.002586
2014,53,0.001984,0.003617,0.002804
2014,54,0.002051,0.004106,0.00308
2014,55,0.002331,0.0044,0.003365
2014,56,0.002452,0.00493,0.003688
2014,57,0.002626,0.005297,0.003956
2014,58,0.002723,0.00576,0.004233
2014,59,0.002982,0.006367,0.004663
2014,60,0.003148,0.00712,0.005114
2014,61,0.003501,0.007792,0.005618
2014,62,0.003729,0.008572,0.006111
2014,63,0.004026,0.009421,0.006672
2014,64,0.004497,0.010734,0.007546
2014,65,0.005002,0.011871,0.008349
2014,66,0.005294,0.012655,0.00887
2014,67,0.00557,0.013812,0.009559
2014,68,0.006048,0.014737,0.010213
2014,69,0.006694,0.016638,0.011411
2014,70,0.00737,0.017932,0.012349
2014,71,0.007983,0.019705,0.01348
2014,72,0.00902,0.021273,0.014731
2014,73,0.010093,0.023442,0.016273
2014,74,0.011065,0.025352,0.017624
2014,75,0.012413,0.027928,0.019458
2014,76,0.014253,0.031785,0.022111
2014,77,0.016303,0.036196,0.025105
2014,78,0.018453,0.040112,0.027886
2014,79,0.021605,0.045542,0.031828
2014,80,0.024806,0.051463,0.035893
2014,81,0.028158,0.058466,0.040499
2014,82,0.032662,0.066601,0.046125
2014,83,0.037525,0.074578,0.051796
2014,84,0.043309,0.085767,0.059106
2014,85,0.050375,0.095692,0.066603
2014,86,0.057938,0.108455,0.07542
2014,87,0.067261,0.120882,0.085102
2014,88,0.0782,0.136012,0.096402
2014,89,0.089575,0.151722,0.107798
2014,90,0.105479,0.168327,0.122435
2015,0,0.001828,0.002079,0.001956
2015,1,0.000352,0.000354,0.000353
2015,2,0.000166,0.000233,0.0002
2015,3,0.000113,0.000127,0.00012
2015,4,7.9e-05,0.00013,0.000106
2015,5,8.3e-05,8.8e-05,8.6e-05
2015,6,8.8e-05,0.000111,0.0001
2015,7,9.6e-05,9.4e-05,9.5e-05
2015,8,6.2e-05,9.6e-05,7.9e-05
2015,9,5.9e-05,8e-05,7e-05
2015,10,7.1e-05,6.2e-05,6.6e-05
2015,11,8.2e-05,7.1e-05,7.7e-05
2015,12,6.2e-05,8.5e-05,7.4e-05
2015,13,6.6e-05,0.00011,8.9e-05
2015,14,9e-05,0.000132,0.000111
2015,15,8.7e-05,0.000168,0.000129
2015,16,0.000141,0.000228,0.000185
2015,17,0.000125,0.000236,0.000182
2015,18,0.000129,0.000344,0.000239
2015,19,0.00018,0.000391,0.000288
2015,20,0.000171,0.000426,0.000302
2015,21,0.000165,0.00052,0.000347
2015,22,0.000214,0.000511,0.000366
2015,23,0.000205,0.000499,0.000355
2015,24,0.000261,0.000551,0.000409
2015,25,0.000217,0.000577,0.000401
2015,26,0.000244,0.000549,0.0004
2015,27,0.00028,0.000534,0.000409
2015,28,0.000285,0.00052,0.000405
2015,29,0.000301,0.000583,0.000445
2015,30,0.00032,0.000609,0.000467
2015,31,0.00031,0.000572,0.000443
2015,32,0.000345,0.00062,0.000485
2015,33,0.000363,0.00065,0.000508
2015,34,0.000387,0.000725,0.000558
2015,35,0.000437,0.000729,0.000586
2015,36,0.000419,0.00079,0.000607
2015,37,0.000444,0.000811,0.00063
2015,38,0.000499,0.000803,0.000653
2015,39,0.000574,0.000952,0.000766
2015,40,0.000645,0.001081,0.000867
2015,41,0.000688,0.001186,0.000941
2015,42,0.000732,0.001229,0.000984
2015,43,0.000796,0.001317,0.001061
2015,44,0.000884,0.001537,0.001215
2015,45,0.000941,0.001569,0.001259
2015,46,0.001026,0.001835,0.001435
2015,47,0.001226,0.002121,0.001679
2015,48,0.001202,0.002015,0.001613
2015,49,0.001382,0.002488,0.00194
2015,50,0.001449,0.002796,0.002128
2015,51,0.001646,0.002894,0.002275
2015,52,0.001804,0.003223,0.002518
2015,53,0.001949,0.003618,0.002788
2015,54,0.002082,0.003964,0.003025
2015,55,0.002185,0.004228,0.003207
2015,56,0.002374,0.004815,0.003593
2015,57,0.002487,0.005264,0.003871
2015,58,0.002578,0.005759,0.00416
2015,59,0.002671,0.005946,0.004298
2015,60,0.003198,0.006731,0.00495
2015,61,0.003305,0.007579,0.005417
2015,62,0.003646,0.008527,0.006049
2015,63,0.003935,0.009182,0.00651
2015,64,0.004173,0.010259,0.007151
2015,65,0.004635,0.011209,0.007839
2015,66,0.005068,0.012434,0.008646
2015,67,0.005578,0.013801,0.00956
2015,68,0.00591,0.014592,0.010096
2015,69,0.006537,0.015646,0.010884
2015,70,0.007295,0.018236,0.012459
2015,71,0.008102,0.019328,0.013365
2015,72,0.00897,0.020951,0.014555
2015,73,0.009815,0.023235,0.016028
2015,74,0.010937,0.025022,0.01741
2015,75,0.012205,0.027383,0.019118
2015,76,0.013504,0.03023,0.021031
2015,77,0.015804,0.034804,0.024234
2015,78,0.018337,0.038814,0.027298
2015,79,0.02077,0.043609,0.030593
2015,80,0.024231,0.051119,0.035521
2015,81,0.027827,0.05693,0.039733
2015,82,0.031921,0.06382,0.044667
2015,83,0.036625,0.07382,0.05107
2015,84,0.042699,0.082301,0.057588
2015,85,0.049766,0.093296,0.065525
2015,86,0.056405,0.106368,0.073756
2015,87,0.066187,0.119904,0.084147
2015,88,0.077265,0.133567,0.095306
2015,89,0.08887,0.147064,0.106465
2015,90,0.102797,0.169417,0.12147
2016,0,0.002007,0.001977,0.001992
2016,1,0.000307,0.000336,0.000322
2016,2,0.000174,0.000179,0.000177
2016,3,9.9e-05,0.000134,0.000117
2016,4,8.7e-05,9.5e-05,9.1e-05
2016,5,8.3e-05,0.0001,9.2e-05
2016,6,7.9e-05,0.000111,9.5e-05
2016,7,5.4e-05,7.2e-05,6.4e-05
2016,8,5.4e-05,7.9e-05,6.7e-05
2016,9,4.6e-05,6.5e-05,5.6e-05
2016,10,7e-05,6.7e-05,6.9e-05
2016,11,7.1e-05,8e-05,7.6e-05
2016,12,6.7e-05,7.5e-05,7.1e-05
2016,13,7.7e-05,8.7e-05,8.2e-05
2016,14,6.4e-05,0.000139,0.000102
2016,15,8.4e-05,0.000169,0.000128
2016,16,0.000132,0.000215,0.000175
2016,17,0.000125,0.000258,0.000193
2016,18,0.000127,0.000305,0.000218
2016,19,0.000135,0.000392,0.000267
2016,20,0.000156,0.000404,0.000283
2016,21,0.000193,0.00056,0.000381
2016,22,0.000219,0.000501,0.000364
2016,23,0.000242,0.000461,0.000354
2016,24,0.00025,0.000503,0.00038
2016,25,0.000268,0.00057,0.000422
2016,26,0.000241,0.000499,0.000372
2016,27,0.000244,0.000521,0.000385
2016,28,0.000255,0.000571,0.000416
2016,29,0.000255,0.00056,0.000411
2016,30,0.000294,0.000592,0.000446
2016,31,0.000296,0.000569,0.000435
2016,32,0.000307,0.000613,0.000462
2016,33,0.000336,0.00065,0.000496
2016,34,0.000385,0.000678,0.000534
2016,35,0.000414,0.000697,0.000558
2016,36,0.000446,0.000743,0.000597
2016,37,0.000499,0.000843,0.000674
2016,38,0.000517,0.000838,0.00068
2016,39,0.000545,0.000909,0.00073
2016,40,0.000552,0.00096,0.00076
2016,41,0.000689,0.001102,0.000899
2016,42,0.000777,0.001197,0.00099
2016,43,0.000755,0.001337,0.00105
2016,44,0.000856,0.0014,0.001132
2016,45,0.00093,0.001572,0.001256
2016,46,0.001042,0.001837,0.001445
2016,47,0.001113,0.001918,0.001521
2016,48,0.001305,0.002239,0.001777
2016,49,0.001333,0.00231,0.001826
2016,50,0.001498,0.002731,0.00212
2016,51,0.001706,0.002862,0.002288
2016,52,0.001754,0.003158,0.002461
2016,53,0.00198,0.003541,0.002765
2016,54,0.002036,0.003714,0.002879
2016,55,0.002077,0.004168,0.003125
2016,56,0.002283,0.004654,0.003468
2016,57,0.002489,0.005099,0.003791
2016,58,0.002644,0.005609,0.00412
2016,59,0.002905,0.00619,0.004537
2016,60,0.00305,0.006854,0.004937
2016,61,0.003301,0.007337,0.0053
2016,62,0.003546,0.0081,0.005793
2016,63,0.003814,0.009134,0.006428
2016,64,0.004039,0.010022,0.006969
2016,65,0.004564,0.010812,0.007612
2016,66,0.004928,0.012239,0.008481
2016,67,0.005439,0.013376,0.009281
2016,68,0.006024,0.014729,0.010222
2016,69,0.006366,0.0158,0.010893
2016,70,0.007043,0.016724,0.011638
2016,71,0.008087,0.019368,0.013381
2016,72,0.008514,0.020807,0.014241
2016,73,0.009567,0.022177,0.015403
2016,74,0.010729,0.024954,0.017265
2016,75,0.012278,0.027538,0.019233
2016,76,0.013336,0.030486,0.021075
2016,77,0.01535,0.033513,0.02344
2016,78,0.017795,0.038002,0.02666
2016,79,0.020456,0.043172,0.030271
2016,80,0.023388,0.048236,0.033921
2016,81,0.02764,0.055985,0.039348
2016,82,0.030676,0.062975,0.043653
2016,83,0.036296,0.071328,0.050009
2016,84,0.041745,0.081088,0.056675
2016,85,0.048352,0.091252,0.064065
2016,86,0.055569,0.104108,0.07263
2016,87,0.063631,0.117119,0.081587
2016,88,0.074494,0.132076,0.093041
2016,89,0.086779,0.146479,0.105172
2016,90,0.101451,0.167537,0.120564
2017,0,0.001788,0.001902,0.001846
2017,1,0.000307,0.000341,0.000325
2017,2,0.000158,0.000167,0.000163
2017,3,0.000113,0.000124,0.000119
2017,4,0.000107,0.000104,0.000105
2017,5,6.1e-05,8.1e-05,7.1e-05
2017,6,6.9e-05,8.3e-05,7.6e-05
2017,7,6.5e-05,8e-05,7.3e-05
2017,8,3.3e-05,6.8e-05,5.1e-05
2017,9,5.2e-05,7.9e-05,6.6e-05
2017,10,5e-05,7.6e-05,6.3e-05
2017,11,3.7e-05,7.2e-05,5.5e-05
2017,12,4.4e-05,8.6e-05,6.5e-05
2017,13,7.1e-05,0.000126,9.9e-05
2017,14,0.0001,0.000136,0.000118
2017,15,8.5e-05,0.000172,0.00013
2017,16,0.000123,0.000202,0.000163
2017,17,0.000101,0.000263,0.000184
2017,18,0.000143,0.000348,0.000248
2017,19,0.000158,0.000351,0.000257
2017,20,0.00019,0.000448,0.000322
2017,21,0.000181,0.000453,0.000321
2017,22,0.000218,0.000477,0.000351
2017,23,0.000179,0.000524,0.000356
2017,24,0.000189,0.000515,0.000356
2017,25,0.000238,0.000495,0.000369
2017,26,0.000234,0.00047,0.000355
2017,27,0.000237,0.000497,0.00037
2017,28,0.000245,0.000527,0.000389
2017,29,0.000271,0.000512,0.000394
2017,30,0.00028,0.000534,0.00041
2017,31,0.000306,0.000601,0.000456
2017,32,0.000315,0.000635,0.000478
2017,33,0.000312,0.000581,0.000449
2017,34,0.000394,0.000697,0.000548
2017,35,0.000405,0.00067,0.00054
2017,36,0.000405,0.00073,0.00057
2017,37,0.000426,0.000749,0.00059
2017,38,0.000462,0.00083,0.000649
2017,39,0.000492,0.000911,0.000705
2017,40,0.000627,0.001002,0.000818
2017,41,0.000615,0.001063,0.000843
2017,42,0.000698,0.001148,0.000926
2017,43,0.000782,0.001236,0.001012
2017,44,0.000863,0.001328,0.001099
2017,45,0.000908,0.00159,0.001254
2017,46,0.001013,0.001699,0.001361
2017,47,0.001081,0.001836,0.001464
2017,48,0.001235,0.002114,0.00168
2017,49,0.001374,0.002399,0.001892
2017,50,0.001402,0.0025,0.001956
2017,51,0.001516,0.002718,0.002122
2017,52,0.001783,0.003126,0.002459
2017,53,0.001861,0.003384,0.002627
2017,54,0.001945,0.003724,0.002839
2017,55,0.002018,0.004228,0.003127
2017,56,0.002293,0.00447,0.003383
2017,57,0.002389,0.004883,0.003634
2017,58,0.002607,0.005346,0.003972
2017,59,0.002759,0.005945,0.004342
2017,60,0.00295,0.006499,0.004711
2017,61,0.003134,0.007167,0.005131
2017,62,0.003448,0.007937,0.005667
2017,63,0.003749,0.008798,0.006235
2017,64,0.004069,0.009795,0.006875
2017,65,0.004543,0.010648,0.007524
2017,66,0.004831,0.01196,0.008298
2017,67,0.005372,0.013378,0.009248
2017,68,0.005884,0.014587,0.010079
2017,69,0.006644,0.015871,0.011073
2017,70,0.007162,0.017193,0.01195
2017,71,0.007536,0.018934,0.012913
2017,72,0.00858,0.021176,0.014451
2017,73,0.009366,0.023155,0.015742
2017,74,0.010502,0.02489,0.017108
2017,75,0.011791,0.027337,0.018874
2017,76,0.013384,0.030633,0.02117
2017,77,0.015128,0.033574,0.023363
2017,78,0.017075,0.036948,0.025823
2017,79,0.020103,0.042568,0.029831
2017,80,0.023531,0.048449,0.034142
2017,81,0.026484,0.054454,0.038148
2017,82,0.031094,0.062226,0.043722
2017,83,0.035599,0.070162,0.049211
2017,84,0.041158,0.079203,0.05572
2017,85,0.048214,0.090334,0.063794
2017,86,0.055166,0.1017,0.071731
2017,87,0.064424,0.116206,0.082033
2017,88,0.074152,0.132562,0.093039
2017,89,0.08659,0.148868,0.105857
2017,90,0.100328,0.166884,0.119939
2018,0,0.001803,0.001964,0.001885
2018,1,0.000299,0.000276,0.000287
2018,2,0.000153,0.000156,0.000154
2018,3,0.000132,0.000142,0.000137
2018,4,7.9e-05,0.000103,9.2e-05
2018,5,6.1e-05,0.000113,8.8e-05
2018,6,8.3e-05,7.9e-05,8.1e-05
2018,7,5.7e-05,6.2e-05,6e-05
2018,8,5.3e-05,6.7e-05,6e-05
2018,9,5.8e-05,7e-05,6.4e-05
2018,10,5.2e-05,7.5e-05,6.4e-05
2018,11,6.6e-05,6.4e-05,6.5e-05
2018,12,7.8e-05,0.0001,8.9e-05
2018,13,8.4e-05,0.000118,0.000101
2018,14,9.7e-05,0.000126,0.000112
2018,15,0.000106,0.000182,0.000145
2018,16,0.000115,0.000181,0.000149
2018,17,0.000154,0.00024,0.000198
2018,18,0.000131,0.000302,0.000218
2018,19,0.000189,0.000343,0.000268
2018,20,0.000231,0.000417,0.000326
2018,21,0.000192,0.000456,0.000327
2018,22,0.000221,0.000461,0.000343
2018,23,0.000202,0.000494,0.000351
2018,24,0.000184,0.000482,0.000336
2018,25,0.000215,0.000508,0.000365
2018,26,0.000232,0.000478,0.000358
2018,27,0.00022,0.000479,0.000352
2018,28,0.000257,0.000522,0.000392
2018,29,0.000264,0.000498,0.000383
2018,30,0.000296,0.000571,0.000436
2018,31,0.000273,0.000557,0.000418
2018,32,0.000331,0.000566,0.000451
2018,33,0.00032,0.000672,0.000499
2018,34,0.000354,0.000629,0.000494
2018,35,0.000383,0.000692,0.00054
2018,36,0.000401,0.000702,0.000554
2018,37,0.000436,0.000756,0.000599
2018,38,0.000467,0.000836,0.000655
2018,39,0.000533,0.000853,0.000695
2018,40,0.000611,0.000936,0.000776
2018,41,0.000614,0.001043,0.000832
2018,42,0.000667,0.001109,0.000892
2018,43,0.000749,0.001213,0.000985
2018,44,0.000826,0.001382,0.001109
2018,45,0.000915,0.001497,0.00121
2018,46,0.001026,0.001648,0.001342
2018,47,0.001101,0.00178,0.001446
2018,48,0.001282,0.002031,0.001662
2018,49,0.001326,0.002232,0.001785
2018,50,0.001547,0.002522,0.00204
2018,51,0.001487,0.00259,0.002044
2018,52,0.001607,0.003019,0.002318
2018,53,0.001915,0.003546,0.002736
2018,54,0.00201,0.003735,0.002877
2018,55,0.002029,0.003867,0.002952
2018,56,0.002237,0.004508,0.003376
2018,57,0.002458,0.004845,0.003652
2018,58,0.002504,0.005275,0.003886
2018,59,0.002818,0.005871,0.004337
2018,60,0.003011,0.006752,0.004868
2018,61,0.003114,0.007101,0.005089
2018,62,0.003575,0.007842,0.005685
2018,63,0.003715,0.00884,0.006243
2018,64,0.003982,0.009573,0.006728
2018,65,0.004375,0.010582,0.007408
2018,66,0.004785,0.011485,0.008046
2018,67,0.00524,0.012959,0.008981
2018,68,0.006007,0.014484,0.010094
2018,69,0.006517,0.01572,0.010933
2018,70,0.007233,0.017199,0.011993
2018,71,0.007941,0.018868,0.013127
2018,72,0.008209,0.020321,0.013884
2018,73,0.009452,0.023079,0.015755
2018,74,0.010559,0.025325,0.017331
2018,75,0.011773,0.027491,0.018927
2018,76,0.013561,0.030235,0.021085
2018,77,0.01509,0.033768,0.023434
2018,78,0.017091,0.037177,0.025953
2018,79,0.019589,0.040859,0.028833
2018,80,0.022976,0.047102,0.033275
2018,81,0.026272,0.053305,0.037601
2018,82,0.029655,0.059653,0.041939
2018,83,0.035431,0.069739,0.049071
2018,84,0.040826,0.077333,0.054896
2018,85,0.047157,0.087422,0.062192
2018,86,0.054882,0.099984,0.071112
2018,87,0.063791,0.114796,0.081381
2018,88,0.073183,0.128982,0.091478
2018,89,0.084947,0.144786,0.103526
2018,90,0.098089,0.165293,0.117981
2019,0,0.00177,0.001975,0.001875
2019,1,0.000313,0.000294,0.000303
2019,2,0.000168,0.000166,0.000167
2019,3,0.000127,0.000138,0.000133
2019,4,0.000107,0.000102,0.000104
2019,5,9.6e-05,8.7e-05,9.1e-05
2019,6,7.6e-05,6.2e-05,6.9e-05
2019,7,7e-05,9e-05,8.1e-05
2019,8,4.7e-05,7.9e-05,6.4e-05
2019,9,5.5e-05,8.2e-05,6.9e-05
2019,10,5.2e-05,5e-05,5.1e-05
2019,11,6.5e-05,9.9e-05,8.2e-05
2019,12,6.7e-05,7.7e-05,7.2e-05
2019,13,8.7e-05,0.0001,9.4e-05
2019,14,9.3e-05,0.000107,0.0001
2019,15,0.000125,0.000161,0.000143
2019,16,0.000117,0.000182,0.00015
2019,17,0.000138,0.000287,0.000214
2019,18,0.000167,0.000302,0.000236
2019,19,0.000178,0.000373,0.000278
2019,20,0.000189,0.000427,0.000311
2019,21,0.000209,0.000478,0.000346
2019,22,0.000231,0.000524,0.000381
2019,23,0.000221,0.00046,0.000343
2019,24,0.000198,0.000463,0.000334
2019,25,0.000206,0.000417,0.000314
2019,26,0.000232,0.000431,0.000334
2019,27,0.000273,0.000438,0.000357
2019,28,0.000212,0.000452,0.000335
2019,29,0.000251,0.000526,0.000391
2019,30,0.000264,0.000599,0.000435
2019,31,0.000291,0.000533,0.000414
2019,32,0.000322,0.000558,0.000442
2019,33,0.000325,0.000612,0.000471
2019,34,0.000366,0.000622,0.000496
2019,35,0.000409,0.00065,0.000532
2019,36,0.000437,0.000688,0.000565
2019,37,0.000433,0.000743,0.000591
2019,38,0.000461,0.000799,0.000633
2019,39,0.000492,0.000901,0.000701
2019,40,0.000572,0.000967,0.000773
2019,41,0.000645,0.001001,0.000826
2019,42,0.000678,0.001063,0.000874
2019,43,0.000703,0.001215,0.000964
2019,44,0.000817,0.001282,0.001054
2019,45,0.000916,0.001458,0.001192
2019,46,0.000975,0.001584,0.001284
2019,47,0.001084,0.001841,0.001468
2019,48,0.001232,0.001996,0.00162
2019,49,0.001338,0.002212,0.001781
2019,50,0.001413,0.002451,0.001938
2019,51,0.001597,0.002762,0.002186
2019,52,0.001614,0.002857,0.002241
2019,53,0.001779,0.003269,0.002529
2019,54,0.001947,0.003757,0.002857
2019,55,0.001997,0.003832,0.002919
2019,56,0.002154,0.004429,0.003295
2019,57,0.002429,0.004796,0.003614
2019,58,0.002614,0.005337,0.003974
2019,59,0.002879,0.005815,0.004342
2019,60,0.002922,0.006537,0.004719
2019,61,0.003177,0.007217,0.005179
2019,62,0.003407,0.007656,0.005508
2019,63,0.003679,0.008595,0.006105
2019,64,0.003949,0.009624,0.006742
2019,65,0.004346,0.01015,0.007188
2019,66,0.004781,0.011716,0.008161
2019,67,0.005203,0.012554,0.00877
2019,68,0.005698,0.013982,0.009698
2019,69,0.006394,0.015722,0.010872
2019,70,0.00695,0.017292,0.011889
2019,71,0.007715,0.018745,0.012955
2019,72,0.008534,0.020606,0.014227
2019,73,0.009092,0.021712,0.014962
2019,74,0.010388,0.025338,0.017248
2019,75,0.011815,0.027563,0.018973
2019,76,0.013005,0.030136,0.020728
2019,77,0.014639,0.033279,0.022964
2019,78,0.017087,0.036625,0.025716
2019,79,0.018978,0.040857,0.028512
2019,80,0.021998,0.045632,0.032125
2019,81,0.025486,0.052923,0.037015
2019,82,0.029606,0.059309,0.041837
2019,83,0.033947,0.066123,0.046862
2019,84,0.040654,0.076735,0.054695
2019,85,0.046025,0.086465,0.06125
2019,86,0.053378,0.096193,0.068945
2019,87,0.062105,0.111759,0.079437
2019,88,0.073067,0.125666,0.09059
2019,89,0.083687,0.142788,0.102331
2019,90,0.097493,0.160003,0.116087
2020,0,0.001734,0.001862,0.0018
2020,1,0.000184,0.000256,0.000221
2020,2,9e-05,0.000155,0.000124
2020,3,9.7e-05,9.4e-05,9.5e-05
2020,4,6.4e-05,8.9e-05,7.7e-05
2020,5,7.1e-05,6.5e-05,6.8e-05
2020,6,6.4e-05,5.1e-05,5.8e-05
2020,7,6.5e-05,6.2e-05,6.4e-05
2020,8,6.6e-05,4.6e-05,5.6e-05
2020,9,4.9e-05,6.8e-05,5.9e-05
2020,10,5.7e-05,5.4e-05,5.5e-05
2020,11,4.4e-05,6.1e-05,5.3e-05
2020,12,7.5e-05,9.9e-05,8.7e-05
2020,13,9.6e-05,0.000115,0.000106
2020,14,7.6e-05,0.000124,0.0001
2020,15,0.000108,0.000159,0.000134
2020,16,0.000128,0.000249,0.00019
2020,17,0.000191,0.000277,0.000235
2020,18,0.000214,0.00031,0.000263
2020,19,0.000165,0.000406,0.000288
2020,20,0.00022,0.000389,0.000307
2020,21,0.000235,0.00052,0.00038
2020,22,0.00027,0.00054,0.000407
2020,23,0.000204,0.000532,0.000371
2020,24,0.00027,0.000481,0.000377
2020,25,0.000264,0.000485,0.000376
2020,26,0.000236,0.0005,0.000371
2020,27,0.000254,0.000498,0.000379
2020,28,0.000267,0.000469,0.00037
2020,29,0.000279,0.000509,0.000396
2020,30,0.000272,0.000519,0.000398
2020,31,0.00028,0.000545,0.000415
2020,32,0.000264,0.000577,0.000424
2020,33,0.000311,0.000676,0.000497
2020,34,0.000365,0.000679,0.000525
2020,35,0.000367,0.000693,0.000533
2020,36,0.00045,0.000714,0.000584
2020,37,0.000461,0.000752,0.000609
2020,38,0.000513,0.000753,0.000635
2020,39,0.000494,0.000835,0.000668
2020,40,0.000625,0.000917,0.000774
2020,41,0.000626,0.001064,0.000849
2020,42,0.000679,0.001114,0.000901
2020,43,0.000706,0.001243,0.00098
2020,44,0.000839,0.001328,0.001088
2020,45,0.000916,0.001514,0.00122
2020,46,0.000998,0.001639,0.001324
2020,47,0.001086,0.001789,0.001442
2020,48,0.001175,0.002012,0.0016
2020,49,0.001318,0.002141,0.001735
2020,50,0.001471,0.002475,0.001979
2020,51,0.00155,0.002733,0.002148
2020,52,0.001789,0.002999,0.002401
2020,53,0.001751,0.003073,0.002417
2020,54,0.001868,0.0035,0.002689
2020,55,0.002088,0.004062,0.00308
2020,56,0.002206,0.004405,0.00331
2020,57,0.002414,0.004745,0.003582
2020,58,0.002363,0.005137,0.003751
2020,59,0.002717,0.005786,0.004248
2020,60,0.002808,0.006096,0.004444
2020,61,0.002995,0.006981,0.004973
2020,62,0.003369,0.007735,0.005529
2020,63,0.003643,0.0084,0.00599
2020,64,0.003939,0.009349,0.006603
2020,65,0.004232,0.010115,0.00712
2020,66,0.00452,0.011275,0.007819
2020,67,0.005208,0.01247,0.008735
2020,68,0.005578,0.013736,0.009522
2020,69,0.006002,0.015237,0.010442
2020,70,0.006905,0.017155,0.011802
2020,71,0.007638,0.018553,0.012822
2020,72,0.008394,0.020402,0.014063
2020,73,0.009137,0.022043,0.015182
2020,74,0.009917,0.0239,0.01637
2020,75,0.011681,0.027628,0.018933
2020,76,0.01276,0.029984,0.020515
2020,77,0.014117,0.03273,0.02242
2020,78,0.016362,0.036125,0.025089
2020,79,0.018982,0.04036,0.028309
2020,80,0.02167,0.045102,0.03174
2020,81,0.024209,0.049798,0.035004
2020,82,0.028173,0.05664,0.03993
2020,83,0.032711,0.064718,0.045639
2020,84,0.037657,0.07177,0.051059
2020,85,0.044813,0.084299,0.059821
2020,86,0.051107,0.093388,0.06662
2020,87,0.058906,0.105968,0.075524
2020,88,0.069166,0.120588,0.086536
2020,89,0.0791,0.135444,0.097191
2020,90,0.093314,0.15328,0.111472
