Year,Age,Female,Male,Total
1956,0,0.016853,0.022382,0.019688
1956,1,0.002387,0.002826,0.002612
1956,2,0.001188,0.001409,0.001301
1956,3,0.000821,0.001114,0.000972
1956,4,0.000688,0.000872,0.000783
1956,5,0.000587,0.000756,0.000674
1956,6,0.000462,0.000718,0.000593
1956,7,0.000431,0.000668,0.000553
1956,8,0.00041,0.000593,0.000504
1956,9,0.000318,0.000482,0.000402
1956,10,0.000307,0.000469,0.00039
1956,11,0.000321,0.000399,0.000361
1956,12,0.000307,0.000421,0.000365
1956,13,0.000315,0.000389,0.000353
1956,14,0.000354,0.000399,0.000377
1956,15,0.000256,0.000524,0.000393
1956,16,0.000281,0.000617,0.000452
1956,17,0.00033,0.000766,0.000552
1956,18,0.000382,0.000831,0.000611
1956,19,0.000481,0.000802,0.000644
1956,20,0.000428,0.00088,0.000659
1956,21,0.000383,0.001012,0.000703
1956,22,0.000393,0.001044,0.000724
1956,23,0.000466,0.000982,0.000728
1956,24,0.000613,0.00103,0.000824
1956,25,0.000616,0.001069,0.000845
1956,26,0.000554,0.001024,0.00079
1956,27,0.000468,0.001,0.000734
1956,28,0.000524,0.000993,0.000758
1956,29,0.000548,0.001034,0.00079
1956,30,0.000665,0.001083,0.000872
1956,31,0.000846,0.001095,0.000969
1956,32,0.000913,0.001136,0.001022
1956,33,0.00092,0.001033,0.000976
1956,34,0.000882,0.001188,0.001032
1956,35,0.001149,0.001298,0.001222
1956,36,0.0012,0.001353,0.001276
1956,37,0.001254,0.001789,0.001518
1956,38,0.001365,0.001667,0.001514
1956,39,0.00155,0.001732,0.00164
1956,40,0.001782,0.002002,0.00189
1956,41,0.001792,0.002177,0.001982
1956,42,0.001766,0.002277,0.002017
1956,43,0.00195,0.002507,0.002223
1956,44,0.002281,0.003026,0.002645
1956,45,0.002618,0.00336,0.00298
1956,46,0.002701,0.003364,0.003024
1956,47,0.002893,0.003832,0.00335
1956,48,0.003343,0.004532,0.003921
1956,49,0.003699,0.005043,0.004351
1956,50,0.003936,0.005626,0.004754
1956,51,0.004076,0.00625,0.005131
1956,52,0.004269,0.00701,0.0056
1956,53,0.004419,0.007596,0.005962
1956,54,0.004984,0.008219,0.006548
1956,55,0.005712,0.009641,0.007601
1956,56,0.006291,0.010779,0.008446
1956,57,0.007394,0.012108,0.009659
1956,58,0.008059,0.013522,0.010679
1956,59,0.008527,0.014481,0.011383
1956,60,0.009784,0.015677,0.012612
1956,61,0.011326,0.017766,0.014412
1956,62,0.012411,0.019089,0.015613
1956,63,0.013585,0.020033,0.016679
1956,64,0.015824,0.023235,0.019374
1956,65,0.017441,0.025207,0.021152
1956,66,0.019755,0.026174,0.022826
1956,67,0.022896,0.027772,0.025239
1956,68,0.024309,0.03049,0.027282
1956,69,0.026764,0.033918,0.030185
1956,70,0.031508,0.036934,0.034103
1956,71,0.03558,0.042661,0.038976
1956,72,0.040425,0.049808,0.044885
1956,73,0.046622,0.05439,0.050304
1956,74,0.052549,0.060377,0.056282
1956,75,0.058427,0.067708,0.062834
1956,76,0.066436,0.072714,0.069392
1956,77,0.075825,0.079365,0.077499
1956,78,0.085322,0.090227,0.087641
1956,79,0.091915,0.100972,0.096206
1956,80,0.098937,0.112554,0.105363
1956,81,0.117047,0.125518,0.121022
1956,82,0.135492,0.141575,0.138331
1956,83,0.142935,0.159227,0.150486
1956,84,0.157189,0.179599,0.167359
1956,85,0.180358,0.187207,0.183417
1956,86,0.196848,0.201004,0.198703
1956,87,0.219048,0.237884,0.227325
1956,88,0.234195,0.258554,0.244797
1956,89,0.249874,0.279366,0.262535
1956,90,0.280181,0.298583,0.288028
1957,0,0.01578,0.020359,0.018132
1957,1,0.002265,0.002768,0.002523
1957,2,0.001214,0.001433,0.001326
1957,3,0.00099,0.001038,0.001015
1957,4,0.000786,0.000942,0.000866
1957,5,0.000541,0.000803,0.000676
1957,6,0.000423,0.000619,0.000524
1957,7,0.000431,0.000697,0.000567
1957,8,0.000374,0.000636,0.000509
1957,9,0.000321,0.00057,0.000449
1957,10,0.000279,0.000498,0.000391
1957,11,0.000303,0.000465,0.000386
1957,12,0.000373,0.000458,0.000417
1957,13,0.000338,0.00054,0.000442
1957,14,0.000321,0.00064,0.000485
1957,15,0.00042,0.000672,0.000549
1957,16,0.000434,0.000638,0.000538
1957,17,0.000418,0.000681,0.000551
1957,18,0.000483,0.000827,0.000658
1957,19,0.00042,0.000881,0.000655
1957,20,0.000392,0.001018,0.000711
1957,21,0.000482,0.001049,0.000772
1957,22,0.000483,0.001017,0.000755
1957,23,0.0005,0.001069,0.00079
1957,24,0.000489,0.00105,0.000773
1957,25,0.00052,0.001079,0.000803
1957,26,0.0006,0.001007,0.000805
1957,27,0.00055,0.000888,0.00072
1957,28,0.00064,0.000939,0.00079
1957,29,0.000822,0.000977,0.000899
1957,30,0.000815,0.001065,0.000939
1957,31,0.000819,0.001101,0.000958
1957,32,0.000933,0.001098,0.001014
1957,33,0.000954,0.001292,0.00112
1957,34,0.00093,0.001213,0.001069
1957,35,0.001095,0.001151,0.001123
1957,36,0.001159,0.001308,0.001232
1957,37,0.001033,0.001357,0.001193
1957,38,0.001288,0.001667,0.001475
1957,39,0.001475,0.001758,0.001614
1957,40,0.001663,0.001875,0.001767
1957,41,0.001771,0.002132,0.001949
1957,42,0.001817,0.002439,0.002123
1957,43,0.001992,0.002715,0.002346
1957,44,0.002306,0.002968,0.00263
1957,45,0.002519,0.003337,0.002918
1957,46,0.002595,0.003713,0.003139
1957,47,0.00279,0.004048,0.003404
1957,48,0.003082,0.004621,0.003832
1957,49,0.003475,0.005078,0.004253
1957,50,0.003829,0.005495,0.004637
1957,51,0.00433,0.006232,0.00525
1957,52,0.004373,0.007215,0.00575
1957,53,0.004533,0.008042,0.006235
1957,54,0.004916,0.008601,0.006702
1957,55,0.005592,0.00919,0.007329
1957,56,0.006535,0.010044,0.008218
1957,57,0.006884,0.011315,0.009006
1957,58,0.007508,0.012097,0.009706
1957,59,0.008604,0.013117,0.010763
1957,60,0.009902,0.015284,0.012475
1957,61,0.010749,0.016705,0.013599
1957,62,0.011718,0.018034,0.014735
1957,63,0.013068,0.019754,0.016262
1957,64,0.014518,0.020987,0.017611
1957,65,0.016451,0.02335,0.019743
1957,66,0.018236,0.026683,0.022255
1957,67,0.020863,0.028934,0.024709
1957,68,0.024364,0.030809,0.027452
1957,69,0.026758,0.034055,0.030255
1957,70,0.02891,0.037476,0.032988
1957,71,0.03343,0.042333,0.037673
1957,72,0.038631,0.047327,0.042781
1957,73,0.043747,0.050552,0.046967
1957,74,0.050981,0.05743,0.054027
1957,75,0.056442,0.064399,0.060219
1957,76,0.05977,0.068954,0.064109
1957,77,0.068235,0.076595,0.072158
1957,78,0.078918,0.086007,0.082261
1957,79,0.089449,0.097678,0.093325
1957,80,0.096536,0.105371,0.100696
1957,81,0.103827,0.114943,0.109041
1957,82,0.118161,0.130306,0.123834
1957,83,0.135209,0.146408,0.140409
1957,84,0.148364,0.152072,0.150068
1957,85,0.164817,0.168832,0.166632
1957,86,0.178138,0.200806,0.188214
1957,87,0.187829,0.217252,0.200808
1957,88,0.215905,0.235284,0.224313
1957,89,0.237914,0.269214,0.251378
1957,90,0.249129,0.294082,0.267926
1958,0,0.016044,0.020117,0.018134
1958,1,0.002228,0.002817,0.00253
1958,2,0.001125,0.001613,0.001375
1958,3,0.000834,0.00123,0.001037
1958,4,0.000601,0.000864,0.000736
1958,5,0.000453,0.000695,0.000577
1958,6,0.000405,0.000714,0.000563
1958,7,0.000347,0.000645,0.0005
1958,8,0.000305,0.000512,0.000411
1958,9,0.000271,0.000442,0.000359
1958,10,0.000245,0.000429,0.000339
1958,11,0.000251,0.00043,0.000343
1958,12,0.000288,0.000434,0.000363
1958,13,0.000327,0.0004,0.000364
1958,14,0.000338,0.000481,0.000411
1958,15,0.00036,0.000587,0.000477
1958,16,0.000444,0.000621,0.000535
1958,17,0.000398,0.000667,0.000535
1958,18,0.000441,0.000843,0.000645
1958,19,0.000508,0.000859,0.000686
1958,20,0.000483,0.000809,0.000649
1958,21,0.000425,0.000958,0.000697
1958,22,0.000445,0.001062,0.00076
1958,23,0.000505,0.000961,0.000737
1958,24,0.000523,0.000973,0.000752
1958,25,0.000556,0.001069,0.000816
1958,26,0.000606,0.00101,0.00081
1958,27,0.000608,0.000886,0.000748
1958,28,0.000577,0.000911,0.000745
1958,29,0.000602,0.001001,0.000801
1958,30,0.000625,0.001047,0.000835
1958,31,0.000643,0.001188,0.000914
1958,32,0.000766,0.001209,0.000985
1958,33,0.000874,0.001099,0.000985
1958,34,0.00089,0.0012,0.001042
1958,35,0.000923,0.001267,0.001092
1958,36,0.001032,0.001218,0.001123
1958,37,0.001242,0.001257,0.001249
1958,38,0.001261,0.001364,0.001312
1958,39,0.001498,0.001749,0.001622
1958,40,0.001541,0.001837,0.001687
1958,41,0.00153,0.001983,0.001753
1958,42,0.001831,0.002558,0.002189
1958,43,0.002115,0.003059,0.002579
1958,44,0.002199,0.003018,0.0026
1958,45,0.002271,0.003026,0.00264
1958,46,0.002543,0.003256,0.00289
1958,47,0.002949,0.003857,0.003391
1958,48,0.003163,0.004358,0.003746
1958,49,0.003359,0.004602,0.003964
1958,50,0.003748,0.005469,0.004584
1958,51,0.004181,0.006269,0.005193
1958,52,0.004261,0.007017,0.005593
1958,53,0.004497,0.007693,0.006043
1958,54,0.005007,0.008295,0.0066
1958,55,0.005436,0.009299,0.007305
1958,56,0.006352,0.010138,0.008176
1958,57,0.007031,0.011462,0.009153
1958,58,0.007292,0.012865,0.009953
1958,59,0.008151,0.014192,0.011036
1958,60,0.009346,0.015637,0.012347
1958,61,0.010478,0.017185,0.013675
1958,62,0.011261,0.018824,0.014867
1958,63,0.011985,0.020121,0.015856
1958,64,0.013922,0.021742,0.017642
1958,65,0.016071,0.02345,0.019587
1958,66,0.01857,0.025885,0.022047
1958,67,0.021105,0.027404,0.024088
1958,68,0.023148,0.029791,0.026301
1958,69,0.025752,0.033686,0.029538
1958,70,0.029067,0.037648,0.033159
1958,71,0.03395,0.041407,0.037484
1958,72,0.038497,0.04619,0.042147
1958,73,0.042151,0.051778,0.046721
1958,74,0.047307,0.057118,0.05193
1958,75,0.05267,0.06407,0.058026
1958,76,0.060155,0.070011,0.064809
1958,77,0.068351,0.074964,0.071461
1958,78,0.076859,0.084291,0.080331
1958,79,0.08744,0.098099,0.09244
1958,80,0.096102,0.110586,0.102884
1958,81,0.105789,0.121191,0.112992
1958,82,0.118268,0.131366,0.12437
1958,83,0.12947,0.144891,0.136626
1958,84,0.144672,0.16507,0.154065
1958,85,0.161241,0.180363,0.169989
1958,86,0.181539,0.197893,0.188869
1958,87,0.20089,0.215731,0.207412
1958,88,0.214083,0.230069,0.221042
1958,89,0.235978,0.256525,0.244832
1958,90,0.251987,0.278835,0.263243
1959,0,0.015253,0.019863,0.017614
1959,1,0.002265,0.002884,0.002582
1959,2,0.001185,0.001703,0.001451
1959,3,0.000937,0.001261,0.001103
1959,4,0.000754,0.001075,0.000919
1959,5,0.000572,0.000942,0.000762
1959,6,0.000549,0.000843,0.0007
1959,7,0.000469,0.000713,0.000594
1959,8,0.000347,0.000599,0.000476
1959,9,0.000323,0.000572,0.000451
1959,10,0.000271,0.000512,0.000395
1959,11,0.000253,0.000456,0.000357
1959,12,0.000286,0.000422,0.000356
1959,13,0.000307,0.000483,0.000397
1959,14,0.000276,0.000586,0.000434
1959,15,0.000281,0.00067,0.00048
1959,16,0.00032,0.00071,0.00052
1959,17,0.00033,0.000849,0.000596
1959,18,0.00035,0.000971,0.000667
1959,19,0.000364,0.000986,0.000679
1959,20,0.000355,0.00092,0.000642
1959,21,0.000353,0.001,0.000683
1959,22,0.000343,0.001077,0.000718
1959,23,0.000401,0.00095,0.000681
1959,24,0.000448,0.000948,0.000702
1959,25,0.000478,0.000966,0.000726
1959,26,0.000511,0.000947,0.000732
1959,27,0.000562,0.000844,0.000704
1959,28,0.000622,0.000921,0.000773
1959,29,0.000662,0.001159,0.000911
1959,30,0.000687,0.001227,0.000957
1959,31,0.000691,0.001222,0.000955
1959,32,0.000722,0.001136,0.000927
1959,33,0.000951,0.001157,0.001052
1959,34,0.001076,0.001255,0.001164
1959,35,0.001018,0.001366,0.001189
1959,36,0.00112,0.001531,0.001322
1959,37,0.001198,0.001445,0.001319
1959,38,0.001236,0.001634,0.001432
1959,39,0.001261,0.001923,0.001587
1959,40,0.001428,0.002094,0.001756
1959,41,0.001556,0.002188,0.001867
1959,42,0.001892,0.002392,0.002138
1959,43,0.002101,0.002656,0.002374
1959,44,0.002167,0.002915,0.002535
1959,45,0.0024,0.003233,0.002808
1959,46,0.002561,0.003734,0.003134
1959,47,0.002756,0.00389,0.003308
1959,48,0.003075,0.004223,0.003634
1959,49,0.003199,0.004483,0.003825
1959,50,0.003379,0.00519,0.00426
1959,51,0.003957,0.006131,0.005012
1959,52,0.00427,0.006863,0.005525
1959,53,0.004519,0.007963,0.006181
1959,54,0.005065,0.008711,0.006827
1959,55,0.005351,0.009801,0.007503
1959,56,0.00563,0.011083,0.008262
1959,57,0.00649,0.012065,0.00917
1959,58,0.007444,0.013064,0.010127
1959,59,0.008002,0.014436,0.011064
1959,60,0.008813,0.015812,0.012144
1959,61,0.00993,0.017362,0.013462
1959,62,0.010952,0.018861,0.014707
1959,63,0.012504,0.020457,0.01628
1959,64,0.014225,0.022283,0.018041
1959,65,0.015567,0.023704,0.019422
1959,66,0.017259,0.025654,0.021242
1959,67,0.019538,0.028908,0.023971
1959,68,0.021221,0.032121,0.02636
1959,69,0.024358,0.034707,0.029246
1959,70,0.027443,0.036754,0.031866
1959,71,0.030991,0.0405,0.035503
1959,72,0.036313,0.046947,0.04133
1959,73,0.039711,0.053207,0.046075
1959,74,0.046055,0.05779,0.05159
1959,75,0.053809,0.062304,0.057791
1959,76,0.05879,0.070472,0.064244
1959,77,0.064751,0.078306,0.071112
1959,78,0.071925,0.085029,0.078055
1959,79,0.082315,0.096402,0.088853
1959,80,0.094787,0.103417,0.098812
1959,81,0.107465,0.112012,0.109583
1959,82,0.117173,0.124626,0.120639
1959,83,0.126055,0.140203,0.132605
1959,84,0.13986,0.157437,0.147933
1959,85,0.163606,0.176453,0.169468
1959,86,0.183504,0.192253,0.187475
1959,87,0.20034,0.207375,0.203476
1959,88,0.213506,0.231587,0.221391
1959,89,0.221192,0.259013,0.237432
1959,90,0.2528,0.287387,0.267409
1960,0,0.015137,0.019051,0.01714
1960,1,0.002183,0.002178,0.00218
1960,2,0.001047,0.00142,0.001238
1960,3,0.000746,0.00116,0.000958
1960,4,0.000615,0.001064,0.000845
1960,5,0.000512,0.000864,0.000693
1960,6,0.000429,0.000622,0.000528
1960,7,0.000378,0.0006,0.000492
1960,8,0.000367,0.000547,0.000459
1960,9,0.000305,0.000499,0.000405
1960,10,0.000244,0.000446,0.000348
1960,11,0.000222,0.000328,0.000276
1960,12,0.000219,0.000369,0.000296
1960,13,0.000227,0.000378,0.000305
1960,14,0.000228,0.000418,0.000325
1960,15,0.000245,0.000542,0.000397
1960,16,0.000296,0.00062,0.000462
1960,17,0.000287,0.000749,0.000524
1960,18,0.000264,0.000837,0.000557
1960,19,0.000399,0.000832,0.000619
1960,20,0.000444,0.00089,0.00067
1960,21,0.0004,0.000935,0.000672
1960,22,0.000437,0.001032,0.00074
1960,23,0.000431,0.001132,0.000788
1960,24,0.000503,0.001046,0.00078
1960,25,0.00051,0.000994,0.000756
1960,26,0.000527,0.001031,0.000782
1960,27,0.000632,0.001031,0.000834
1960,28,0.000636,0.001046,0.000843
1960,29,0.000566,0.000995,0.000782
1960,30,0.000558,0.001039,0.000799
1960,31,0.000629,0.001066,0.000847
1960,32,0.000686,0.000919,0.000802
1960,33,0.000765,0.000993,0.000878
1960,34,0.000795,0.001283,0.001036
1960,35,0.000884,0.001345,0.001111
1960,36,0.001092,0.001399,0.001242
1960,37,0.001117,0.001457,0.001284
1960,38,0.001074,0.001388,0.001229
1960,39,0.001213,0.001774,0.001488
1960,40,0.001368,0.001875,0.001617
1960,41,0.001678,0.002017,0.001845
1960,42,0.001663,0.002445,0.002047
1960,43,0.001781,0.002811,0.002287
1960,44,0.002194,0.002925,0.002554
1960,45,0.002412,0.003064,0.002733
1960,46,0.002675,0.003502,0.00308
1960,47,0.002884,0.003907,0.003383
1960,48,0.002788,0.004518,0.00363
1960,49,0.003008,0.005067,0.00401
1960,50,0.003377,0.005707,0.004512
1960,51,0.003703,0.006373,0.005
1960,52,0.004173,0.006924,0.005507
1960,53,0.00478,0.008164,0.006417
1960,54,0.005036,0.00902,0.006955
1960,55,0.005786,0.009874,0.007758
1960,56,0.006166,0.010895,0.008448
1960,57,0.006344,0.011772,0.008957
1960,58,0.007702,0.013413,0.01044
1960,59,0.008664,0.01456,0.011472
1960,60,0.009308,0.015727,0.01235
1960,61,0.010015,0.017442,0.013544
1960,62,0.010694,0.019144,0.014695
1960,63,0.011592,0.020563,0.015833
1960,64,0.012772,0.022226,0.017244
1960,65,0.014261,0.024607,0.019138
1960,66,0.016718,0.027341,0.021724
1960,67,0.019099,0.0299,0.024188
1960,68,0.021605,0.032824,0.026889
1960,69,0.024446,0.034847,0.029335
1960,70,0.027524,0.037465,0.032197
1960,71,0.031221,0.041925,0.036284
1960,72,0.036355,0.046472,0.041128
1960,73,0.042471,0.050003,0.046011
1960,74,0.048086,0.054113,0.050916
1960,75,0.053474,0.060594,0.056819
1960,76,0.057899,0.068367,0.062785
1960,77,0.064622,0.07635,0.070058
1960,78,0.074012,0.0851,0.079194
1960,79,0.083327,0.093755,0.088169
1960,80,0.095584,0.103808,0.099387
1960,81,0.106191,0.116672,0.11106
1960,82,0.11692,0.13126,0.123568
1960,83,0.128596,0.148035,0.137572
1960,84,0.139359,0.165037,0.151115
1960,85,0.153766,0.17883,0.165139
1960,86,0.176671,0.19309,0.184105
1960,87,0.195099,0.2141,0.20367
1960,88,0.21351,0.235409,0.223185
1960,89,0.229975,0.242353,0.23531
1960,90,0.243971,0.263807,0.252351
1961,0,0.014459,0.019437,0.017007
1961,1,0.001805,0.002219,0.002017
1961,2,0.000831,0.00129,0.001066
1961,3,0.000585,0.000998,0.000797
1961,4,0.000579,0.00077,0.000677
1961,5,0.000457,0.00077,0.000617
1961,6,0.000351,0.000786,0.000574
1961,7,0.000359,0.000654,0.000511
1961,8,0.000291,0.000535,0.000416
1961,9,0.000261,0.000398,0.000331
1961,10,0.000282,0.000379,0.000332
1961,11,0.000272,0.000403,0.000339
1961,12,0.000244,0.000404,0.000326
1961,13,0.000252,0.000477,0.000368
1961,14,0.000294,0.00051,0.000405
1961,15,0.000326,0.000534,0.000432
1961,16,0.000275,0.000658,0.000471
1961,17,0.000306,0.000844,0.000581
1961,18,0.000343,0.000854,0.000605
1961,19,0.000336,0.000873,0.000611
1961,20,0.000328,0.001029,0.000685
1961,21,0.000367,0.001095,0.000737
1961,22,0.00034,0.000992,0.000671
1961,23,0.000369,0.001,0.00069
1961,24,0.000452,0.001052,0.000758
1961,25,0.000459,0.001074,0.000773
1961,26,0.000452,0.001033,0.000748
1961,27,0.000489,0.000975,0.000736
1961,28,0.000569,0.000988,0.000781
1961,29,0.000566,0.000996,0.000783
1961,30,0.00054,0.000975,0.000759
1961,31,0.000617,0.001077,0.000848
1961,32,0.000709,0.001093,0.000901
1961,33,0.000714,0.001009,0.000861
1961,34,0.000746,0.001171,0.000957
1961,35,0.000823,0.001278,0.001048
1961,36,0.001055,0.001368,0.001209
1961,37,0.001267,0.001535,0.001398
1961,38,0.001127,0.001604,0.001362
1961,39,0.001327,0.001732,0.001526
1961,40,0.001534,0.001964,0.001745
1961,41,0.001426,0.002078,0.001747
1961,42,0.00178,0.002619,0.002193
1961,43,0.001849,0.002808,0.00232
1961,44,0.001835,0.003009,0.002412
1961,45,0.001957,0.003291,0.002614
1961,46,0.002185,0.003666,0.002912
1961,47,0.002623,0.004211,0.003399
1961,48,0.003226,0.004649,0.00392
1961,49,0.003409,0.005059,0.004211
1961,50,0.003318,0.005668,0.00446
1961,51,0.003705,0.006715,0.00517
1961,52,0.004214,0.007597,0.005855
1961,53,0.004841,0.008122,0.006431
1961,54,0.005031,0.008628,0.006769
1961,55,0.005265,0.009621,0.00736
1961,56,0.006051,0.010645,0.008263
1961,57,0.006661,0.011975,0.00922
1961,58,0.006999,0.013624,0.010181
1961,59,0.007335,0.014339,0.010683
1961,60,0.008488,0.015597,0.011858
1961,61,0.009655,0.017566,0.013396
1961,62,0.010266,0.019735,0.014747
1961,63,0.011604,0.021501,0.016269
1961,64,0.013511,0.022825,0.017896
1961,65,0.015702,0.024868,0.020018
1961,66,0.01785,0.027411,0.022334
1961,67,0.018753,0.030099,0.02406
1961,68,0.020355,0.03249,0.026042
1961,69,0.024276,0.035733,0.029654
1961,70,0.027099,0.038152,0.032267
1961,71,0.030132,0.04089,0.035165
1961,72,0.033409,0.044465,0.038605
1961,73,0.037502,0.050472,0.043596
1961,74,0.043995,0.058008,0.050553
1961,75,0.049923,0.062161,0.05564
1961,76,0.056473,0.067578,0.061667
1961,77,0.064686,0.07455,0.069261
1961,78,0.073802,0.081104,0.077176
1961,79,0.080447,0.090556,0.085145
1961,80,0.090812,0.100901,0.095475
1961,81,0.103853,0.112772,0.10796
1961,82,0.111995,0.125839,0.118385
1961,83,0.124306,0.137847,0.130531
1961,84,0.139307,0.149843,0.144129
1961,85,0.154677,0.167583,0.160523
1961,86,0.162402,0.185895,0.172947
1961,87,0.175724,0.200522,0.186815
1961,88,0.200067,0.216935,0.207596
1961,89,0.222398,0.249793,0.234366
1961,90,0.240588,0.267639,0.252108
1962,0,0.014435,0.018749,0.016641
1962,1,0.001822,0.002161,0.001995
1962,2,0.000981,0.001216,0.001101
1962,3,0.00074,0.001145,0.000947
1962,4,0.000607,0.000968,0.000792
1962,5,0.00048,0.000761,0.000624
1962,6,0.000429,0.000657,0.000546
1962,7,0.000374,0.000601,0.00049
1962,8,0.000298,0.000543,0.000424
1962,9,0.000226,0.00046,0.000346
1962,10,0.000233,0.00042,0.000328
1962,11,0.0003,0.000419,0.000361
1962,12,0.000323,0.000416,0.00037
1962,13,0.000275,0.000446,0.000362
1962,14,0.000252,0.000481,0.00037
1962,15,0.000321,0.000518,0.000422
1962,16,0.000349,0.000596,0.000475
1962,17,0.00031,0.000673,0.000496
1962,18,0.000353,0.000885,0.000625
1962,19,0.000372,0.001064,0.000726
1962,20,0.000337,0.001068,0.000711
1962,21,0.000317,0.001029,0.00068
1962,22,0.000416,0.001008,0.000717
1962,23,0.000477,0.000949,0.000718
1962,24,0.000447,0.001014,0.000737
1962,25,0.000493,0.001155,0.000831
1962,26,0.000533,0.001153,0.00085
1962,27,0.000552,0.001075,0.000819
1962,28,0.00059,0.00109,0.000844
1962,29,0.000549,0.00105,0.000803
1962,30,0.000599,0.001121,0.000863
1962,31,0.000727,0.001113,0.000922
1962,32,0.000845,0.001139,0.000993
1962,33,0.000867,0.001236,0.001051
1962,34,0.000906,0.001306,0.001105
1962,35,0.00098,0.001399,0.001188
1962,36,0.000949,0.001426,0.001185
1962,37,0.001042,0.001528,0.001281
1962,38,0.00119,0.001762,0.001471
1962,39,0.001293,0.001776,0.001531
1962,40,0.001508,0.00188,0.001691
1962,41,0.001631,0.002225,0.001923
1962,42,0.001616,0.002202,0.001905
1962,43,0.001852,0.002614,0.002227
1962,44,0.001949,0.002821,0.002377
1962,45,0.002179,0.003323,0.00274
1962,46,0.002455,0.004046,0.003237
1962,47,0.002628,0.004284,0.003441
1962,48,0.002843,0.004472,0.003639
1962,49,0.003184,0.005071,0.004104
1962,50,0.003439,0.005912,0.004641
1962,51,0.003714,0.006735,0.005181
1962,52,0.003824,0.007362,0.005543
1962,53,0.004121,0.008227,0.00611
1962,54,0.004504,0.009296,0.006822
1962,55,0.004878,0.010309,0.007496
1962,56,0.005677,0.011996,0.008708
1962,57,0.006267,0.013172,0.009582
1962,58,0.006992,0.01415,0.010427
1962,59,0.00802,0.015755,0.01172
1962,60,0.008616,0.017477,0.012835
1962,61,0.009377,0.019051,0.013942
1962,62,0.010517,0.020819,0.015365
1962,63,0.012073,0.022809,0.017125
1962,64,0.013474,0.024573,0.018679
1962,65,0.014938,0.027489,0.020815
1962,66,0.017259,0.028977,0.022746
1962,67,0.019177,0.031169,0.02477
1962,68,0.021155,0.034849,0.027516
1962,69,0.023986,0.036509,0.029815
1962,70,0.027243,0.038913,0.03269
1962,71,0.030355,0.041384,0.035481
1962,72,0.035213,0.046082,0.040269
1962,73,0.039984,0.051311,0.045276
1962,74,0.044886,0.057135,0.050603
1962,75,0.050523,0.065038,0.057266
1962,76,0.056105,0.070397,0.062734
1962,77,0.062922,0.079049,0.070413
1962,78,0.07171,0.090461,0.080342
1962,79,0.081388,0.098793,0.089379
1962,80,0.092229,0.110902,0.100826
1962,81,0.103616,0.12159,0.111866
1962,82,0.117391,0.135448,0.125643
1962,83,0.134299,0.154735,0.143643
1962,84,0.145144,0.165312,0.154336
1962,85,0.15888,0.177402,0.167292
1962,86,0.17258,0.191221,0.180946
1962,87,0.186314,0.2075,0.195695
1962,88,0.212209,0.242439,0.225571
1962,89,0.239587,0.264393,0.250491
1962,90,0.26718,0.290514,0.277264
1963,0,0.013291,0.017694,0.015547
1963,1,0.001726,0.002003,0.001868
1963,2,0.000804,0.001181,0.000997
1963,3,0.00058,0.00107,0.000831
1963,4,0.000515,0.000877,0.0007
1963,5,0.000464,0.000768,0.00062
1963,6,0.000421,0.000782,0.000606
1963,7,0.000447,0.000639,0.000545
1963,8,0.000341,0.000491,0.000418
1963,9,0.000261,0.000468,0.000367
1963,10,0.000295,0.000403,0.00035
1963,11,0.000279,0.000357,0.000319
1963,12,0.000248,0.000401,0.000326
1963,13,0.000281,0.000451,0.000368
1963,14,0.000332,0.000446,0.000391
1963,15,0.000324,0.000505,0.000417
1963,16,0.000345,0.000626,0.000489
1963,17,0.000363,0.000738,0.000555
1963,18,0.000285,0.000752,0.000523
1963,19,0.000327,0.000925,0.000633
1963,20,0.000372,0.000983,0.000685
1963,21,0.000314,0.000896,0.000612
1963,22,0.000294,0.001001,0.000655
1963,23,0.000321,0.001059,0.000697
1963,24,0.000411,0.001052,0.000739
1963,25,0.000435,0.001005,0.000727
1963,26,0.000428,0.001026,0.000734
1963,27,0.000486,0.001055,0.000778
1963,28,0.000526,0.000907,0.000721
1963,29,0.000597,0.000919,0.000761
1963,30,0.000655,0.000996,0.000828
1963,31,0.000684,0.001024,0.000856
1963,32,0.000637,0.001073,0.000857
1963,33,0.000754,0.001258,0.001008
1963,34,0.000919,0.001201,0.00106
1963,35,0.000913,0.001251,0.001082
1963,36,0.000987,0.001493,0.001238
1963,37,0.001135,0.001587,0.001359
1963,38,0.001173,0.00167,0.001417
1963,39,0.00121,0.00183,0.001514
1963,40,0.001358,0.002114,0.00173
1963,41,0.001509,0.002322,0.001908
1963,42,0.00153,0.002428,0.001971
1963,43,0.001678,0.002489,0.002077
1963,44,0.002098,0.00299,0.002537
1963,45,0.002172,0.003321,0.002736
1963,46,0.002399,0.003811,0.003092
1963,47,0.002648,0.004588,0.003601
1963,48,0.002964,0.005056,0.00399
1963,49,0.003428,0.005353,0.004369
1963,50,0.003849,0.006014,0.004903
1963,51,0.003916,0.006446,0.005144
1963,52,0.00396,0.007121,0.005493
1963,53,0.00429,0.008252,0.006211
1963,54,0.004594,0.009609,0.007017
1963,55,0.004767,0.010366,0.007468
1963,56,0.005439,0.011069,0.008145
1963,57,0.006258,0.012382,0.009186
1963,58,0.006976,0.014059,0.010365
1963,59,0.007678,0.016087,0.011697
1963,60,0.00832,0.017113,0.012508
1963,61,0.009338,0.018176,0.013526
1963,62,0.010409,0.020262,0.015035
1963,63,0.011735,0.022492,0.016768
1963,64,0.013191,0.025112,0.018769
1963,65,0.01499,0.027894,0.021002
1963,66,0.0173,0.030062,0.023235
1963,67,0.01949,0.032583,0.025584
1963,68,0.021684,0.034803,0.027758
1963,69,0.024684,0.037436,0.030566
1963,70,0.027891,0.040928,0.03392
1963,71,0.030823,0.045556,0.037653
1963,72,0.03389,0.049539,0.041111
1963,73,0.038794,0.053179,0.045441
1963,74,0.044697,0.059702,0.05166
1963,75,0.051469,0.066455,0.05841
1963,76,0.058173,0.070962,0.064069
1963,77,0.062237,0.079047,0.069977
1963,78,0.0701,0.08967,0.079091
1963,79,0.078977,0.097973,0.087639
1963,80,0.087557,0.109005,0.097294
1963,81,0.10212,0.122832,0.111553
1963,82,0.116183,0.135208,0.124828
1963,83,0.1294,0.146141,0.136975
1963,84,0.14074,0.160913,0.149868
1963,85,0.155567,0.179032,0.166134
1963,86,0.174027,0.19458,0.183263
1963,87,0.195241,0.221251,0.206781
1963,88,0.212349,0.247719,0.227762
1963,89,0.229602,0.260403,0.242946
1963,90,0.246416,0.263204,0.253738
1964,0,0.012624,0.016438,0.014582
1964,1,0.001568,0.001855,0.001715
1964,2,0.000883,0.00127,0.001081
1964,3,0.000719,0.000998,0.000862
1964,4,0.000641,0.000809,0.000727
1964,5,0.000585,0.000741,0.000664
1964,6,0.000477,0.000697,0.00059
1964,7,0.000344,0.000602,0.000476
1964,8,0.000278,0.000543,0.000414
1964,9,0.000281,0.000518,0.000402
1964,10,0.000298,0.000477,0.00039
1964,11,0.000272,0.000477,0.000377
1964,12,0.000256,0.000481,0.000371
1964,13,0.000276,0.000485,0.000384
1964,14,0.000304,0.000477,0.000393
1964,15,0.000284,0.000509,0.000399
1964,16,0.000303,0.000646,0.000478
1964,17,0.000357,0.000904,0.000637
1964,18,0.000363,0.001122,0.000751
1964,19,0.00026,0.001118,0.000698
1964,20,0.000276,0.001103,0.000699
1964,21,0.000323,0.001076,0.000709
1964,22,0.000382,0.001116,0.000758
1964,23,0.000422,0.000917,0.000676
1964,24,0.00042,0.000946,0.00069
1964,25,0.000456,0.001104,0.000789
1964,26,0.000449,0.001084,0.000776
1964,27,0.000428,0.000953,0.000698
1964,28,0.000514,0.000918,0.000721
1964,29,0.000573,0.001025,0.000804
1964,30,0.000604,0.001025,0.000819
1964,31,0.000636,0.001101,0.000872
1964,32,0.000626,0.001148,0.00089
1964,33,0.000709,0.001145,0.000929
1964,34,0.000814,0.001237,0.001027
1964,35,0.00094,0.001421,0.001181
1964,36,0.001106,0.001384,0.001245
1964,37,0.001014,0.001505,0.001258
1964,38,0.00101,0.001785,0.001393
1964,39,0.001259,0.00194,0.001594
1964,40,0.001321,0.001918,0.001614
1964,41,0.001398,0.001971,0.00168
1964,42,0.001569,0.002479,0.002016
1964,43,0.001841,0.002833,0.002328
1964,44,0.001878,0.002956,0.002409
1964,45,0.002266,0.003468,0.002857
1964,46,0.002548,0.003771,0.003148
1964,47,0.002621,0.0046,0.003592
1964,48,0.002941,0.005464,0.004179
1964,49,0.003209,0.005594,0.004377
1964,50,0.003462,0.005623,0.004516
1964,51,0.003696,0.006065,0.004849
1964,52,0.003976,0.006944,0.005416
1964,53,0.004537,0.008161,0.006292
1964,54,0.005002,0.009439,0.007149
1964,55,0.005452,0.010827,0.008043
1964,56,0.005593,0.011686,0.008523
1964,57,0.005945,0.012588,0.009129
1964,58,0.006821,0.013938,0.010212
1964,59,0.007804,0.015335,0.011393
1964,60,0.008465,0.016986,0.012521
1964,61,0.009279,0.01862,0.013707
1964,62,0.010635,0.021304,0.015664
1964,63,0.011675,0.023595,0.017238
1964,64,0.012693,0.024768,0.018309
1964,65,0.013885,0.028034,0.02046
1964,66,0.01596,0.030655,0.022756
1964,67,0.018343,0.032527,0.024894
1964,68,0.020244,0.03585,0.027452
1964,69,0.022586,0.038484,0.02989
1964,70,0.025781,0.040586,0.032558
1964,71,0.029763,0.043359,0.036004
1964,72,0.033838,0.04729,0.040025
1964,73,0.03713,0.052116,0.043991
1964,74,0.042016,0.055889,0.048375
1964,75,0.046173,0.060612,0.052821
1964,76,0.051832,0.067832,0.059181
1964,77,0.059526,0.07656,0.067321
1964,78,0.065774,0.085849,0.074914
1964,79,0.073279,0.093772,0.082599
1964,80,0.08398,0.101631,0.091945
1964,81,0.095531,0.107361,0.100852
1964,82,0.102534,0.116997,0.109062
1964,83,0.114747,0.129561,0.121414
1964,84,0.128275,0.142301,0.134573
1964,85,0.138368,0.156318,0.146395
1964,86,0.160489,0.172979,0.166058
1964,87,0.181691,0.189149,0.185016
1964,88,0.190436,0.205126,0.196882
1964,89,0.199431,0.226901,0.211186
1964,90,0.224253,0.248076,0.234425
1965,0,0.012333,0.015722,0.014073
1965,1,0.001318,0.001647,0.001487
1965,2,0.000804,0.001175,0.000994
1965,3,0.000659,0.001036,0.000852
1965,4,0.000574,0.000847,0.000714
1965,5,0.00048,0.000675,0.00058
1965,6,0.000398,0.000608,0.000506
1965,7,0.000321,0.000582,0.000455
1965,8,0.000289,0.000451,0.000372
1965,9,0.000356,0.000465,0.000412
1965,10,0.000299,0.000452,0.000378
1965,11,0.000237,0.000366,0.000303
1965,12,0.000276,0.000341,0.00031
1965,13,0.000279,0.000419,0.000351
1965,14,0.000314,0.000454,0.000386
1965,15,0.000405,0.000477,0.000442
1965,16,0.00039,0.000694,0.000546
1965,17,0.000319,0.000874,0.000603
1965,18,0.000314,0.000934,0.000631
1965,19,0.000345,0.001045,0.000703
1965,20,0.000388,0.001018,0.00071
1965,21,0.000465,0.001044,0.000762
1965,22,0.000483,0.00106,0.00078
1965,23,0.000463,0.001029,0.000755
1965,24,0.000496,0.001065,0.00079
1965,25,0.000463,0.001032,0.000757
1965,26,0.000419,0.000943,0.00069
1965,27,0.000443,0.000906,0.000683
1965,28,0.000442,0.000921,0.000689
1965,29,0.000521,0.001,0.000768
1965,30,0.000634,0.000967,0.000805
1965,31,0.000631,0.000953,0.000796
1965,32,0.000616,0.00096,0.000791
1965,33,0.000658,0.001153,0.00091
1965,34,0.000702,0.001346,0.001029
1965,35,0.000866,0.001339,0.001105
1965,36,0.000953,0.001484,0.001219
1965,37,0.001053,0.001712,0.001382
1965,38,0.001208,0.001813,0.001509
1965,39,0.001236,0.001972,0.0016
1965,40,0.001351,0.002283,0.001809
1965,41,0.001496,0.002345,0.001913
1965,42,0.001508,0.002422,0.001958
1965,43,0.001777,0.002809,0.002284
1965,44,0.002025,0.003172,0.002587
1965,45,0.002137,0.003445,0.00278
1965,46,0.002741,0.004021,0.00337
1965,47,0.002811,0.004099,0.003443
1965,48,0.00291,0.004789,0.003831
1965,49,0.003077,0.005402,0.004217
1965,50,0.003202,0.00619,0.004664
1965,51,0.003668,0.007312,0.005444
1965,52,0.004185,0.007862,0.005971
1965,53,0.004505,0.008813,0.006591
1965,54,0.004815,0.009814,0.007229
1965,55,0.005085,0.01037,0.007636
1965,56,0.005697,0.011617,0.008542
1965,57,0.006301,0.013015,0.009519
1965,58,0.006815,0.014471,0.010471
1965,59,0.007319,0.016108,0.01149
1965,60,0.007879,0.017471,0.012429
1965,61,0.008888,0.018898,0.013629
1965,62,0.010384,0.020462,0.015136
1965,63,0.012038,0.023169,0.017255
1965,64,0.013519,0.025783,0.019207
1965,65,0.015034,0.027118,0.020617
1965,66,0.016864,0.029799,0.022832
1965,67,0.018516,0.032874,0.025107
1965,68,0.020954,0.035288,0.027521
1965,69,0.023655,0.038991,0.03068
1965,70,0.026323,0.042471,0.033676
1965,71,0.029841,0.045285,0.036854
1965,72,0.03255,0.049521,0.040276
1965,73,0.036721,0.055356,0.045217
1965,74,0.042259,0.059318,0.049996
1965,75,0.047768,0.063758,0.055043
1965,76,0.053647,0.070705,0.061429
1965,77,0.062105,0.077629,0.069175
1965,78,0.071188,0.087162,0.07843
1965,79,0.07722,0.09534,0.085384
1965,80,0.084658,0.103281,0.093053
1965,81,0.096208,0.116195,0.105142
1965,82,0.107299,0.125804,0.115554
1965,83,0.116489,0.136614,0.125485
1965,84,0.129276,0.15153,0.139196
1965,85,0.147292,0.167841,0.156423
1965,86,0.165374,0.187526,0.175177
1965,87,0.182378,0.205901,0.192772
1965,88,0.193234,0.218861,0.204563
1965,89,0.212581,0.243642,0.226013
1965,90,0.23268,0.261023,0.244597
1966,0,0.012117,0.016346,0.014285
1966,1,0.001576,0.001877,0.00173
1966,2,0.000931,0.001074,0.001004
1966,3,0.000669,0.000987,0.000832
1966,4,0.000469,0.00077,0.000623
1966,5,0.000372,0.000745,0.000563
1966,6,0.00034,0.000717,0.000533
1966,7,0.000333,0.000563,0.000451
1966,8,0.00029,0.000539,0.000418
1966,9,0.000257,0.00049,0.000377
1966,10,0.000324,0.000469,0.000398
1966,11,0.000281,0.000473,0.00038
1966,12,0.000223,0.000432,0.00033
1966,13,0.000271,0.000446,0.000361
1966,14,0.000339,0.000525,0.000434
1966,15,0.000356,0.000685,0.000524
1966,16,0.000364,0.000857,0.000617
1966,17,0.000354,0.000878,0.000623
1966,18,0.000395,0.001017,0.000713
1966,19,0.0004,0.00115,0.000784
1966,20,0.00042,0.001069,0.000753
1966,21,0.000404,0.000968,0.000693
1966,22,0.000346,0.001058,0.000712
1966,23,0.000382,0.001042,0.000723
1966,24,0.000445,0.001,0.000733
1966,25,0.000455,0.000969,0.000722
1966,26,0.000513,0.000943,0.000736
1966,27,0.000551,0.000808,0.000684
1966,28,0.000527,0.000834,0.000686
1966,29,0.000587,0.001031,0.000817
1966,30,0.000641,0.001086,0.000871
1966,31,0.000667,0.001028,0.000853
1966,32,0.000786,0.001009,0.000901
1966,33,0.000801,0.001058,0.000933
1966,34,0.00075,0.001183,0.000971
1966,35,0.000908,0.001371,0.001144
1966,36,0.001055,0.001422,0.001241
1966,37,0.001039,0.001466,0.001254
1966,38,0.001086,0.001726,0.001407
1966,39,0.001148,0.001923,0.001534
1966,40,0.001316,0.002194,0.001751
1966,41,0.001515,0.002402,0.001952
1966,42,0.001897,0.002499,0.002193
1966,43,0.002036,0.002748,0.002386
1966,44,0.002025,0.003058,0.002533
1966,45,0.002338,0.003325,0.002822
1966,46,0.002364,0.003582,0.002963
1966,47,0.002793,0.004547,0.003655
1966,48,0.002833,0.004873,0.003833
1966,49,0.002985,0.005303,0.004119
1966,50,0.00354,0.005915,0.004703
1966,51,0.004026,0.006517,0.005243
1966,52,0.004439,0.007559,0.005957
1966,53,0.004304,0.008951,0.006558
1966,54,0.004675,0.009855,0.007177
1966,55,0.00555,0.010307,0.007842
1966,56,0.005947,0.011387,0.008566
1966,57,0.006457,0.013254,0.009713
1966,58,0.007165,0.014824,0.010822
1966,59,0.007709,0.016086,0.011693
1966,60,0.00791,0.017465,0.012423
1966,61,0.008736,0.019098,0.013626
1966,62,0.010189,0.021275,0.01541
1966,63,0.01145,0.023583,0.017137
1966,64,0.012867,0.025843,0.018908
1966,65,0.014359,0.02808,0.020679
1966,66,0.016065,0.029872,0.022399
1966,67,0.018367,0.032032,0.024627
1966,68,0.019937,0.035368,0.026963
1966,69,0.023146,0.0388,0.030257
1966,70,0.027199,0.042023,0.033932
1966,71,0.029541,0.046412,0.037159
1966,72,0.03303,0.052076,0.041598
1966,73,0.037544,0.054615,0.045237
1966,74,0.042837,0.058088,0.049727
1966,75,0.046827,0.065266,0.055117
1966,76,0.051975,0.073103,0.061487
1966,77,0.059504,0.080233,0.068862
1966,78,0.067257,0.084016,0.07482
1966,79,0.077678,0.092388,0.08429
1966,80,0.087504,0.104055,0.094901
1966,81,0.095006,0.112069,0.102621
1966,82,0.106701,0.121723,0.113347
1966,83,0.117924,0.137259,0.126473
1966,84,0.12968,0.159305,0.142732
1966,85,0.149314,0.173688,0.160033
1966,86,0.166942,0.185516,0.175108
1966,87,0.182812,0.201372,0.190928
1966,88,0.203558,0.217701,0.209741
1966,89,0.22472,0.235553,0.229456
1966,90,0.23598,0.254169,0.243747
1967,0,0.011579,0.014675,0.013165
1967,1,0.001466,0.001714,0.001593
1967,2,0.000871,0.001129,0.001003
1967,3,0.000614,0.000972,0.000797
1967,4,0.00045,0.000775,0.000616
1967,5,0.000368,0.00066,0.000517
1967,6,0.000342,0.000684,0.000517
1967,7,0.000375,0.00058,0.00048
1967,8,0.00032,0.000509,0.000417
1967,9,0.000254,0.000535,0.000398
1967,10,0.000221,0.000515,0.000372
1967,11,0.000246,0.000456,0.000353
1967,12,0.000308,0.000443,0.000377
1967,13,0.000362,0.000485,0.000425
1967,14,0.000317,0.000542,0.000433
1967,15,0.000292,0.000719,0.000511
1967,16,0.000407,0.000934,0.000677
1967,17,0.000441,0.001045,0.000751
1967,18,0.000376,0.001042,0.000717
1967,19,0.000361,0.001002,0.000689
1967,20,0.000342,0.001027,0.000692
1967,21,0.00036,0.001115,0.000747
1967,22,0.0004,0.00114,0.00078
1967,23,0.000384,0.001095,0.00075
1967,24,0.000389,0.000968,0.00069
1967,25,0.000459,0.001027,0.000754
1967,26,0.000431,0.001085,0.000772
1967,27,0.000501,0.001087,0.000805
1967,28,0.000583,0.000959,0.000778
1967,29,0.000631,0.000955,0.000799
1967,30,0.000693,0.001126,0.000917
1967,31,0.000769,0.001069,0.000924
1967,32,0.000802,0.001029,0.000919
1967,33,0.000733,0.001366,0.001058
1967,34,0.00063,0.001382,0.001015
1967,35,0.000737,0.001312,0.00103
1967,36,0.000935,0.001391,0.001167
1967,37,0.000952,0.001444,0.001201
1967,38,0.001125,0.001598,0.001363
1967,39,0.001385,0.001809,0.001597
1967,40,0.001437,0.002142,0.001788
1967,41,0.001617,0.00232,0.001965
1967,42,0.001771,0.00251,0.002134
1967,43,0.001854,0.002921,0.002378
1967,44,0.002039,0.00332,0.002669
1967,45,0.002268,0.003471,0.002859
1967,46,0.00249,0.003673,0.00307
1967,47,0.002534,0.003972,0.00324
1967,48,0.002927,0.005296,0.004089
1967,49,0.002977,0.005776,0.004347
1967,50,0.003414,0.006155,0.004754
1967,51,0.003773,0.006737,0.005223
1967,52,0.003981,0.007454,0.005676
1967,53,0.0045,0.008461,0.006424
1967,54,0.004881,0.009313,0.007025
1967,55,0.005182,0.010318,0.007657
1967,56,0.005428,0.011738,0.00846
1967,57,0.005987,0.013394,0.009541
1967,58,0.006449,0.014507,0.010293
1967,59,0.007229,0.015945,0.011372
1967,60,0.00858,0.017982,0.01303
1967,61,0.009413,0.019581,0.014189
1967,62,0.010533,0.02094,0.015416
1967,63,0.011816,0.02267,0.016898
1967,64,0.012843,0.024887,0.018452
1967,65,0.013769,0.028269,0.020472
1967,66,0.015448,0.031066,0.022583
1967,67,0.016996,0.033152,0.02435
1967,68,0.019017,0.037169,0.027259
1967,69,0.021804,0.039878,0.029956
1967,70,0.024893,0.043087,0.033085
1967,71,0.02929,0.047187,0.037343
1967,72,0.031575,0.050244,0.039924
1967,73,0.034168,0.054701,0.043301
1967,74,0.039098,0.060053,0.04845
1967,75,0.045521,0.067042,0.055143
1967,76,0.051586,0.072719,0.060979
1967,77,0.057625,0.078165,0.066766
1967,78,0.06439,0.08268,0.072557
1967,79,0.072437,0.087733,0.079282
1967,80,0.082404,0.097393,0.089082
1967,81,0.092405,0.11077,0.100536
1967,82,0.100249,0.120323,0.109114
1967,83,0.110021,0.126636,0.117309
1967,84,0.123334,0.139958,0.130602
1967,85,0.135753,0.158255,0.145525
1967,86,0.153363,0.173241,0.162001
1967,87,0.172019,0.185159,0.177741
1967,88,0.184623,0.20439,0.193192
1967,89,0.19751,0.224945,0.209359
1967,90,0.219653,0.243852,0.23014
1968,0,0.011191,0.015284,0.013286
1968,1,0.001441,0.00171,0.001579
1968,2,0.000807,0.001103,0.000959
1968,3,0.000615,0.000874,0.000748
1968,4,0.000539,0.000758,0.000651
1968,5,0.000476,0.000731,0.000607
1968,6,0.000402,0.000636,0.000521
1968,7,0.00036,0.000582,0.000473
1968,8,0.000336,0.000509,0.000424
1968,9,0.000286,0.00048,0.000385
1968,10,0.000232,0.000404,0.00032
1968,11,0.000221,0.000344,0.000284
1968,12,0.000273,0.000426,0.000351
1968,13,0.000308,0.000443,0.000377
1968,14,0.000339,0.000467,0.000405
1968,15,0.000377,0.000626,0.000504
1968,16,0.000431,0.000811,0.000626
1968,17,0.000411,0.000983,0.000704
1968,18,0.000381,0.001115,0.000757
1968,19,0.00046,0.001156,0.000817
1968,20,0.000441,0.001103,0.00078
1968,21,0.000366,0.001056,0.000719
1968,22,0.00045,0.001089,0.000778
1968,23,0.000458,0.000917,0.000694
1968,24,0.000396,0.000883,0.000647
1968,25,0.000333,0.000874,0.000614
1968,26,0.000386,0.000946,0.000677
1968,27,0.000511,0.000962,0.000745
1968,28,0.000489,0.001063,0.000787
1968,29,0.000483,0.001204,0.000857
1968,30,0.000606,0.001152,0.000889
1968,31,0.000694,0.001071,0.000888
1968,32,0.000643,0.001074,0.000865
1968,33,0.000621,0.001274,0.000957
1968,34,0.000767,0.001328,0.001055
1968,35,0.000929,0.001445,0.001193
1968,36,0.000992,0.00157,0.001286
1968,37,0.000968,0.001491,0.001233
1968,38,0.001095,0.001762,0.001432
1968,39,0.001278,0.002081,0.001681
1968,40,0.001586,0.002293,0.001939
1968,41,0.001799,0.002325,0.002061
1968,42,0.001758,0.002506,0.002128
1968,43,0.001812,0.002871,0.002332
1968,44,0.002025,0.003134,0.002569
1968,45,0.002139,0.003432,0.002775
1968,46,0.002389,0.003978,0.003169
1968,47,0.002717,0.004372,0.003527
1968,48,0.002679,0.004719,0.00368
1968,49,0.003441,0.005962,0.004676
1968,50,0.003735,0.005856,0.004771
1968,51,0.00387,0.006969,0.005383
1968,52,0.004183,0.007994,0.006043
1968,53,0.004241,0.008023,0.006083
1968,54,0.004775,0.00936,0.006997
1968,55,0.005283,0.010738,0.007916
1968,56,0.00572,0.01164,0.008564
1968,57,0.006068,0.012671,0.009229
1968,58,0.006548,0.014552,0.010372
1968,59,0.00737,0.016275,0.0116
1968,60,0.007958,0.017724,0.012578
1968,61,0.00909,0.019898,0.014177
1968,62,0.01027,0.021888,0.015696
1968,63,0.011175,0.022882,0.016636
1968,64,0.012293,0.024875,0.018148
1968,65,0.013944,0.028336,0.020599
1968,66,0.015807,0.030851,0.022704
1968,67,0.017522,0.033926,0.024953
1968,68,0.019595,0.037035,0.027458
1968,69,0.021872,0.04053,0.03026
1968,70,0.024341,0.044331,0.033262
1968,71,0.028181,0.048359,0.037169
1968,72,0.032182,0.051574,0.040819
1968,73,0.035553,0.055485,0.044369
1968,74,0.040357,0.062433,0.050062
1968,75,0.046136,0.068139,0.055836
1968,76,0.053099,0.073875,0.062278
1968,77,0.058584,0.080362,0.068151
1968,78,0.064546,0.087888,0.074807
1968,79,0.07338,0.095592,0.08319
1968,80,0.084028,0.104359,0.093037
1968,81,0.092471,0.114847,0.102341
1968,82,0.10157,0.127878,0.113069
1968,83,0.118029,0.141651,0.128332
1968,84,0.134256,0.159061,0.145025
1968,85,0.149163,0.173942,0.159852
1968,86,0.160788,0.188029,0.172468
1968,87,0.174884,0.2071,0.188677
1968,88,0.202325,0.224914,0.212067
1968,89,0.222684,0.245269,0.232335
1968,90,0.237765,0.267639,0.250499
1969,0,0.011246,0.015136,0.013236
1969,1,0.001642,0.001699,0.001671
1969,2,0.000889,0.001109,0.001001
1969,3,0.000614,0.000862,0.000741
1969,4,0.000488,0.000715,0.000604
1969,5,0.000464,0.000663,0.000566
1969,6,0.000354,0.000579,0.000469
1969,7,0.000313,0.000563,0.000441
1969,8,0.000317,0.000487,0.000404
1969,9,0.000283,0.000496,0.000392
1969,10,0.000264,0.000476,0.000372
1969,11,0.000285,0.000391,0.000339
1969,12,0.00028,0.000386,0.000334
1969,13,0.000259,0.000378,0.00032
1969,14,0.000322,0.000377,0.00035
1969,15,0.00039,0.000573,0.000484
1969,16,0.000413,0.000888,0.000656
1969,17,0.000398,0.000869,0.000639
1969,18,0.00042,0.001032,0.000733
1969,19,0.00045,0.001203,0.000835
1969,20,0.000415,0.001115,0.000773
1969,21,0.000391,0.001141,0.000775
1969,22,0.000391,0.001065,0.000736
1969,23,0.000432,0.001014,0.000731
1969,24,0.000397,0.000936,0.000674
1969,25,0.000454,0.000982,0.000727
1969,26,0.000551,0.000898,0.000731
1969,27,0.00057,0.000898,0.000741
1969,28,0.000541,0.000896,0.000726
1969,29,0.000539,0.000946,0.00075
1969,30,0.000577,0.001003,0.000798
1969,31,0.000632,0.001029,0.000838
1969,32,0.000661,0.001085,0.00088
1969,33,0.000736,0.001083,0.000915
1969,34,0.000809,0.001126,0.000972
1969,35,0.000935,0.001291,0.001118
1969,36,0.000949,0.00145,0.001205
1969,37,0.001012,0.001443,0.001231
1969,38,0.001323,0.001678,0.001503
1969,39,0.001474,0.002074,0.001778
1969,40,0.001509,0.002154,0.001833
1969,41,0.001521,0.00231,0.001915
1969,42,0.001721,0.002621,0.002168
1969,43,0.00204,0.002893,0.002461
1969,44,0.002122,0.003136,0.00262
1969,45,0.002287,0.003696,0.002977
1969,46,0.002496,0.004127,0.003297
1969,47,0.0027,0.004611,0.003636
1969,48,0.002989,0.005239,0.00409
1969,49,0.002977,0.005331,0.00413
1969,50,0.003522,0.006331,0.004896
1969,51,0.003901,0.006591,0.005213
1969,52,0.00421,0.007477,0.005802
1969,53,0.00475,0.008968,0.006805
1969,54,0.005232,0.009977,0.007537
1969,55,0.00542,0.010533,0.007892
1969,56,0.005935,0.011394,0.008562
1969,57,0.006494,0.012657,0.009444
1969,58,0.006622,0.014461,0.010361
1969,59,0.00753,0.016248,0.011676
1969,60,0.008568,0.018146,0.013096
1969,61,0.009434,0.020052,0.014429
1969,62,0.010772,0.022268,0.016151
1969,63,0.011951,0.024681,0.017857
1969,64,0.012808,0.026142,0.018985
1969,65,0.01435,0.029597,0.021392
1969,66,0.016257,0.031952,0.023452
1969,67,0.017812,0.033727,0.025048
1969,68,0.020195,0.037249,0.027848
1969,69,0.023081,0.04067,0.030934
1969,70,0.025454,0.043939,0.033676
1969,71,0.028647,0.049638,0.037914
1969,72,0.032381,0.05583,0.042697
1969,73,0.036286,0.059334,0.046432
1969,74,0.040276,0.064329,0.050783
1969,75,0.044789,0.067546,0.054663
1969,76,0.051173,0.07266,0.060532
1969,77,0.059894,0.081304,0.06924
1969,78,0.066033,0.088687,0.075863
1969,79,0.072404,0.095252,0.082313
1969,80,0.08526,0.101702,0.092435
1969,81,0.096525,0.113927,0.104164
1969,82,0.105034,0.128632,0.115303
1969,83,0.115166,0.138767,0.125336
1969,84,0.12656,0.147054,0.135389
1969,85,0.141719,0.165382,0.151853
1969,86,0.15716,0.180256,0.166985
1969,87,0.173554,0.190286,0.180628
1969,88,0.18941,0.212987,0.199363
1969,89,0.205294,0.232663,0.216935
1969,90,0.231381,0.248573,0.238628
1970,0,0.010556,0.013626,0.012128
1970,1,0.001421,0.001623,0.001524
1970,2,0.000727,0.000946,0.000839
1970,3,0.00054,0.000896,0.000722
1970,4,0.000472,0.000796,0.000638
1970,5,0.000391,0.00065,0.000524
1970,6,0.000338,0.000607,0.000476
1970,7,0.000341,0.00061,0.000479
1970,8,0.000283,0.000555,0.000422
1970,9,0.000197,0.000532,0.000368
1970,10,0.000174,0.000458,0.000319
1970,11,0.000233,0.000397,0.000317
1970,12,0.000298,0.000441,0.000371
1970,13,0.000333,0.000416,0.000376
1970,14,0.000345,0.000521,0.000435
1970,15,0.00039,0.000714,0.000556
1970,16,0.000472,0.000951,0.000718
1970,17,0.00049,0.001088,0.000796
1970,18,0.00048,0.001096,0.000796
1970,19,0.000437,0.001168,0.000811
1970,20,0.000467,0.001192,0.000838
1970,21,0.000477,0.001234,0.000865
1970,22,0.000475,0.001177,0.000835
1970,23,0.000462,0.001042,0.00076
1970,24,0.000409,0.00092,0.000673
1970,25,0.000381,0.000806,0.000601
1970,26,0.000465,0.00093,0.000707
1970,27,0.000556,0.000912,0.000742
1970,28,0.000564,0.001007,0.000796
1970,29,0.000578,0.001027,0.000813
1970,30,0.000575,0.000959,0.000775
1970,31,0.000639,0.001063,0.00086
1970,32,0.000708,0.001203,0.000966
1970,33,0.000733,0.00119,0.000971
1970,34,0.000997,0.001086,0.001043
1970,35,0.000969,0.001191,0.001084
1970,36,0.00076,0.001407,0.001093
1970,37,0.000849,0.001548,0.001207
1970,38,0.001195,0.001687,0.001445
1970,39,0.001349,0.001852,0.001604
1970,40,0.001266,0.002068,0.001671
1970,41,0.001411,0.002281,0.001847
1970,42,0.001655,0.00258,0.002117
1970,43,0.001809,0.002815,0.002309
1970,44,0.002129,0.003111,0.002614
1970,45,0.002434,0.003484,0.00295
1970,46,0.002731,0.003879,0.003293
1970,47,0.002798,0.00427,0.00352
1970,48,0.002764,0.004924,0.003821
1970,49,0.003145,0.005867,0.004474
1970,50,0.003272,0.0061,0.004656
1970,51,0.003811,0.007269,0.005501
1970,52,0.004207,0.008094,0.006101
1970,53,0.004887,0.008989,0.006882
1970,54,0.005232,0.00984,0.007471
1970,55,0.005447,0.0109,0.00809
1970,56,0.005759,0.012158,0.008843
1970,57,0.006155,0.013682,0.009764
1970,58,0.006958,0.015387,0.010977
1970,59,0.007444,0.016632,0.011806
1970,60,0.007977,0.018122,0.012779
1970,61,0.009428,0.020478,0.014623
1970,62,0.010425,0.022962,0.016287
1970,63,0.011308,0.025039,0.017687
1970,64,0.012878,0.027289,0.019513
1970,65,0.013976,0.029344,0.021039
1970,66,0.015278,0.032112,0.022984
1970,67,0.017379,0.03535,0.025544
1970,68,0.01963,0.039153,0.028419
1970,69,0.02198,0.042117,0.030922
1970,70,0.025188,0.044577,0.033755
1970,71,0.029238,0.049153,0.038003
1970,72,0.031712,0.054536,0.041666
1970,73,0.035446,0.059192,0.045749
1970,74,0.041349,0.06397,0.051185
1970,75,0.044629,0.069743,0.055449
1970,76,0.050125,0.0754,0.060945
1970,77,0.057541,0.081131,0.06768
1970,78,0.064825,0.088775,0.075152
1970,79,0.0717,0.095408,0.081841
1970,80,0.081678,0.104281,0.09136
1970,81,0.094355,0.116708,0.104008
1970,82,0.103785,0.126078,0.113456
1970,83,0.114457,0.135337,0.123422
1970,84,0.126267,0.148626,0.13579
1970,85,0.13911,0.167183,0.151038
1970,86,0.157589,0.183323,0.168441
1970,87,0.174051,0.196536,0.183505
1970,88,0.192603,0.214178,0.201621
1970,89,0.212353,0.235007,0.221778
1970,90,0.225198,0.248199,0.234848
1971,0,0.009706,0.013268,0.01153
1971,1,0.001231,0.001519,0.001378
1971,2,0.000669,0.001051,0.000864
1971,3,0.000607,0.000969,0.000792
1971,4,0.000504,0.000767,0.000638
1971,5,0.000419,0.000652,0.000539
1971,6,0.000369,0.000617,0.000496
1971,7,0.0003,0.000495,0.0004
1971,8,0.000218,0.000445,0.000334
1971,9,0.000169,0.000449,0.000312
1971,10,0.000252,0.000396,0.000325
1971,11,0.000326,0.000445,0.000387
1971,12,0.000302,0.000429,0.000367
1971,13,0.000324,0.000347,0.000336
1971,14,0.000306,0.000368,0.000338
1971,15,0.000313,0.000646,0.000483
1971,16,0.000376,0.000958,0.000673
1971,17,0.000397,0.001064,0.000739
1971,18,0.000447,0.001221,0.000843
1971,19,0.000441,0.001288,0.000874
1971,20,0.000385,0.001201,0.000802
1971,21,0.000333,0.001097,0.000724
1971,22,0.000361,0.00104,0.00071
1971,23,0.000412,0.001027,0.000729
1971,24,0.000403,0.00087,0.000644
1971,25,0.000409,0.000868,0.000647
1971,26,0.000386,0.000966,0.000687
1971,27,0.00039,0.000943,0.000678
1971,28,0.000481,0.000832,0.000664
1971,29,0.000575,0.000977,0.000786
1971,30,0.000553,0.001105,0.000843
1971,31,0.000592,0.00115,0.000884
1971,32,0.00062,0.0011,0.00087
1971,33,0.000758,0.001027,0.000899
1971,34,0.00089,0.00101,0.000953
1971,35,0.000822,0.001238,0.001038
1971,36,0.000781,0.001435,0.00112
1971,37,0.000906,0.001475,0.001199
1971,38,0.001152,0.001699,0.001432
1971,39,0.001324,0.001877,0.001605
1971,40,0.001336,0.00209,0.001719
1971,41,0.001416,0.002172,0.001798
1971,42,0.001628,0.002639,0.002135
1971,43,0.001801,0.00326,0.002529
1971,44,0.001763,0.003381,0.002566
1971,45,0.001904,0.003491,0.002687
1971,46,0.002495,0.003744,0.003107
1971,47,0.002845,0.004281,0.003547
1971,48,0.003023,0.004782,0.003884
1971,49,0.003402,0.005497,0.004426
1971,50,0.003689,0.006323,0.004974
1971,51,0.003975,0.006487,0.005202
1971,52,0.004598,0.008033,0.006273
1971,53,0.004369,0.00924,0.006736
1971,54,0.004868,0.010182,0.007446
1971,55,0.005388,0.010956,0.008087
1971,56,0.005556,0.011823,0.008584
1971,57,0.005878,0.012872,0.009236
1971,58,0.006559,0.014076,0.010148
1971,59,0.007162,0.016097,0.011405
1971,60,0.007892,0.017853,0.012596
1971,61,0.00902,0.019694,0.014045
1971,62,0.009753,0.022156,0.015549
1971,63,0.010604,0.02388,0.016768
1971,64,0.012127,0.026269,0.018648
1971,65,0.013401,0.029136,0.020586
1971,66,0.015152,0.031297,0.022508
1971,67,0.017012,0.034817,0.025088
1971,68,0.018902,0.038563,0.02774
1971,69,0.021984,0.040863,0.03039
1971,70,0.024036,0.043278,0.03249
1971,71,0.0276,0.047443,0.03627
1971,72,0.032054,0.053537,0.041403
1971,73,0.03547,0.060052,0.046042
1971,74,0.040264,0.065187,0.050935
1971,75,0.044459,0.071013,0.055849
1971,76,0.050522,0.076667,0.061611
1971,77,0.057913,0.081698,0.067957
1971,78,0.061906,0.087747,0.072856
1971,79,0.069604,0.097018,0.081249
1971,80,0.08106,0.106567,0.091797
1971,81,0.093876,0.11354,0.102194
1971,82,0.105347,0.12491,0.113699
1971,83,0.115927,0.136757,0.12485
1971,84,0.129171,0.149908,0.137976
1971,85,0.146621,0.169858,0.15638
1971,86,0.16089,0.18546,0.171172
1971,87,0.172432,0.191439,0.180341
1971,88,0.186613,0.203917,0.193812
1971,89,0.200968,0.222488,0.209847
1971,90,0.226457,0.252053,0.23697
1972,0,0.009481,0.012658,0.011106
1972,1,0.001327,0.00146,0.001395
1972,2,0.000716,0.00097,0.000846
1972,3,0.00051,0.000821,0.000669
1972,4,0.000441,0.000654,0.00055
1972,5,0.000351,0.000566,0.000461
1972,6,0.000324,0.000541,0.000435
1972,7,0.000297,0.000532,0.000418
1972,8,0.000245,0.000522,0.000387
1972,9,0.000255,0.00046,0.00036
1972,10,0.000244,0.000419,0.000333
1972,11,0.000281,0.000391,0.000337
1972,12,0.000325,0.000402,0.000365
1972,13,0.000288,0.000486,0.000389
1972,14,0.000297,0.000541,0.000422
1972,15,0.000372,0.000663,0.000521
1972,16,0.00043,0.001008,0.000725
1972,17,0.000388,0.001144,0.000775
1972,18,0.00046,0.001198,0.000837
1972,19,0.000463,0.001285,0.000882
1972,20,0.000426,0.00115,0.000795
1972,21,0.000504,0.001085,0.000801
1972,22,0.00046,0.001099,0.000787
1972,23,0.000387,0.001006,0.000705
1972,24,0.000369,0.000911,0.000649
1972,25,0.000414,0.000915,0.000673
1972,26,0.000483,0.000941,0.000721
1972,27,0.000452,0.000922,0.000696
1972,28,0.000458,0.000995,0.000737
1972,29,0.000486,0.001013,0.000761
1972,30,0.000538,0.00102,0.00079
1972,31,0.000527,0.000993,0.000772
1972,32,0.000579,0.001166,0.000886
1972,33,0.000724,0.001195,0.00097
1972,34,0.000795,0.001137,0.000974
1972,35,0.000869,0.001342,0.001115
1972,36,0.000914,0.001498,0.001217
1972,37,0.000965,0.001544,0.001264
1972,38,0.001119,0.001781,0.001459
1972,39,0.001329,0.001906,0.001624
1972,40,0.001375,0.001919,0.001651
1972,41,0.001437,0.002309,0.001879
1972,42,0.001754,0.002761,0.002262
1972,43,0.002024,0.00299,0.002507
1972,44,0.002114,0.00344,0.002774
1972,45,0.002333,0.004002,0.00316
1972,46,0.002533,0.004173,0.003341
1972,47,0.002622,0.004335,0.00346
1972,48,0.002877,0.004887,0.003858
1972,49,0.003003,0.00531,0.00413
1972,50,0.003451,0.006188,0.004786
1972,51,0.00406,0.007136,0.005558
1972,52,0.004123,0.007333,0.005688
1972,53,0.004454,0.009155,0.006742
1972,54,0.004409,0.009696,0.006972
1972,55,0.005059,0.010862,0.007866
1972,56,0.005888,0.012577,0.009119
1972,57,0.006422,0.013486,0.009822
1972,58,0.006706,0.014468,0.010418
1972,59,0.00692,0.01613,0.011299
1972,60,0.007821,0.018351,0.012794
1972,61,0.008558,0.019635,0.013762
1972,62,0.009577,0.021683,0.015243
1972,63,0.011228,0.024914,0.017579
1972,64,0.012118,0.027117,0.019028
1972,65,0.012983,0.029462,0.020517
1972,66,0.014445,0.032805,0.022751
1972,67,0.016654,0.035942,0.025357
1972,68,0.019372,0.038245,0.027842
1972,69,0.020758,0.041602,0.030028
1972,70,0.022989,0.046612,0.033384
1972,71,0.026363,0.051653,0.037337
1972,72,0.029844,0.055579,0.040938
1972,73,0.035202,0.060657,0.046131
1972,74,0.040365,0.065536,0.051031
1972,75,0.045752,0.070795,0.056325
1972,76,0.051659,0.079111,0.06325
1972,77,0.058242,0.087063,0.070283
1972,78,0.065333,0.092223,0.076511
1972,79,0.071798,0.097643,0.082588
1972,80,0.082411,0.10813,0.093137
1972,81,0.093175,0.116781,0.10298
1972,82,0.10521,0.125807,0.113818
1972,83,0.11768,0.141621,0.127784
1972,84,0.128481,0.155383,0.139836
1972,85,0.142007,0.165458,0.151846
1972,86,0.156958,0.184655,0.168407
1972,87,0.175147,0.20161,0.186066
1972,88,0.193288,0.221618,0.204926
1972,89,0.216401,0.246144,0.228601
1972,90,0.232616,0.262567,0.244786
1973,0,0.009495,0.011995,0.010772
1973,1,0.001108,0.001545,0.001331
1973,2,0.000729,0.000961,0.000847
1973,3,0.000588,0.000677,0.000633
1973,4,0.000403,0.000563,0.000485
1973,5,0.000313,0.000532,0.000425
1973,6,0.000277,0.000487,0.000384
1973,7,0.000294,0.000495,0.000397
1973,8,0.000326,0.000515,0.000423
1973,9,0.000269,0.000418,0.000346
1973,10,0.000238,0.000375,0.000308
1973,11,0.000239,0.000398,0.00032
1973,12,0.000234,0.000378,0.000307
1973,13,0.000298,0.00036,0.00033
1973,14,0.000369,0.00039,0.00038
1973,15,0.000416,0.000531,0.000475
1973,16,0.000443,0.000819,0.000636
1973,17,0.000514,0.001045,0.000785
1973,18,0.000491,0.001176,0.000841
1973,19,0.000439,0.001205,0.00083
1973,20,0.000443,0.001179,0.000818
1973,21,0.000443,0.001176,0.000817
1973,22,0.000484,0.001146,0.000822
1973,23,0.000459,0.00114,0.000808
1973,24,0.000404,0.001057,0.00074
1973,25,0.00039,0.000942,0.000674
1973,26,0.000434,0.00082,0.000633
1973,27,0.000521,0.000868,0.000701
1973,28,0.000559,0.000847,0.000708
1973,29,0.000626,0.001002,0.000821
1973,30,0.000709,0.001072,0.000898
1973,31,0.00083,0.000949,0.000893
1973,32,0.000775,0.001078,0.000934
1973,33,0.000645,0.001286,0.000979
1973,34,0.000655,0.001267,0.000974
1973,35,0.000718,0.00124,0.00099
1973,36,0.00092,0.001298,0.001117
1973,37,0.001126,0.001429,0.001283
1973,38,0.001151,0.001618,0.001392
1973,39,0.001266,0.001909,0.001596
1973,40,0.001415,0.002014,0.001721
1973,41,0.001498,0.00214,0.001823
1973,42,0.001714,0.002399,0.002061
1973,43,0.001911,0.002609,0.002263
1973,44,0.002059,0.003026,0.002542
1973,45,0.002442,0.003548,0.002992
1973,46,0.002598,0.004136,0.003359
1973,47,0.00281,0.004551,0.003666
1973,48,0.003089,0.004955,0.004001
1973,49,0.003241,0.005194,0.004193
1973,50,0.003232,0.005521,0.00435
1973,51,0.003584,0.006691,0.005097
1973,52,0.004284,0.007805,0.005995
1973,53,0.004366,0.008092,0.006179
1973,54,0.005028,0.009919,0.007402
1973,55,0.005279,0.010992,0.008041
1973,56,0.005752,0.011986,0.008757
1973,57,0.005856,0.01236,0.008986
1973,58,0.006313,0.012961,0.009502
1973,59,0.007314,0.015144,0.011043
1973,60,0.007821,0.01724,0.012276
1973,61,0.008058,0.01923,0.013305
1973,62,0.00902,0.021495,0.014842
1973,63,0.01024,0.023337,0.016326
1973,64,0.011398,0.025684,0.017975
1973,65,0.013114,0.028765,0.020266
1973,66,0.014683,0.031323,0.022221
1973,67,0.016291,0.033574,0.024032
1973,68,0.017759,0.0382,0.026885
1973,69,0.020205,0.041325,0.029575
1973,70,0.022913,0.044195,0.032266
1973,71,0.025161,0.049249,0.035619
1973,72,0.028754,0.05276,0.039021
1973,73,0.032648,0.056573,0.042821
1973,74,0.037059,0.063542,0.048263
1973,75,0.041859,0.070452,0.05379
1973,76,0.046644,0.076028,0.058854
1973,77,0.052536,0.082689,0.065052
1973,78,0.059609,0.087827,0.071199
1973,79,0.067709,0.09561,0.079129
1973,80,0.075732,0.103949,0.087322
1973,81,0.086308,0.113195,0.097354
1973,82,0.098523,0.125418,0.10953
1973,83,0.109752,0.137781,0.121312
1973,84,0.118376,0.148708,0.130958
1973,85,0.131226,0.161097,0.143642
1973,86,0.148925,0.175844,0.160043
1973,87,0.166043,0.197189,0.178713
1973,88,0.184863,0.216339,0.197614
1973,89,0.206231,0.228649,0.215301
1973,90,0.22804,0.249314,0.236633
1974,0,0.009552,0.012128,0.010871
1974,1,0.001185,0.001617,0.001406
1974,2,0.000527,0.000945,0.00074
1974,3,0.000453,0.000705,0.000582
1974,4,0.000396,0.000615,0.000508
1974,5,0.000347,0.000537,0.000444
1974,6,0.000325,0.000518,0.000424
1974,7,0.00035,0.000412,0.000381
1974,8,0.000327,0.000364,0.000346
1974,9,0.000212,0.000356,0.000286
1974,10,0.000202,0.000322,0.000264
1974,11,0.000225,0.00031,0.000269
1974,12,0.000205,0.000353,0.000281
1974,13,0.000233,0.000365,0.0003
1974,14,0.000272,0.000442,0.000359
1974,15,0.00027,0.000733,0.000507
1974,16,0.000317,0.000959,0.000646
1974,17,0.000379,0.001132,0.000764
1974,18,0.000404,0.001325,0.000874
1974,19,0.000456,0.001247,0.000859
1974,20,0.000396,0.00111,0.00076
1974,21,0.000333,0.001132,0.00074
1974,22,0.000365,0.001024,0.000701
1974,23,0.000378,0.000859,0.000624
1974,24,0.000381,0.000863,0.000628
1974,25,0.000382,0.000889,0.000643
1974,26,0.000427,0.000878,0.00066
1974,27,0.00041,0.000798,0.00061
1974,28,0.000445,0.000781,0.000619
1974,29,0.000441,0.000671,0.00056
1974,30,0.000468,0.000696,0.000586
1974,31,0.000548,0.000795,0.000677
1974,32,0.000665,0.000955,0.000816
1974,33,0.000756,0.001029,0.000899
1974,34,0.00079,0.001036,0.000918
1974,35,0.000804,0.001338,0.001082
1974,36,0.000832,0.001343,0.001098
1974,37,0.000926,0.001326,0.001134
1974,38,0.001052,0.001632,0.001353
1974,39,0.001184,0.001616,0.001406
1974,40,0.001266,0.001826,0.001552
1974,41,0.001428,0.002186,0.001814
1974,42,0.001641,0.002464,0.002058
1974,43,0.001779,0.002627,0.002207
1974,44,0.001775,0.003079,0.002431
1974,45,0.001974,0.003641,0.002805
1974,46,0.002579,0.003791,0.003181
1974,47,0.002642,0.00407,0.003347
1974,48,0.002815,0.004884,0.003831
1974,49,0.00332,0.005513,0.00439
1974,50,0.003433,0.00598,0.004673
1974,51,0.003677,0.006226,0.004919
1974,52,0.003919,0.007096,0.005463
1974,53,0.00412,0.008132,0.006066
1974,54,0.004241,0.008432,0.006276
1974,55,0.004905,0.010549,0.007638
1974,56,0.005176,0.01165,0.008295
1974,57,0.005819,0.013559,0.009538
1974,58,0.006218,0.014363,0.010123
1974,59,0.006851,0.015159,0.010821
1974,60,0.007676,0.017083,0.012135
1974,61,0.008042,0.018764,0.013087
1974,62,0.008951,0.020558,0.014366
1974,63,0.009884,0.02215,0.015571
1974,64,0.010627,0.025366,0.017424
1974,65,0.012594,0.028483,0.019849
1974,66,0.014477,0.031419,0.022152
1974,67,0.016445,0.034925,0.024734
1974,68,0.018277,0.037029,0.026593
1974,69,0.019526,0.039799,0.028469
1974,70,0.022,0.042928,0.031181
1974,71,0.024479,0.047259,0.034364
1974,72,0.027845,0.052717,0.038493
1974,73,0.032073,0.056349,0.042313
1974,74,0.036173,0.060467,0.046358
1974,75,0.040057,0.066211,0.050953
1974,76,0.044422,0.073862,0.056502
1974,77,0.050711,0.081796,0.063394
1974,78,0.057441,0.088802,0.070232
1974,79,0.065065,0.094256,0.076849
1974,80,0.073674,0.099558,0.084101
1974,81,0.081491,0.108555,0.092429
1974,82,0.091647,0.117195,0.101977
1974,83,0.105225,0.126992,0.114002
1974,84,0.118199,0.139004,0.126656
1974,85,0.129322,0.156845,0.140555
1974,86,0.139609,0.174846,0.153987
1974,87,0.151333,0.190541,0.167228
1974,88,0.173483,0.2153,0.190099
1974,89,0.199692,0.227246,0.210656
1974,90,0.220472,0.234773,0.226198
1975,0,0.008656,0.011396,0.010059
1975,1,0.00113,0.001433,0.001285
1975,2,0.000604,0.00089,0.00075
1975,3,0.000491,0.000695,0.000596
1975,4,0.000395,0.00053,0.000464
1975,5,0.000356,0.000444,0.000401
1975,6,0.000303,0.000398,0.000352
1975,7,0.000277,0.000347,0.000313
1975,8,0.000262,0.000361,0.000313
1975,9,0.000241,0.000346,0.000295
1975,10,0.000232,0.000339,0.000287
1975,11,0.000255,0.000348,0.000303
1975,12,0.000236,0.000377,0.000308
1975,13,0.000196,0.000388,0.000294
1975,14,0.000219,0.000392,0.000307
1975,15,0.000279,0.000514,0.000399
1975,16,0.000333,0.000722,0.000532
1975,17,0.000351,0.000863,0.000613
1975,18,0.000345,0.000935,0.000647
1975,19,0.000379,0.001083,0.000738
1975,20,0.000381,0.001144,0.000769
1975,21,0.000317,0.000986,0.000658
1975,22,0.000314,0.000827,0.000576
1975,23,0.000336,0.000858,0.000603
1975,24,0.000334,0.000841,0.000594
1975,25,0.000371,0.000839,0.000611
1975,26,0.000424,0.000817,0.000627
1975,27,0.000448,0.000779,0.000619
1975,28,0.000433,0.000777,0.000611
1975,29,0.000454,0.000889,0.00068
1975,30,0.00046,0.000973,0.000726
1975,31,0.00062,0.000903,0.000767
1975,32,0.000826,0.000892,0.000861
1975,33,0.000774,0.001086,0.000937
1975,34,0.000615,0.001081,0.000859
1975,35,0.000686,0.001076,0.000889
1975,36,0.000814,0.001184,0.001006
1975,37,0.000951,0.00132,0.001143
1975,38,0.00112,0.001497,0.001316
1975,39,0.001183,0.001672,0.001435
1975,40,0.001286,0.001813,0.001557
1975,41,0.001477,0.001876,0.001681
1975,42,0.001648,0.002154,0.001905
1975,43,0.001803,0.002626,0.00222
1975,44,0.001858,0.003007,0.002438
1975,45,0.002044,0.003517,0.002784
1975,46,0.002335,0.004254,0.003291
1975,47,0.002467,0.004582,0.003516
1975,48,0.002707,0.004715,0.003698
1975,49,0.003135,0.005325,0.004209
1975,50,0.003165,0.006123,0.004607
1975,51,0.003542,0.00715,0.005295
1975,52,0.003968,0.007533,0.005704
1975,53,0.004272,0.008077,0.006117
1975,54,0.004491,0.009365,0.006849
1975,55,0.004555,0.010072,0.007226
1975,56,0.005475,0.012252,0.008744
1975,57,0.005578,0.012742,0.009018
1975,58,0.006187,0.01416,0.01
1975,59,0.006788,0.015863,0.01112
1975,60,0.007431,0.017275,0.012108
1975,61,0.008313,0.019334,0.01351
1975,62,0.00912,0.021315,0.014819
1975,63,0.010522,0.023601,0.016584
1975,64,0.011409,0.025988,0.018114
1975,65,0.011676,0.028684,0.019446
1975,66,0.01348,0.031848,0.021786
1975,67,0.016077,0.035486,0.024778
1975,68,0.017581,0.03959,0.027349
1975,69,0.019253,0.042471,0.029419
1975,70,0.021698,0.045661,0.032142
1975,71,0.024525,0.051007,0.035989
1975,72,0.027729,0.054507,0.039174
1975,73,0.03166,0.058086,0.042805
1975,74,0.036008,0.062431,0.046973
1975,75,0.040852,0.069054,0.052514
1975,76,0.046058,0.076761,0.058617
1975,77,0.051028,0.082524,0.063707
1975,78,0.057511,0.090551,0.070726
1975,79,0.06561,0.101344,0.07988
1975,80,0.073383,0.109797,0.087799
1975,81,0.084395,0.118706,0.097966
1975,82,0.092526,0.124755,0.105317
1975,83,0.10226,0.135049,0.115301
1975,84,0.118307,0.153964,0.132444
1975,85,0.134751,0.16981,0.148766
1975,86,0.145338,0.180972,0.159592
1975,87,0.160517,0.197079,0.175122
1975,88,0.181461,0.217751,0.195828
1975,89,0.203185,0.23361,0.215013
1975,90,0.220369,0.251127,0.232448
1976,0,0.009404,0.011478,0.010467
1976,1,0.001088,0.001347,0.00122
1976,2,0.00057,0.000715,0.000644
1976,3,0.000407,0.000571,0.000491
1976,4,0.000346,0.000503,0.000426
1976,5,0.00034,0.000382,0.000362
1976,6,0.0003,0.000382,0.000342
1976,7,0.000297,0.000469,0.000385
1976,8,0.000297,0.000396,0.000348
1976,9,0.000265,0.000298,0.000282
1976,10,0.000227,0.000285,0.000257
1976,11,0.000173,0.000341,0.000259
1976,12,0.000205,0.000355,0.000282
1976,13,0.000277,0.000336,0.000307
1976,14,0.000303,0.000355,0.000329
1976,15,0.000302,0.000471,0.000388
1976,16,0.000334,0.000712,0.000527
1976,17,0.000374,0.000861,0.000623
1976,18,0.000427,0.001055,0.000748
1976,19,0.0004,0.001019,0.000716
1976,20,0.000358,0.000958,0.000663
1976,21,0.000356,0.001022,0.000695
1976,22,0.000383,0.000989,0.000692
1976,23,0.000424,0.001012,0.000725
1976,24,0.000442,0.000915,0.000685
1976,25,0.000406,0.000834,0.000626
1976,26,0.000424,0.000782,0.000608
1976,27,0.000433,0.000755,0.000599
1976,28,0.000435,0.000859,0.000654
1976,29,0.000503,0.00085,0.000683
1976,30,0.000584,0.000918,0.000758
1976,31,0.000501,0.000919,0.000718
1976,32,0.000572,0.000984,0.000786
1976,33,0.000758,0.001089,0.000931
1976,34,0.000857,0.001101,0.000985
1976,35,0.000837,0.001204,0.001029
1976,36,0.000775,0.001408,0.001104
1976,37,0.000868,0.001449,0.001169
1976,38,0.000923,0.001428,0.001185
1976,39,0.000961,0.00153,0.001255
1976,40,0.001067,0.001837,0.001464
1976,41,0.001204,0.002089,0.001659
1976,42,0.00142,0.002292,0.001866
1976,43,0.001662,0.002623,0.00215
1976,44,0.001846,0.003115,0.002487
1976,45,0.001957,0.003588,0.00278
1976,46,0.002307,0.003947,0.00313
1976,47,0.002584,0.004427,0.003501
1976,48,0.002787,0.004979,0.003873
1976,49,0.003144,0.005418,0.004266
1976,50,0.003383,0.005758,0.004547
1976,51,0.003515,0.00643,0.004933
1976,52,0.003769,0.007487,0.005573
1976,53,0.003941,0.008273,0.006045
1976,54,0.004327,0.009215,0.006692
1976,55,0.004853,0.010177,0.007421
1976,56,0.005064,0.010389,0.007633
1976,57,0.005836,0.012918,0.009242
1976,58,0.005989,0.013834,0.00974
1976,59,0.006604,0.014896,0.010552
1976,60,0.007074,0.017595,0.012067
1976,61,0.007796,0.019617,0.013379
1976,62,0.008823,0.021806,0.014903
1976,63,0.009598,0.023906,0.016236
1976,64,0.01094,0.025643,0.017701
1976,65,0.012244,0.028686,0.019739
1976,66,0.013557,0.032134,0.021956
1976,67,0.015319,0.03573,0.024452
1976,68,0.017228,0.038405,0.026614
1976,69,0.019372,0.042068,0.029312
1976,70,0.021212,0.046254,0.032029
1976,71,0.024079,0.050095,0.035256
1976,72,0.027307,0.054732,0.038995
1976,73,0.030314,0.058558,0.042194
1976,74,0.034827,0.064573,0.047154
1976,75,0.039374,0.071019,0.052304
1976,76,0.043029,0.077574,0.057034
1976,77,0.049886,0.083999,0.063553
1976,78,0.05785,0.089277,0.070253
1976,79,0.064471,0.097589,0.077431
1976,80,0.072263,0.107493,0.086038
1976,81,0.078216,0.117529,0.093433
1976,82,0.086703,0.126569,0.102116
1976,83,0.101945,0.139596,0.116575
1976,84,0.115716,0.152356,0.129979
1976,85,0.126319,0.163522,0.140747
1976,86,0.141611,0.177473,0.15564
1976,87,0.156941,0.189479,0.169685
1976,88,0.179519,0.213334,0.19275
1976,89,0.19764,0.235543,0.212313
1976,90,0.21191,0.239406,0.222411
1977,0,0.007665,0.010538,0.00914
1977,1,0.001057,0.001166,0.001113
1977,2,0.000503,0.000666,0.000586
1977,3,0.000427,0.000572,0.000501
1977,4,0.000331,0.000474,0.000404
1977,5,0.000271,0.000448,0.000362
1977,6,0.0003,0.000414,0.000359
1977,7,0.000291,0.000405,0.00035
1977,8,0.000259,0.000424,0.000344
1977,9,0.000241,0.000354,0.000299
1977,10,0.000188,0.000261,0.000225
1977,11,0.000206,0.000264,0.000236
1977,12,0.000247,0.000309,0.000279
1977,13,0.000233,0.00035,0.000293
1977,14,0.000231,0.000398,0.000317
1977,15,0.000294,0.000553,0.000426
1977,16,0.00031,0.000775,0.000548
1977,17,0.000324,0.000927,0.000632
1977,18,0.000342,0.001135,0.000747
1977,19,0.000286,0.001253,0.000779
1977,20,0.000346,0.001152,0.000757
1977,21,0.000418,0.001097,0.000763
1977,22,0.000373,0.001016,0.0007
1977,23,0.000355,0.000921,0.000644
1977,24,0.000432,0.00083,0.000636
1977,25,0.000464,0.000891,0.000683
1977,26,0.000392,0.000928,0.000667
1977,27,0.000387,0.000878,0.00064
1977,28,0.000458,0.000862,0.000667
1977,29,0.000472,0.000777,0.00063
1977,30,0.000542,0.000781,0.000666
1977,31,0.000697,0.000919,0.000812
1977,32,0.000629,0.000911,0.000775
1977,33,0.000708,0.00097,0.000844
1977,34,0.000872,0.001066,0.000973
1977,35,0.000923,0.001148,0.001041
1977,36,0.000897,0.001203,0.001056
1977,37,0.000865,0.001277,0.001079
1977,38,0.000936,0.001459,0.001207
1977,39,0.001215,0.001746,0.00149
1977,40,0.001372,0.002055,0.001725
1977,41,0.001312,0.002237,0.001788
1977,42,0.001324,0.002343,0.001846
1977,43,0.001535,0.002756,0.002158
1977,44,0.001835,0.002992,0.002422
1977,45,0.002076,0.003279,0.002683
1977,46,0.002449,0.003712,0.003085
1977,47,0.00268,0.004112,0.003398
1977,48,0.002677,0.00472,0.003692
1977,49,0.002908,0.005143,0.004014
1977,50,0.003275,0.00545,0.004346
1977,51,0.003705,0.006121,0.004888
1977,52,0.003892,0.006954,0.00538
1977,53,0.003914,0.00789,0.005839
1977,54,0.004141,0.00861,0.006307
1977,55,0.004638,0.009345,0.006909
1977,56,0.005418,0.010647,0.007933
1977,57,0.00551,0.01186,0.008564
1977,58,0.006173,0.014503,0.010162
1977,59,0.006727,0.015152,0.010738
1977,60,0.007642,0.017049,0.012099
1977,61,0.00811,0.018816,0.013161
1977,62,0.008496,0.019647,0.013731
1977,63,0.009478,0.02144,0.015042
1977,64,0.010833,0.024336,0.017051
1977,65,0.012192,0.027407,0.019132
1977,66,0.012891,0.030036,0.020634
1977,67,0.014268,0.033565,0.022902
1977,68,0.016389,0.037825,0.025871
1977,69,0.01837,0.040572,0.028087
1977,70,0.020535,0.043574,0.030491
1977,71,0.022336,0.047441,0.033026
1977,72,0.025353,0.052368,0.036784
1977,73,0.028748,0.058544,0.04124
1977,74,0.032172,0.062326,0.044634
1977,75,0.036977,0.067136,0.049258
1977,76,0.041981,0.073089,0.054455
1977,77,0.046681,0.078006,0.059127
1977,78,0.052415,0.085509,0.065419
1977,79,0.058974,0.093324,0.072261
1977,80,0.065086,0.100669,0.078727
1977,81,0.074391,0.107094,0.086902
1977,82,0.082286,0.116466,0.095228
1977,83,0.089032,0.127631,0.103594
1977,84,0.101799,0.135241,0.114504
1977,85,0.116402,0.150306,0.129328
1977,86,0.128655,0.166242,0.142892
1977,87,0.142727,0.178822,0.15655
1977,88,0.158426,0.190699,0.170805
1977,89,0.17748,0.200079,0.186162
1977,90,0.191633,0.222273,0.203271
1978,0,0.007805,0.010638,0.009256
1978,1,0.001215,0.001428,0.001324
1978,2,0.000646,0.000714,0.000681
1978,3,0.0004,0.000573,0.000489
1978,4,0.00036,0.000514,0.000439
1978,5,0.000325,0.000491,0.00041
1978,6,0.000261,0.000438,0.000352
1978,7,0.000234,0.00043,0.000335
1978,8,0.000203,0.000404,0.000306
1978,9,0.000192,0.000256,0.000225
1978,10,0.000219,0.00025,0.000235
1978,11,0.000205,0.000305,0.000256
1978,12,0.00023,0.000356,0.000294
1978,13,0.000238,0.000429,0.000336
1978,14,0.000269,0.000431,0.000352
1978,15,0.000341,0.000499,0.000422
1978,16,0.00038,0.000785,0.000587
1978,17,0.00038,0.000949,0.000671
1978,18,0.000365,0.000993,0.000685
1978,19,0.000408,0.001043,0.000731
1978,20,0.000453,0.001008,0.000736
1978,21,0.00048,0.000986,0.000738
1978,22,0.00043,0.000936,0.000687
1978,23,0.000327,0.000983,0.000661
1978,24,0.000358,0.000931,0.000651
1978,25,0.000453,0.000764,0.000612
1978,26,0.000395,0.000757,0.000581
1978,27,0.000419,0.000772,0.0006
1978,28,0.000517,0.00081,0.000668
1978,29,0.000519,0.000727,0.000626
1978,30,0.000597,0.000754,0.000678
1978,31,0.000601,0.000811,0.00071
1978,32,0.000589,0.000881,0.00074
1978,33,0.000649,0.001007,0.000834
1978,34,0.000787,0.001123,0.000961
1978,35,0.000718,0.001188,0.000963
1978,36,0.000746,0.001228,0.000998
1978,37,0.00083,0.001265,0.001057
1978,38,0.000924,0.001572,0.00126
1978,39,0.001121,0.001781,0.001462
1978,40,0.001221,0.001781,0.00151
1978,41,0.001254,0.00202,0.001649
1978,42,0.001491,0.002324,0.001919
1978,43,0.001735,0.002477,0.002115
1978,44,0.001883,0.002841,0.002371
1978,45,0.002148,0.003503,0.002835
1978,46,0.002239,0.004075,0.003165
1978,47,0.002531,0.004203,0.003372
1978,48,0.003153,0.004362,0.003758
1978,49,0.003249,0.004859,0.004048
1978,50,0.003064,0.005543,0.004288
1978,51,0.003259,0.006211,0.00471
1978,52,0.003812,0.007056,0.005397
1978,53,0.004207,0.00771,0.005905
1978,54,0.004433,0.008676,0.006483
1978,55,0.004515,0.009851,0.007095
1978,56,0.004787,0.010736,0.007649
1978,57,0.005387,0.012214,0.008661
1978,58,0.005617,0.012763,0.009041
1978,59,0.006672,0.014976,0.010633
1978,60,0.006958,0.016405,0.011435
1978,61,0.007454,0.018632,0.012722
1978,62,0.008539,0.020384,0.014093
1978,63,0.009865,0.02242,0.015722
1978,64,0.010407,0.024876,0.017088
1978,65,0.010816,0.027347,0.018366
1978,66,0.012147,0.030566,0.02047
1978,67,0.014262,0.033502,0.022861
1978,68,0.016251,0.037533,0.025667
1978,69,0.017925,0.041287,0.028127
1978,70,0.01999,0.045482,0.030999
1978,71,0.022666,0.049747,0.034197
1978,72,0.025507,0.053733,0.037343
1978,73,0.029134,0.058921,0.041528
1978,74,0.032804,0.063405,0.045405
1978,75,0.035626,0.068856,0.04911
1978,76,0.040983,0.076087,0.054999
1978,77,0.046456,0.082943,0.060799
1978,78,0.05193,0.088102,0.065999
1978,79,0.060976,0.095592,0.074303
1978,80,0.068724,0.104884,0.082404
1978,81,0.075127,0.113647,0.089562
1978,82,0.082759,0.123091,0.097856
1978,83,0.092244,0.132971,0.107288
1978,84,0.105956,0.142778,0.119517
1978,85,0.119999,0.15303,0.132304
1978,86,0.133536,0.169058,0.146777
1978,87,0.148106,0.189892,0.163572
1978,88,0.164208,0.206865,0.180126
1978,89,0.179223,0.213541,0.192142
1978,90,0.196289,0.232677,0.210029
1979,0,0.007177,0.009669,0.008452
1979,1,0.001002,0.001235,0.001121
1979,2,0.000481,0.000725,0.000606
1979,3,0.000342,0.000529,0.000438
1979,4,0.000348,0.000401,0.000375
1979,5,0.000305,0.000378,0.000343
1979,6,0.000225,0.000329,0.000279
1979,7,0.000187,0.000284,0.000237
1979,8,0.000212,0.000309,0.000262
1979,9,0.000273,0.000336,0.000305
1979,10,0.00025,0.000295,0.000273
1979,11,0.000193,0.000303,0.000249
1979,12,0.000174,0.00032,0.000249
1979,13,0.000205,0.000287,0.000247
1979,14,0.000241,0.000327,0.000285
1979,15,0.000268,0.000456,0.000364
1979,16,0.00034,0.000689,0.000519
1979,17,0.000321,0.000821,0.000576
1979,18,0.000295,0.00092,0.000614
1979,19,0.00035,0.001072,0.000718
1979,20,0.000363,0.000948,0.000662
1979,21,0.000373,0.000917,0.00065
1979,22,0.000342,0.000868,0.00061
1979,23,0.000301,0.000771,0.00054
1979,24,0.000308,0.000816,0.000567
1979,25,0.000392,0.000884,0.000643
1979,26,0.000483,0.000817,0.000654
1979,27,0.000489,0.000747,0.000621
1979,28,0.00044,0.0008,0.000625
1979,29,0.000418,0.000839,0.000634
1979,30,0.000458,0.00089,0.000681
1979,31,0.00053,0.000843,0.000692
1979,32,0.000558,0.000867,0.000717
1979,33,0.000673,0.000968,0.000826
1979,34,0.000751,0.000936,0.000847
1979,35,0.000792,0.001066,0.000934
1979,36,0.000785,0.0012,0.001001
1979,37,0.000842,0.001352,0.001108
1979,38,0.000877,0.0014,0.001149
1979,39,0.000959,0.001474,0.001226
1979,40,0.001119,0.001612,0.001373
1979,41,0.001366,0.00188,0.001632
1979,42,0.001528,0.002141,0.001843
1979,43,0.001676,0.002349,0.002021
1979,44,0.001854,0.002787,0.002331
1979,45,0.001904,0.003243,0.002585
1979,46,0.002054,0.003594,0.002834
1979,47,0.002353,0.004035,0.0032
1979,48,0.002782,0.004556,0.003673
1979,49,0.002904,0.005009,0.003956
1979,50,0.003136,0.005393,0.004254
1979,51,0.00351,0.006032,0.004753
1979,52,0.003724,0.006634,0.005152
1979,53,0.003988,0.007542,0.005722
1979,54,0.004478,0.008643,0.006493
1979,55,0.004732,0.009251,0.006911
1979,56,0.004966,0.009994,0.00739
1979,57,0.00583,0.011713,0.008651
1979,58,0.00643,0.01313,0.009632
1979,59,0.006372,0.013254,0.009657
1979,60,0.007448,0.016699,0.011842
1979,61,0.007831,0.017896,0.012576
1979,62,0.008488,0.019697,0.013739
1979,63,0.009569,0.022153,0.01543
1979,64,0.010581,0.024132,0.016857
1979,65,0.011479,0.026791,0.018491
1979,66,0.012762,0.029322,0.020255
1979,67,0.013983,0.032468,0.022249
1979,68,0.015195,0.034719,0.023825
1979,69,0.017228,0.038301,0.026441
1979,70,0.019988,0.043639,0.03018
1979,71,0.022176,0.049142,0.033649
1979,72,0.024259,0.054757,0.037034
1979,73,0.027497,0.058384,0.040222
1979,74,0.030713,0.062686,0.043782
1979,75,0.034729,0.067817,0.048096
1979,76,0.039391,0.0729,0.05272
1979,77,0.044623,0.080155,0.05851
1979,78,0.05,0.087127,0.064269
1979,79,0.055348,0.092951,0.069647
1979,80,0.062605,0.102951,0.077788
1979,81,0.071424,0.111962,0.086381
1979,82,0.081037,0.119532,0.09512
1979,83,0.090935,0.128446,0.104625
1979,84,0.099728,0.136654,0.113048
1979,85,0.112012,0.15043,0.125826
1979,86,0.12428,0.159314,0.137054
1979,87,0.13895,0.172446,0.151151
1979,88,0.157009,0.187351,0.167977
1979,89,0.168813,0.206147,0.182427
1979,90,0.188605,0.233791,0.205212
1980,0,0.007589,0.009964,0.008805
1980,1,0.000713,0.000938,0.000828
1980,2,0.00057,0.0005,0.000534
1980,3,0.000432,0.000443,0.000438
1980,4,0.000276,0.000306,0.000292
1980,5,0.00022,0.000409,0.000317
1980,6,0.000191,0.000305,0.00025
1980,7,0.000224,0.00045,0.000339
1980,8,0.000318,0.000313,0.000315
1980,9,0.000163,0.000304,0.000235
1980,10,0.000157,0.000315,0.000237
1980,11,0.000166,0.000246,0.000207
1980,12,0.00017,0.000228,0.0002
1980,13,0.000195,0.000275,0.000236
1980,14,0.000199,0.000246,0.000223
1980,15,0.000236,0.000356,0.000297
1980,16,0.000251,0.000653,0.000457
1980,17,0.000375,0.000708,0.000545
1980,18,0.000368,0.000925,0.000652
1980,19,0.000338,0.000964,0.000657
1980,20,0.000459,0.000971,0.00072
1980,21,0.000398,0.00107,0.00074
1980,22,0.000383,0.000985,0.00069
1980,23,0.000371,0.000912,0.000647
1980,24,0.000373,0.000871,0.000626
1980,25,0.000438,0.000997,0.000723
1980,26,0.000337,0.000731,0.000538
1980,27,0.000318,0.000911,0.000621
1980,28,0.000367,0.000876,0.000628
1980,29,0.000516,0.000893,0.00071
1980,30,0.000574,0.000938,0.000761
1980,31,0.000496,0.000995,0.000753
1980,32,0.000558,0.000773,0.000669
1980,33,0.000486,0.000955,0.000728
1980,34,0.000485,0.000868,0.000684
1980,35,0.000744,0.001102,0.000929
1980,36,0.000879,0.001266,0.00108
1980,37,0.000909,0.001311,0.001118
1980,38,0.001076,0.001403,0.001247
1980,39,0.001031,0.001408,0.001227
1980,40,0.000963,0.001567,0.001275
1980,41,0.001247,0.001799,0.001532
1980,42,0.001332,0.00223,0.001795
1980,43,0.001671,0.002663,0.002181
1980,44,0.001628,0.00253,0.002091
1980,45,0.001775,0.003151,0.002477
1980,46,0.001969,0.003463,0.002728
1980,47,0.002295,0.004141,0.003228
1980,48,0.002474,0.004481,0.003483
1980,49,0.002936,0.005011,0.003976
1980,50,0.00285,0.005311,0.004078
1980,51,0.003591,0.006616,0.005087
1980,52,0.00343,0.007011,0.005192
1980,53,0.003579,0.007496,0.005498
1980,54,0.004021,0.008411,0.006157
1980,55,0.00457,0.009311,0.006858
1980,56,0.004872,0.01061,0.007631
1980,57,0.005463,0.010827,0.008041
1980,58,0.004986,0.012395,0.008527
1980,59,0.006494,0.014216,0.01017
1980,60,0.007073,0.016142,0.011383
1980,61,0.007843,0.016995,0.012166
1980,62,0.008501,0.019361,0.013592
1980,63,0.009642,0.022139,0.015457
1980,64,0.009769,0.024535,0.016599
1980,65,0.010163,0.02693,0.017865
1980,66,0.012479,0.029141,0.020042
1980,67,0.014049,0.032512,0.022322
1980,68,0.015081,0.035659,0.024181
1980,69,0.01625,0.038295,0.025882
1980,70,0.019519,0.044079,0.030119
1980,71,0.021232,0.046143,0.031814
1980,72,0.025154,0.052235,0.036493
1980,73,0.026722,0.057761,0.039494
1980,74,0.029438,0.065013,0.043819
1980,75,0.033177,0.068023,0.047136
1980,76,0.039279,0.075888,0.053769
1980,77,0.045844,0.079663,0.059005
1980,78,0.050427,0.086937,0.064389
1980,79,0.054268,0.093929,0.069148
1980,80,0.064315,0.10193,0.078287
1980,81,0.069779,0.112591,0.085496
1980,82,0.078887,0.117846,0.092894
1980,83,0.087691,0.130305,0.102889
1980,84,0.101393,0.14191,0.11581
1980,85,0.110435,0.151604,0.124905
1980,86,0.123092,0.166921,0.13844
1980,87,0.136047,0.177672,0.150842
1980,88,0.153015,0.197857,0.168936
1980,89,0.170754,0.217133,0.187118
1980,90,0.16989,0.232232,0.191912
1981,0,0.007117,0.009248,0.008206
1981,1,0.000877,0.00087,0.000873
1981,2,0.000489,0.0006,0.000546
1981,3,0.000452,0.000465,0.000458
1981,4,0.000267,0.000486,0.000379
1981,5,0.000183,0.000436,0.000313
1981,6,0.000175,0.000355,0.000267
1981,7,0.000244,0.000233,0.000238
1981,8,0.000165,0.00028,0.000224
1981,9,0.000226,0.000173,0.000199
1981,10,0.000111,0.000221,0.000167
1981,11,0.000189,0.000298,0.000245
1981,12,0.000173,0.000268,0.000222
1981,13,0.000246,0.000341,0.000295
1981,14,0.000211,0.000306,0.000259
1981,15,0.000215,0.000331,0.000275
1981,16,0.0003,0.000608,0.000458
1981,17,0.00033,0.000696,0.000517
1981,18,0.000283,0.000789,0.000542
1981,19,0.0003,0.000873,0.000593
1981,20,0.000278,0.000802,0.000545
1981,21,0.00039,0.001047,0.000725
1981,22,0.000281,0.000883,0.000587
1981,23,0.00028,0.000834,0.000562
1981,24,0.000404,0.000751,0.000581
1981,25,0.000389,0.000817,0.000607
1981,26,0.000262,0.000893,0.000583
1981,27,0.000363,0.000789,0.000581
1981,28,0.000556,0.000766,0.000663
1981,29,0.000518,0.000859,0.000693
1981,30,0.000498,0.000807,0.000657
1981,31,0.000502,0.001015,0.000766
1981,32,0.000557,0.000824,0.000695
1981,33,0.00055,0.000985,0.000774
1981,34,0.000604,0.000853,0.000733
1981,35,0.000634,0.001139,0.000895
1981,36,0.000784,0.001294,0.001048
1981,37,0.000879,0.00116,0.001025
1981,38,0.000772,0.001418,0.001107
1981,39,0.001039,0.001562,0.001311
1981,40,0.001161,0.001633,0.001406
1981,41,0.001059,0.001953,0.00152
1981,42,0.001517,0.001769,0.001647
1981,43,0.00151,0.002308,0.001921
1981,44,0.001566,0.002374,0.001981
1981,45,0.001642,0.002904,0.002288
1981,46,0.001913,0.003016,0.002475
1981,47,0.002279,0.003961,0.003132
1981,48,0.002644,0.004148,0.003403
1981,49,0.002845,0.004398,0.003625
1981,50,0.002734,0.005959,0.004349
1981,51,0.003624,0.006184,0.004899
1981,52,0.003908,0.006344,0.005111
1981,53,0.004106,0.006878,0.005467
1981,54,0.004139,0.008224,0.006136
1981,55,0.004077,0.008819,0.006379
1981,56,0.004967,0.009622,0.007207
1981,57,0.005581,0.011702,0.008515
1981,58,0.005398,0.013341,0.009201
1981,59,0.006354,0.013429,0.009721
1981,60,0.006453,0.015355,0.010672
1981,61,0.007471,0.017271,0.012104
1981,62,0.008395,0.018644,0.01321
1981,63,0.009525,0.022485,0.015559
1981,64,0.009522,0.023474,0.015967
1981,65,0.011277,0.024582,0.01738
1981,66,0.012141,0.02949,0.020039
1981,67,0.014014,0.032217,0.022195
1981,68,0.016264,0.034904,0.024527
1981,69,0.016059,0.038957,0.026061
1981,70,0.018234,0.042606,0.028744
1981,71,0.020068,0.048423,0.032126
1981,72,0.023786,0.052289,0.035704
1981,73,0.026768,0.055741,0.038697
1981,74,0.029544,0.061617,0.042496
1981,75,0.034492,0.067741,0.047655
1981,76,0.039483,0.075667,0.053686
1981,77,0.042841,0.079083,0.056874
1981,78,0.046552,0.088977,0.062695
1981,79,0.054507,0.092632,0.068737
1981,80,0.061898,0.106022,0.078072
1981,81,0.068733,0.113534,0.08495
1981,82,0.076066,0.119407,0.091523
1981,83,0.085978,0.130783,0.101655
1981,84,0.098134,0.145611,0.114592
1981,85,0.110254,0.150264,0.124123
1981,86,0.129552,0.176226,0.145508
1981,87,0.133321,0.178749,0.148769
1981,88,0.152232,0.195511,0.167178
1981,89,0.170394,0.208918,0.183695
1981,90,0.182835,0.225951,0.197546
1982,0,0.007101,0.009214,0.00818
1982,1,0.000859,0.000834,0.000846
1982,2,0.000473,0.000649,0.000563
1982,3,0.000349,0.000511,0.000432
1982,4,0.000255,0.000276,0.000266
1982,5,0.000325,0.00032,0.000322
1982,6,0.000206,0.000348,0.000279
1982,7,0.000153,0.000292,0.000224
1982,8,0.000201,0.000223,0.000212
1982,9,0.000165,0.000261,0.000214
1982,10,0.000145,0.000303,0.000226
1982,11,0.000197,0.000269,0.000234
1982,12,0.000189,0.000266,0.000228
1982,13,0.000132,0.000315,0.000226
1982,14,0.000212,0.000373,0.000294
1982,15,0.00032,0.000297,0.000308
1982,16,0.000256,0.000709,0.000488
1982,17,0.000372,0.000699,0.00054
1982,18,0.000345,0.000855,0.000606
1982,19,0.000331,0.000741,0.00054
1982,20,0.000347,0.000817,0.000587
1982,21,0.000253,0.00088,0.000572
1982,22,0.000323,0.000718,0.000524
1982,23,0.000396,0.000707,0.000554
1982,24,0.000364,0.000759,0.000565
1982,25,0.000386,0.000759,0.000576
1982,26,0.000328,0.000741,0.000539
1982,27,0.000341,0.000759,0.000554
1982,28,0.000487,0.000865,0.000681
1982,29,0.000432,0.000928,0.000686
1982,30,0.000519,0.000834,0.000681
1982,31,0.000526,0.000766,0.000649
1982,32,0.000636,0.00078,0.00071
1982,33,0.000557,0.00081,0.000688
1982,34,0.000592,0.000901,0.000751
1982,35,0.000676,0.001278,0.000986
1982,36,0.000766,0.001177,0.000978
1982,37,0.000734,0.001317,0.001035
1982,38,0.000869,0.001466,0.001178
1982,39,0.001012,0.001614,0.001324
1982,40,0.001124,0.001668,0.001407
1982,41,0.001079,0.001931,0.00152
1982,42,0.001576,0.001916,0.001751
1982,43,0.001582,0.002373,0.001989
1982,44,0.001613,0.002928,0.002289
1982,45,0.001829,0.002981,0.00242
1982,46,0.002032,0.003248,0.002654
1982,47,0.002115,0.003824,0.002985
1982,48,0.002616,0.003947,0.00329
1982,49,0.002832,0.004739,0.003793
1982,50,0.002942,0.005306,0.004127
1982,51,0.00308,0.005825,0.004452
1982,52,0.003422,0.006728,0.005066
1982,53,0.003787,0.006812,0.005278
1982,54,0.003958,0.008156,0.006017
1982,55,0.004445,0.009537,0.006929
1982,56,0.004805,0.009632,0.007141
1982,57,0.005225,0.011603,0.008284
1982,58,0.005965,0.012441,0.00906
1982,59,0.006481,0.014053,0.01009
1982,60,0.007038,0.015978,0.011274
1982,61,0.007272,0.017372,0.012036
1982,62,0.007843,0.020304,0.013699
1982,63,0.008961,0.022037,0.01506
1982,64,0.009469,0.02351,0.015963
1982,65,0.011371,0.02637,0.018245
1982,66,0.011546,0.028121,0.019085
1982,67,0.013592,0.032312,0.022028
1982,68,0.014901,0.034856,0.023779
1982,69,0.015464,0.039062,0.025802
1982,70,0.018027,0.041009,0.027937
1982,71,0.021023,0.045505,0.03143
1982,72,0.022694,0.050088,0.034154
1982,73,0.026346,0.054587,0.037955
1982,74,0.029212,0.062426,0.04264
1982,75,0.032707,0.067215,0.046361
1982,76,0.038534,0.072895,0.051851
1982,77,0.041362,0.083994,0.05772
1982,78,0.048528,0.086495,0.062877
1982,79,0.053483,0.094979,0.068883
1982,80,0.059826,0.102596,0.075418
1982,81,0.066563,0.111558,0.082626
1982,82,0.078729,0.11966,0.093129
1982,83,0.086149,0.132424,0.102186
1982,84,0.100795,0.137467,0.11326
1982,85,0.110598,0.156833,0.126197
1982,86,0.122203,0.17246,0.139114
1982,87,0.140413,0.185876,0.155483
1982,88,0.151529,0.203215,0.168545
1982,89,0.166847,0.203479,0.179168
1982,90,0.187245,0.240724,0.205219
1983,0,0.007543,0.009277,0.00843
1983,1,0.00075,0.000731,0.00074
1983,2,0.000441,0.000596,0.00052
1983,3,0.000288,0.000451,0.000372
1983,4,0.000256,0.000333,0.000296
1983,5,0.000185,0.000376,0.000283
1983,6,0.000186,0.000386,0.000289
1983,7,0.000183,0.000218,0.000201
1983,8,0.000175,0.000188,0.000182
1983,9,0.000201,0.000193,0.000197
1983,10,0.000145,0.000187,0.000166
1983,11,0.000199,0.000268,0.000234
1983,12,0.000205,0.000212,0.000209
1983,13,0.000246,0.00029,0.000268
1983,14,0.00019,0.00041,0.000302
1983,15,0.000221,0.000349,0.000286
1983,16,0.000303,0.000458,0.000382
1983,17,0.000264,0.000637,0.000455
1983,18,0.000379,0.000761,0.000574
1983,19,0.000288,0.000801,0.00055
1983,20,0.000329,0.000849,0.000594
1983,21,0.000403,0.000809,0.00061
1983,22,0.00035,0.000816,0.000587
1983,23,0.000331,0.000878,0.000609
1983,24,0.000428,0.000668,0.00055
1983,25,0.000355,0.000931,0.000648
1983,26,0.000386,0.000561,0.000475
1983,27,0.00038,0.000659,0.000522
1983,28,0.000446,0.000768,0.00061
1983,29,0.000515,0.000782,0.000651
1983,30,0.000486,0.000803,0.000648
1983,31,0.000493,0.000887,0.000695
1983,32,0.000599,0.000982,0.000796
1983,33,0.000592,0.000918,0.000759
1983,34,0.000627,0.000984,0.000811
1983,35,0.000709,0.000991,0.000855
1983,36,0.000677,0.001134,0.000912
1983,37,0.00057,0.001242,0.000917
1983,38,0.000908,0.001387,0.001155
1983,39,0.001217,0.001473,0.001349
1983,40,0.001103,0.001757,0.001442
1983,41,0.000992,0.001777,0.001399
1983,42,0.001271,0.002095,0.001697
1983,43,0.001628,0.002163,0.001903
1983,44,0.001647,0.002498,0.002084
1983,45,0.001717,0.002991,0.002371
1983,46,0.00199,0.00302,0.002517
1983,47,0.002182,0.003401,0.002805
1983,48,0.002569,0.004171,0.003383
1983,49,0.002565,0.004382,0.003484
1983,50,0.002917,0.005258,0.004095
1983,51,0.00341,0.00557,0.004492
1983,52,0.003598,0.005767,0.00468
1983,53,0.003633,0.007191,0.0054
1983,54,0.004288,0.008005,0.006117
1983,55,0.004207,0.009542,0.006817
1983,56,0.004999,0.008996,0.006944
1983,57,0.005909,0.011341,0.00853
1983,58,0.005982,0.012533,0.009116
1983,59,0.006124,0.013558,0.009662
1983,60,0.006171,0.015157,0.010437
1983,61,0.008152,0.01643,0.012056
1983,62,0.008092,0.018657,0.013044
1983,63,0.008621,0.020268,0.014058
1983,64,0.009784,0.022319,0.015593
1983,65,0.010924,0.02567,0.01769
1983,66,0.011321,0.028301,0.019037
1983,67,0.013016,0.031846,0.021494
1983,68,0.014641,0.034498,0.023494
1983,69,0.015773,0.03754,0.025344
1983,70,0.017946,0.043408,0.028954
1983,71,0.019385,0.0451,0.030322
1983,72,0.02131,0.05049,0.033516
1983,73,0.02541,0.056072,0.03802
1983,74,0.028228,0.062725,0.042132
1983,75,0.030986,0.069611,0.046283
1983,76,0.035802,0.074,0.050582
1983,77,0.040257,0.081039,0.055679
1983,78,0.046309,0.086861,0.061484
1983,79,0.051092,0.09672,0.067899
1983,80,0.059957,0.102767,0.07543
1983,81,0.064982,0.113047,0.082015
1983,82,0.075436,0.118164,0.090263
1983,83,0.085451,0.126234,0.099388
1983,84,0.095871,0.141704,0.111314
1983,85,0.106564,0.165238,0.125914
1983,86,0.120776,0.173302,0.137902
1983,87,0.134783,0.181501,0.150001
1983,88,0.143261,0.199399,0.161212
1983,89,0.170483,0.213784,0.184289
1983,90,0.175189,0.220427,0.18996
1984,0,0.007065,0.00971,0.008419
1984,1,0.000662,0.000887,0.000777
1984,2,0.000363,0.000449,0.000407
1984,3,0.00035,0.000368,0.000359
1984,4,0.000161,0.000385,0.000276
1984,5,0.000268,0.000344,0.000307
1984,6,0.000162,0.000265,0.000215
1984,7,0.000244,0.000199,0.000221
1984,8,0.000103,0.000273,0.00019
1984,9,0.00012,0.000272,0.000198
1984,10,9.5e-05,0.000253,0.000176
1984,11,0.000184,0.000233,0.000209
1984,12,0.000162,0.000234,0.000199
1984,13,0.00018,0.000359,0.000271
1984,14,0.000222,0.000251,0.000236
1984,15,0.000165,0.00041,0.00029
1984,16,0.000288,0.000559,0.000427
1984,17,0.000277,0.000546,0.000415
1984,18,0.000263,0.000676,0.000475
1984,19,0.000298,0.000691,0.000499
1984,20,0.000223,0.000793,0.000514
1984,21,0.000304,0.000795,0.000554
1984,22,0.000306,0.0007,0.000506
1984,23,0.000333,0.0008,0.000571
1984,24,0.000273,0.00079,0.000536
1984,25,0.000279,0.000778,0.000533
1984,26,0.000406,0.000793,0.000602
1984,27,0.000317,0.000735,0.00053
1984,28,0.000406,0.00076,0.000586
1984,29,0.000464,0.000989,0.000731
1984,30,0.000523,0.000877,0.000704
1984,31,0.000504,0.000803,0.000657
1984,32,0.000547,0.000948,0.000753
1984,33,0.0007,0.000932,0.000819
1984,34,0.000674,0.001005,0.000844
1984,35,0.00068,0.001027,0.000858
1984,36,0.00081,0.001356,0.001091
1984,37,0.000732,0.001136,0.00094
1984,38,0.000888,0.00135,0.001126
1984,39,0.000745,0.001746,0.001261
1984,40,0.001103,0.001693,0.001408
1984,41,0.001218,0.001783,0.00151
1984,42,0.001357,0.001986,0.001683
1984,43,0.001333,0.001843,0.001596
1984,44,0.00163,0.00241,0.002031
1984,45,0.001761,0.002991,0.002392
1984,46,0.002052,0.003224,0.002653
1984,47,0.002073,0.003323,0.002712
1984,48,0.002334,0.003956,0.003161
1984,49,0.002656,0.004167,0.003423
1984,50,0.002775,0.004897,0.003846
1984,51,0.00294,0.005631,0.004293
1984,52,0.003356,0.006507,0.004931
1984,53,0.003677,0.007687,0.005674
1984,54,0.00429,0.007645,0.005953
1984,55,0.004687,0.009102,0.006855
1984,56,0.004899,0.010613,0.007687
1984,57,0.005303,0.011259,0.008192
1984,58,0.005542,0.011473,0.008395
1984,59,0.006044,0.012712,0.009223
1984,60,0.006913,0.015336,0.010905
1984,61,0.007789,0.016476,0.011895
1984,62,0.00748,0.018181,0.012501
1984,63,0.008903,0.020352,0.014239
1984,64,0.010182,0.021697,0.015521
1984,65,0.011325,0.025958,0.018056
1984,66,0.012566,0.027813,0.019503
1984,67,0.012827,0.031067,0.021038
1984,68,0.015024,0.034475,0.02369
1984,69,0.015424,0.037688,0.025235
1984,70,0.017691,0.041914,0.028201
1984,71,0.020544,0.045426,0.031154
1984,72,0.022551,0.050883,0.034411
1984,73,0.023884,0.05487,0.036627
1984,74,0.02754,0.063778,0.042158
1984,75,0.033012,0.068679,0.047084
1984,76,0.03609,0.074063,0.050795
1984,77,0.040235,0.079176,0.054945
1984,78,0.047109,0.08488,0.061044
1984,79,0.053808,0.094666,0.068702
1984,80,0.05951,0.106059,0.076194
1984,81,0.066202,0.110037,0.081577
1984,82,0.073847,0.114726,0.087938
1984,83,0.086786,0.134298,0.102795
1984,84,0.093863,0.14176,0.109732
1984,85,0.104312,0.158527,0.121965
1984,86,0.120861,0.170795,0.13677
1984,87,0.135861,0.182928,0.150723
1984,88,0.142807,0.198075,0.160219
1984,89,0.166634,0.217415,0.182328
1984,90,0.174642,0.22093,0.188946
1985,0,0.007257,0.009011,0.008154
1985,1,0.000592,0.000679,0.000637
1985,2,0.000348,0.000506,0.000429
1985,3,0.00028,0.000415,0.000349
1985,4,0.000282,0.000227,0.000254
1985,5,0.000207,0.000231,0.000219
1985,6,8.1e-05,0.000222,0.000153
1985,7,8.1e-05,0.000188,0.000136
1985,8,0.000139,0.000265,0.000204
1985,9,0.000172,0.000164,0.000168
1985,10,0.000109,0.000272,0.000193
1985,11,0.000127,0.000203,0.000166
1985,12,0.000145,0.000187,0.000166
1985,13,0.00018,0.000199,0.00019
1985,14,0.000137,0.000253,0.000196
1985,15,0.000197,0.000297,0.000248
1985,16,0.000239,0.000583,0.000415
1985,17,0.000237,0.00064,0.000443
1985,18,0.000319,0.000689,0.000508
1985,19,0.000254,0.000801,0.000533
1985,20,0.00028,0.000766,0.000529
1985,21,0.000246,0.000785,0.000521
1985,22,0.000304,0.000855,0.000584
1985,23,0.000305,0.000838,0.000576
1985,24,0.000381,0.000712,0.000549
1985,25,0.000396,0.000667,0.000534
1985,26,0.000369,0.000626,0.0005
1985,27,0.000371,0.000718,0.000548
1985,28,0.000265,0.00085,0.000563
1985,29,0.000423,0.000927,0.000679
1985,30,0.000376,0.000693,0.000537
1985,31,0.000559,0.000843,0.000704
1985,32,0.000663,0.000947,0.000808
1985,33,0.000754,0.000949,0.000854
1985,34,0.000572,0.000994,0.000788
1985,35,0.000602,0.001235,0.000927
1985,36,0.000767,0.001037,0.000906
1985,37,0.00076,0.001169,0.00097
1985,38,0.000898,0.001256,0.001082
1985,39,0.001103,0.001326,0.001218
1985,40,0.000991,0.001615,0.001312
1985,41,0.00123,0.001904,0.001578
1985,42,0.001106,0.002012,0.001574
1985,43,0.001116,0.002411,0.001786
1985,44,0.001598,0.00247,0.002048
1985,45,0.001741,0.002798,0.002284
1985,46,0.001801,0.002756,0.00229
1985,47,0.001992,0.00302,0.002518
1985,48,0.002235,0.003931,0.003101
1985,49,0.002847,0.004247,0.003561
1985,50,0.002822,0.004906,0.003878
1985,51,0.003202,0.005124,0.004172
1985,52,0.003701,0.005975,0.004842
1985,53,0.003966,0.007194,0.005577
1985,54,0.00451,0.00827,0.006379
1985,55,0.004391,0.009114,0.006727
1985,56,0.004844,0.009688,0.007216
1985,57,0.005515,0.011313,0.008335
1985,58,0.005877,0.012063,0.008868
1985,59,0.006048,0.013514,0.009627
1985,60,0.007022,0.014989,0.010802
1985,61,0.007668,0.016101,0.011647
1985,62,0.008206,0.017544,0.012597
1985,63,0.008619,0.021258,0.014514
1985,64,0.009195,0.023562,0.015843
1985,65,0.01056,0.026256,0.017781
1985,66,0.012096,0.027114,0.018946
1985,67,0.013373,0.031456,0.021522
1985,68,0.014512,0.035282,0.023763
1985,69,0.015613,0.037488,0.025242
1985,70,0.01889,0.041874,0.028887
1985,71,0.020106,0.043638,0.030177
1985,72,0.023022,0.050426,0.034535
1985,73,0.025616,0.055162,0.03778
1985,74,0.027928,0.060424,0.04104
1985,75,0.032385,0.068203,0.046529
1985,76,0.035036,0.074844,0.050396
1985,77,0.04131,0.080753,0.056229
1985,78,0.045983,0.08733,0.061226
1985,79,0.05205,0.097239,0.068298
1985,80,0.059145,0.101713,0.074243
1985,81,0.068509,0.111346,0.083418
1985,82,0.076981,0.123489,0.09285
1985,83,0.087341,0.132618,0.102474
1985,84,0.095893,0.146599,0.112431
1985,85,0.107404,0.165893,0.126093
1985,86,0.118551,0.174654,0.136133
1985,87,0.133754,0.191423,0.151466
1985,88,0.145755,0.202612,0.163018
1985,89,0.166426,0.224233,0.183987
1985,90,0.192653,0.249103,0.209488
1986,0,0.007023,0.008696,0.007875
1986,1,0.000779,0.000756,0.000767
1986,2,0.00046,0.000485,0.000473
1986,3,0.000299,0.000344,0.000322
1986,4,0.000198,0.000324,0.000262
1986,5,0.000169,0.000237,0.000204
1986,6,0.000149,0.000362,0.000258
1986,7,0.000139,0.000233,0.000187
1986,8,0.00015,0.000132,0.000141
1986,9,0.000151,0.000165,0.000158
1986,10,0.000206,0.000239,0.000223
1986,11,0.000142,0.00025,0.000197
1986,12,0.00018,0.000192,0.000186
1986,13,0.000155,0.000242,0.000199
1986,14,0.000153,0.000285,0.00022
1986,15,0.000154,0.000285,0.000221
1986,16,0.000204,0.000538,0.000375
1986,17,0.000205,0.00055,0.000381
1986,18,0.000303,0.000598,0.000453
1986,19,0.000367,0.000687,0.00053
1986,20,0.000351,0.000775,0.000567
1986,21,0.000263,0.000566,0.000418
1986,22,0.000316,0.000819,0.000573
1986,23,0.00039,0.000744,0.00057
1986,24,0.000368,0.00088,0.000629
1986,25,0.000388,0.000778,0.000587
1986,26,0.00023,0.000768,0.000504
1986,27,0.000393,0.000901,0.000652
1986,28,0.00043,0.000798,0.000617
1986,29,0.000538,0.000691,0.000616
1986,30,0.000587,0.000758,0.000674
1986,31,0.000524,0.000886,0.000708
1986,32,0.000585,0.0008,0.000695
1986,33,0.000689,0.00093,0.000812
1986,34,0.000601,0.000813,0.000709
1986,35,0.000772,0.001012,0.000895
1986,36,0.000836,0.001126,0.000984
1986,37,0.000854,0.001269,0.001067
1986,38,0.000827,0.001297,0.001069
1986,39,0.001102,0.001525,0.00132
1986,40,0.001047,0.001627,0.001345
1986,41,0.001135,0.001811,0.001483
1986,42,0.00123,0.002036,0.001646
1986,43,0.001778,0.002228,0.002011
1986,44,0.001408,0.002667,0.002059
1986,45,0.00172,0.002807,0.00228
1986,46,0.001962,0.002889,0.002437
1986,47,0.002251,0.003752,0.003019
1986,48,0.002365,0.004208,0.003307
1986,49,0.002398,0.004469,0.003454
1986,50,0.002599,0.005036,0.003838
1986,51,0.003043,0.005261,0.004165
1986,52,0.003633,0.006096,0.004873
1986,53,0.003729,0.007493,0.005615
1986,54,0.004343,0.008007,0.006167
1986,55,0.00453,0.008709,0.006602
1986,56,0.005165,0.009917,0.007508
1986,57,0.00577,0.010729,0.00819
1986,58,0.00603,0.012097,0.008971
1986,59,0.006388,0.013366,0.00975
1986,60,0.007141,0.014755,0.010774
1986,61,0.007686,0.016443,0.011822
1986,62,0.00745,0.018492,0.012633
1986,63,0.009046,0.020945,0.014606
1986,64,0.009611,0.021708,0.015214
1986,65,0.011064,0.023969,0.016989
1986,66,0.012127,0.027516,0.019151
1986,67,0.013175,0.032582,0.021943
1986,68,0.014215,0.036507,0.024144
1986,69,0.01534,0.038108,0.025354
1986,70,0.016479,0.040745,0.027026
1986,71,0.019696,0.044688,0.030413
1986,72,0.022612,0.049692,0.034028
1986,73,0.024804,0.055491,0.037485
1986,74,0.027663,0.063151,0.042003
1986,75,0.031548,0.066509,0.045357
1986,76,0.036106,0.075206,0.051194
1986,77,0.041515,0.080755,0.056305
1986,78,0.044496,0.087966,0.060512
1986,79,0.051712,0.095173,0.067285
1986,80,0.057357,0.104424,0.073818
1986,81,0.066771,0.112073,0.082365
1986,82,0.077496,0.123055,0.092901
1986,83,0.086465,0.131944,0.101513
1986,84,0.099179,0.14634,0.114441
1986,85,0.104894,0.16067,0.122423
1986,86,0.124486,0.17012,0.138541
1986,87,0.135765,0.188599,0.151732
1986,88,0.158377,0.207195,0.172822
1986,89,0.17397,0.226932,0.189486
1986,90,0.192422,0.239254,0.206092
1987,0,0.006485,0.008739,0.007636
1987,1,0.000706,0.000864,0.000786
1987,2,0.000347,0.000476,0.000413
1987,3,0.000306,0.000359,0.000333
1987,4,0.000203,0.000217,0.00021
1987,5,0.000209,0.000267,0.000239
1987,6,0.000169,0.000226,0.000198
1987,7,0.000138,0.000208,0.000174
1987,8,0.000116,0.000199,0.000158
1987,9,8.1e-05,0.000121,0.000101
1987,10,0.000208,0.000143,0.000175
1987,11,0.000137,0.000185,0.000161
1987,12,0.000229,0.000146,0.000186
1987,13,0.000232,0.000333,0.000284
1987,14,0.000184,0.000223,0.000204
1987,15,0.000216,0.000379,0.000299
1987,16,0.000255,0.000551,0.000407
1987,17,0.000228,0.000646,0.000441
1987,18,0.00031,0.000564,0.000439
1987,19,0.000234,0.000731,0.000488
1987,20,0.000348,0.000747,0.000552
1987,21,0.000349,0.000811,0.000584
1987,22,0.000309,0.0007,0.000509
1987,23,0.000331,0.000814,0.000578
1987,24,0.000341,0.000647,0.000498
1987,25,0.000431,0.000599,0.000516
1987,26,0.00033,0.000697,0.000517
1987,27,0.000427,0.000614,0.000522
1987,28,0.00036,0.000685,0.000525
1987,29,0.000446,0.000697,0.000574
1987,30,0.000393,0.000689,0.000544
1987,31,0.000551,0.00074,0.000647
1987,32,0.000655,0.000902,0.00078
1987,33,0.000673,0.000952,0.000816
1987,34,0.000609,0.00093,0.000773
1987,35,0.000682,0.001138,0.000915
1987,36,0.000754,0.001185,0.000975
1987,37,0.000701,0.001314,0.001015
1987,38,0.000776,0.001162,0.000974
1987,39,0.000843,0.001361,0.001109
1987,40,0.001228,0.001594,0.001416
1987,41,0.001084,0.001805,0.001456
1987,42,0.001165,0.001814,0.001499
1987,43,0.001651,0.002158,0.001912
1987,44,0.001426,0.0028,0.002135
1987,45,0.002052,0.002563,0.002315
1987,46,0.001927,0.00293,0.002443
1987,47,0.002243,0.003188,0.002727
1987,48,0.002404,0.003877,0.003156
1987,49,0.002139,0.004338,0.003262
1987,50,0.002772,0.004394,0.003598
1987,51,0.00306,0.005142,0.004117
1987,52,0.003456,0.005997,0.004739
1987,53,0.00325,0.006705,0.004986
1987,54,0.004271,0.007528,0.005899
1987,55,0.004549,0.008269,0.006397
1987,56,0.004736,0.009563,0.007122
1987,57,0.005,0.010477,0.007691
1987,58,0.005633,0.012022,0.008739
1987,59,0.00651,0.01376,0.010011
1987,60,0.00684,0.01392,0.010236
1987,61,0.007347,0.015573,0.011256
1987,62,0.00797,0.017709,0.012547
1987,63,0.00906,0.020038,0.014181
1987,64,0.009143,0.020987,0.014644
1987,65,0.010442,0.024096,0.016721
1987,66,0.011141,0.027698,0.018681
1987,67,0.012973,0.030593,0.020939
1987,68,0.014122,0.032357,0.022267
1987,69,0.015862,0.037425,0.025348
1987,70,0.017105,0.039125,0.026668
1987,71,0.018882,0.045261,0.030184
1987,72,0.020801,0.048229,0.032388
1987,73,0.023393,0.051807,0.035176
1987,74,0.029154,0.053836,0.039178
1987,75,0.030883,0.064202,0.044096
1987,76,0.0331,0.070643,0.047594
1987,77,0.03848,0.076776,0.05292
1987,78,0.043154,0.08827,0.059724
1987,79,0.048953,0.093345,0.064856
1987,80,0.056198,0.097304,0.070542
1987,81,0.063156,0.107669,0.078285
1987,82,0.069069,0.121514,0.086573
1987,83,0.07801,0.131652,0.095575
1987,84,0.089157,0.145478,0.107167
1987,85,0.102821,0.152117,0.118185
1987,86,0.114056,0.169643,0.130914
1987,87,0.124825,0.188141,0.14359
1987,88,0.147404,0.184439,0.158203
1987,89,0.158505,0.204514,0.171707
1987,90,0.169678,0.226536,0.185836
1988,0,0.005651,0.008002,0.006855
1988,1,0.000475,0.000794,0.000638
1988,2,0.000402,0.000463,0.000433
1988,3,0.000173,0.000353,0.000265
1988,4,0.000211,0.000302,0.000258
1988,5,0.000119,0.000262,0.000192
1988,6,0.000255,0.000189,0.000221
1988,7,0.000135,0.000301,0.00022
1988,8,0.000149,0.00024,0.000196
1988,9,0.000173,0.000221,0.000198
1988,10,0.000104,0.000176,0.00014
1988,11,8.1e-05,0.000153,0.000118
1988,12,0.000171,0.000195,0.000183
1988,13,0.000174,0.000228,0.000202
1988,14,0.000116,0.000241,0.00018
1988,15,0.000183,0.000352,0.000269
1988,16,0.000304,0.00036,0.000333
1988,17,0.00022,0.000549,0.000388
1988,18,0.000267,0.000604,0.000439
1988,19,0.000219,0.000755,0.000492
1988,20,0.000257,0.000664,0.000464
1988,21,0.000288,0.000737,0.000517
1988,22,0.00029,0.000822,0.000561
1988,23,0.000363,0.000816,0.000595
1988,24,0.000212,0.000644,0.000433
1988,25,0.000308,0.000772,0.000545
1988,26,0.000358,0.000832,0.0006
1988,27,0.000426,0.000754,0.000594
1988,28,0.000401,0.000799,0.000604
1988,29,0.000302,0.000713,0.000512
1988,30,0.000445,0.000784,0.000618
1988,31,0.000486,0.000811,0.000652
1988,32,0.000585,0.000938,0.000764
1988,33,0.000628,0.000926,0.000779
1988,34,0.000646,0.001079,0.000867
1988,35,0.000688,0.000972,0.000833
1988,36,0.000699,0.001147,0.000928
1988,37,0.000853,0.001315,0.001089
1988,38,0.000808,0.001101,0.000958
1988,39,0.000828,0.001321,0.001081
1988,40,0.001278,0.001386,0.001334
1988,41,0.001158,0.001581,0.001375
1988,42,0.001356,0.001977,0.001675
1988,43,0.001299,0.002204,0.001764
1988,44,0.001431,0.002562,0.002013
1988,45,0.001976,0.002842,0.002422
1988,46,0.00186,0.002892,0.002392
1988,47,0.001845,0.002576,0.002221
1988,48,0.002503,0.003527,0.003026
1988,49,0.002572,0.003883,0.003241
1988,50,0.00262,0.004697,0.003678
1988,51,0.002713,0.004872,0.003809
1988,52,0.003257,0.005928,0.00461
1988,53,0.003197,0.006575,0.004899
1988,54,0.00367,0.006919,0.005299
1988,55,0.004275,0.007649,0.005958
1988,56,0.004976,0.008314,0.006629
1988,57,0.0054,0.010268,0.0078
1988,58,0.005515,0.01155,0.00847
1988,59,0.00561,0.012204,0.008804
1988,60,0.00627,0.014651,0.010299
1988,61,0.007414,0.015237,0.01115
1988,62,0.007715,0.017599,0.012389
1988,63,0.008387,0.018177,0.012961
1988,64,0.009592,0.022686,0.015662
1988,65,0.010732,0.023999,0.016849
1988,66,0.011405,0.026472,0.018278
1988,67,0.012917,0.029185,0.020255
1988,68,0.01355,0.033465,0.022464
1988,69,0.015649,0.035927,0.024607
1988,70,0.016748,0.037832,0.025913
1988,71,0.019244,0.041972,0.02898
1988,72,0.020869,0.049699,0.033033
1988,73,0.024061,0.054408,0.03667
1988,74,0.02711,0.05874,0.040006
1988,75,0.029296,0.062463,0.042527
1988,76,0.033364,0.068345,0.046951
1988,77,0.037929,0.078339,0.053171
1988,78,0.044185,0.084054,0.058832
1988,79,0.047952,0.094411,0.064548
1988,80,0.056564,0.099699,0.071588
1988,81,0.064561,0.113284,0.081068
1988,82,0.073023,0.123105,0.089518
1988,83,0.08346,0.129091,0.098202
1988,84,0.089762,0.148446,0.108299
1988,85,0.104036,0.149723,0.118126
1988,86,0.110488,0.168529,0.127912
1988,87,0.130978,0.185018,0.146696
1988,88,0.142463,0.188239,0.155565
1988,89,0.160555,0.199535,0.171597
1988,90,0.184225,0.227579,0.196304
1989,0,0.005985,0.007769,0.006895
1989,1,0.000582,0.000556,0.000569
1989,2,0.000286,0.000485,0.000387
1989,3,0.000311,0.000279,0.000295
1989,4,0.000265,0.00033,0.000298
1989,5,0.000164,0.000257,0.000211
1989,6,8.3e-05,0.00017,0.000128
1989,7,0.000173,0.000177,0.000175
1989,8,0.000101,0.000204,0.000153
1989,9,0.000137,0.000272,0.000206
1989,10,0.000184,0.00022,0.000202
1989,11,0.000172,0.000208,0.00019
1989,12,0.000172,0.000153,0.000162
1989,13,0.00025,0.000194,0.000221
1989,14,0.000152,0.0003,0.000228
1989,15,0.000241,0.00028,0.000261
1989,16,0.000297,0.000562,0.000432
1989,17,0.000222,0.000504,0.000366
1989,18,0.00036,0.000578,0.000472
1989,19,0.000369,0.000639,0.000507
1989,20,0.000313,0.000697,0.000509
1989,21,0.000347,0.000876,0.000616
1989,22,0.000393,0.000646,0.000522
1989,23,0.000482,0.000716,0.000602
1989,24,0.000307,0.000795,0.000557
1989,25,0.00036,0.000693,0.00053
1989,26,0.000316,0.000626,0.000474
1989,27,0.000309,0.000739,0.000529
1989,28,0.000409,0.000745,0.000581
1989,29,0.000327,0.000744,0.00054
1989,30,0.00044,0.000729,0.000587
1989,31,0.000538,0.00084,0.000692
1989,32,0.000511,0.000966,0.000743
1989,33,0.000593,0.000813,0.000705
1989,34,0.000741,0.000952,0.000848
1989,35,0.000779,0.001012,0.000898
1989,36,0.000732,0.001117,0.000928
1989,37,0.000922,0.00126,0.001095
1989,38,0.000799,0.001333,0.001072
1989,39,0.000915,0.001274,0.001099
1989,40,0.001002,0.00181,0.001417
1989,41,0.001204,0.001563,0.001388
1989,42,0.001268,0.001772,0.001527
1989,43,0.001235,0.002088,0.001674
1989,44,0.001576,0.002415,0.002007
1989,45,0.001886,0.002561,0.002233
1989,46,0.001989,0.002744,0.002378
1989,47,0.002252,0.003304,0.002793
1989,48,0.002355,0.003674,0.003032
1989,49,0.002627,0.003716,0.003184
1989,50,0.00264,0.004335,0.003504
1989,51,0.003128,0.00509,0.004126
1989,52,0.00369,0.005385,0.004549
1989,53,0.003687,0.006599,0.005159
1989,54,0.003964,0.007654,0.005819
1989,55,0.003877,0.007985,0.005932
1989,56,0.005058,0.008762,0.0069
1989,57,0.004723,0.010728,0.007689
1989,58,0.006089,0.0121,0.009043
1989,59,0.007046,0.012273,0.009598
1989,60,0.006578,0.014364,0.010335
1989,61,0.007727,0.015694,0.01154
1989,62,0.007941,0.017874,0.012661
1989,63,0.009047,0.018793,0.01363
1989,64,0.009633,0.021721,0.015245
1989,65,0.010431,0.023693,0.016533
1989,66,0.01155,0.026591,0.01843
1989,67,0.012525,0.026801,0.018981
1989,68,0.014176,0.030942,0.02167
1989,69,0.014891,0.035333,0.023944
1989,70,0.017999,0.03895,0.027149
1989,71,0.019944,0.043986,0.030264
1989,72,0.021686,0.047694,0.032665
1989,73,0.024196,0.053092,0.036184
1989,74,0.026336,0.057285,0.03897
1989,75,0.02997,0.065484,0.044166
1989,76,0.034643,0.071325,0.048975
1989,77,0.039303,0.077219,0.053696
1989,78,0.043194,0.085352,0.058702
1989,79,0.050986,0.09866,0.068017
1989,80,0.056233,0.104105,0.072849
1989,81,0.064328,0.115057,0.081441
1989,82,0.071868,0.121671,0.088183
1989,83,0.081409,0.13659,0.098977
1989,84,0.091812,0.145837,0.108636
1989,85,0.103645,0.160851,0.121091
1989,86,0.117899,0.175299,0.134928
1989,87,0.135797,0.19553,0.152984
1989,88,0.148031,0.207292,0.164564
1989,89,0.16514,0.22015,0.180329
1989,90,0.18763,0.249251,0.204453
1990,0,0.006232,0.008226,0.007251
1990,1,0.000711,0.000788,0.00075
1990,2,0.000361,0.000365,0.000363
1990,3,0.000295,0.000367,0.000332
1990,4,0.00021,0.000213,0.000212
1990,5,0.000195,0.000318,0.000258
1990,6,0.000128,0.000245,0.000188
1990,7,0.000142,0.00026,0.000202
1990,8,0.000104,0.000155,0.00013
1990,9,0.000134,0.000171,0.000153
1990,10,0.000125,0.000228,0.000178
1990,11,0.000195,0.000241,0.000219
1990,12,0.000228,0.000174,0.000201
1990,13,0.000321,0.000218,0.000268
1990,14,0.000192,0.000258,0.000226
1990,15,0.000226,0.000411,0.000321
1990,16,0.000271,0.000667,0.000473
1990,17,0.000219,0.000513,0.000369
1990,18,0.000273,0.000449,0.000363
1990,19,0.000249,0.000662,0.00046
1990,20,0.000311,0.000773,0.000546
1990,21,0.000264,0.000739,0.000506
1990,22,0.000304,0.000577,0.000443
1990,23,0.000343,0.000625,0.000487
1990,24,0.000304,0.000633,0.000473
1990,25,0.000329,0.000737,0.000538
1990,26,0.000421,0.000837,0.000634
1990,27,0.000362,0.000713,0.000541
1990,28,0.000404,0.000744,0.000577
1990,29,0.000392,0.000851,0.000627
1990,30,0.000359,0.000828,0.000599
1990,31,0.000586,0.000742,0.000666
1990,32,0.000478,0.00096,0.000724
1990,33,0.000638,0.000965,0.000805
1990,34,0.000558,0.001128,0.000848
1990,35,0.000705,0.001002,0.000856
1990,36,0.000672,0.001224,0.000953
1990,37,0.000731,0.001135,0.000937
1990,38,0.000976,0.001457,0.001222
1990,39,0.00088,0.001308,0.001099
1990,40,0.001156,0.001498,0.001331
1990,41,0.001141,0.001738,0.001447
1990,42,0.00117,0.002003,0.001597
1990,43,0.00145,0.002045,0.001755
1990,44,0.001498,0.002306,0.001913
1990,45,0.001752,0.002734,0.002255
1990,46,0.002025,0.003117,0.002586
1990,47,0.001888,0.00325,0.002589
1990,48,0.002376,0.003189,0.002794
1990,49,0.002333,0.003952,0.003163
1990,50,0.00251,0.004131,0.003337
1990,51,0.002871,0.004679,0.00379
1990,52,0.00315,0.005174,0.004178
1990,53,0.003529,0.006402,0.004982
1990,54,0.003726,0.006699,0.005226
1990,55,0.00417,0.007537,0.005858
1990,56,0.004552,0.008877,0.006709
1990,57,0.005144,0.010142,0.007622
1990,58,0.00566,0.011178,0.008377
1990,59,0.006114,0.012457,0.009221
1990,60,0.006881,0.012882,0.009799
1990,61,0.007282,0.014715,0.010854
1990,62,0.007812,0.016546,0.011973
1990,63,0.008734,0.017583,0.012919
1990,64,0.009609,0.020013,0.014474
1990,65,0.009753,0.023602,0.016137
1990,66,0.01207,0.025697,0.01829
1990,67,0.012272,0.027715,0.019279
1990,68,0.014175,0.031905,0.022122
1990,69,0.015374,0.03526,0.024167
1990,70,0.016525,0.037706,0.025802
1990,71,0.01897,0.044007,0.029766
1990,72,0.020997,0.047885,0.032367
1990,73,0.023545,0.052498,0.035569
1990,74,0.026694,0.059182,0.039926
1990,75,0.029113,0.062006,0.042278
1990,76,0.033333,0.068634,0.047155
1990,77,0.039068,0.074609,0.052652
1990,78,0.043852,0.085238,0.059183
1990,79,0.049571,0.093591,0.065316
1990,80,0.054257,0.101849,0.070779
1990,81,0.063906,0.112365,0.080203
1990,82,0.07178,0.12126,0.08793
1990,83,0.080882,0.130342,0.096529
1990,84,0.094095,0.144926,0.109677
1990,85,0.105546,0.156839,0.120956
1990,86,0.117357,0.175357,0.134372
1990,87,0.13193,0.193937,0.149565
1990,88,0.149815,0.198702,0.16328
1990,89,0.16965,0.218808,0.182845
1990,90,0.180255,0.237576,0.195455
1991,0,0.005264,0.007706,0.006515
1991,1,0.000508,0.00079,0.000652
1991,2,0.000403,0.000501,0.000453
1991,3,0.000196,0.000333,0.000266
1991,4,0.000229,0.00024,0.000235
1991,5,0.000199,0.000213,0.000206
1991,6,0.000217,0.000197,0.000207
1991,7,0.000116,0.000144,0.00013
1991,8,0.000153,0.000169,0.000161
1991,9,0.000115,0.000132,0.000124
1991,10,0.000122,0.000202,0.000163
1991,11,0.000192,0.000108,0.000149
1991,12,0.000194,0.000185,0.00019
1991,13,0.000216,0.000185,0.0002
1991,14,0.000171,0.000217,0.000194
1991,15,0.000293,0.000246,0.000269
1991,16,0.000246,0.000563,0.000408
1991,17,0.000341,0.000585,0.000465
1991,18,0.00033,0.000592,0.000463
1991,19,0.00027,0.00064,0.000458
1991,20,0.000338,0.000626,0.000485
1991,21,0.000253,0.000821,0.000542
1991,22,0.000293,0.000672,0.000486
1991,23,0.00031,0.000688,0.000503
1991,24,0.000251,0.000641,0.000451
1991,25,0.00031,0.00071,0.000516
1991,26,0.000343,0.000686,0.00052
1991,27,0.000372,0.000698,0.00054
1991,28,0.000376,0.00079,0.000588
1991,29,0.000363,0.00077,0.000571
1991,30,0.000399,0.000862,0.000636
1991,31,0.000537,0.000987,0.000767
1991,32,0.000568,0.000919,0.000747
1991,33,0.000744,0.000772,0.000758
1991,34,0.000653,0.001101,0.000882
1991,35,0.000694,0.001043,0.000871
1991,36,0.000869,0.001412,0.001145
1991,37,0.000812,0.00124,0.00103
1991,38,0.000871,0.001497,0.00119
1991,39,0.000939,0.001276,0.001111
1991,40,0.001078,0.001508,0.001298
1991,41,0.001156,0.00172,0.001444
1991,42,0.001393,0.001707,0.001554
1991,43,0.001504,0.002101,0.00181
1991,44,0.0016,0.002363,0.001991
1991,45,0.001574,0.002649,0.002125
1991,46,0.001896,0.002712,0.002314
1991,47,0.002175,0.003066,0.002632
1991,48,0.002177,0.00314,0.002672
1991,49,0.002795,0.003535,0.003176
1991,50,0.002712,0.003912,0.003327
1991,51,0.002917,0.005194,0.004076
1991,52,0.00313,0.005476,0.004321
1991,53,0.003404,0.006016,0.004727
1991,54,0.003833,0.007194,0.005529
1991,55,0.004092,0.007297,0.005705
1991,56,0.005126,0.007887,0.006507
1991,57,0.005138,0.009461,0.007288
1991,58,0.005293,0.010981,0.008105
1991,59,0.005689,0.010962,0.008276
1991,60,0.00717,0.013004,0.010017
1991,61,0.007233,0.015196,0.011089
1991,62,0.007516,0.017257,0.012176
1991,63,0.008821,0.019173,0.013728
1991,64,0.010139,0.019539,0.01456
1991,65,0.01072,0.022211,0.016059
1991,66,0.011778,0.024817,0.017742
1991,67,0.012927,0.02713,0.019358
1991,68,0.014079,0.030254,0.021354
1991,69,0.015787,0.033651,0.023713
1991,70,0.017573,0.037158,0.026136
1991,71,0.020154,0.041622,0.029442
1991,72,0.020959,0.046791,0.031935
1991,73,0.022966,0.052437,0.035236
1991,74,0.026694,0.055342,0.038385
1991,75,0.029536,0.062632,0.042766
1991,76,0.033211,0.070049,0.047648
1991,77,0.03758,0.075696,0.052181
1991,78,0.043036,0.081056,0.057223
1991,79,0.049815,0.09183,0.064975
1991,80,0.055438,0.102825,0.071874
1991,81,0.063232,0.106966,0.077958
1991,82,0.071414,0.122547,0.088062
1991,83,0.07888,0.131442,0.095477
1991,84,0.090103,0.143031,0.106248
1991,85,0.099725,0.157812,0.116879
1991,86,0.118137,0.174686,0.134488
1991,87,0.131637,0.184746,0.146633
1991,88,0.145535,0.207453,0.162441
1991,89,0.166933,0.222255,0.181593
1991,90,0.176415,0.231352,0.190591
1992,0,0.005665,0.006819,0.006255
1992,1,0.000526,0.000659,0.000594
1992,2,0.00039,0.000443,0.000417
1992,3,0.000119,0.000281,0.000202
1992,4,0.000174,0.000207,0.000191
1992,5,0.000293,0.000229,0.000261
1992,6,9.9e-05,0.000254,0.000178
1992,7,0.000114,0.000185,0.00015
1992,8,9.3e-05,0.000276,0.000186
1992,9,0.000106,0.000157,0.000132
1992,10,5.7e-05,0.000153,0.000106
1992,11,0.000188,0.000148,0.000168
1992,12,0.000158,0.000226,0.000193
1992,13,0.000182,0.000185,0.000183
1992,14,0.000215,0.000303,0.00026
1992,15,0.000216,0.000313,0.000265
1992,16,0.000313,0.000489,0.000403
1992,17,0.000245,0.000377,0.000312
1992,18,0.000215,0.000611,0.000417
1992,19,0.000345,0.000688,0.000519
1992,20,0.000233,0.000544,0.000391
1992,21,0.00027,0.000772,0.000525
1992,22,0.000188,0.000687,0.000442
1992,23,0.000268,0.000688,0.000482
1992,24,0.000324,0.000798,0.000566
1992,25,0.000363,0.000751,0.000562
1992,26,0.00038,0.000757,0.000574
1992,27,0.000318,0.000726,0.000528
1992,28,0.000479,0.000862,0.000676
1992,29,0.000476,0.000882,0.000684
1992,30,0.000409,0.000834,0.000626
1992,31,0.000469,0.000927,0.000703
1992,32,0.000381,0.000899,0.000646
1992,33,0.000575,0.001018,0.000801
1992,34,0.000759,0.000883,0.000822
1992,35,0.000796,0.001238,0.001021
1992,36,0.000881,0.001066,0.000975
1992,37,0.00079,0.001344,0.001071
1992,38,0.000802,0.001197,0.001003
1992,39,0.000914,0.001404,0.001164
1992,40,0.000938,0.001508,0.001229
1992,41,0.001158,0.001699,0.001435
1992,42,0.001459,0.002091,0.001782
1992,43,0.001584,0.002215,0.001907
1992,44,0.001638,0.002296,0.001975
1992,45,0.001736,0.002346,0.002048
1992,46,0.001669,0.002798,0.002247
1992,47,0.002124,0.003022,0.002584
1992,48,0.002516,0.003457,0.002998
1992,49,0.002732,0.003944,0.003355
1992,50,0.002703,0.004096,0.003418
1992,51,0.002901,0.004888,0.003916
1992,52,0.003329,0.005022,0.004189
1992,53,0.003518,0.00573,0.004639
1992,54,0.00396,0.00622,0.005103
1992,55,0.004006,0.007084,0.005557
1992,56,0.004543,0.008494,0.006527
1992,57,0.004764,0.009206,0.006981
1992,58,0.00487,0.009936,0.007383
1992,59,0.006398,0.010933,0.008633
1992,60,0.006905,0.012805,0.009791
1992,61,0.007767,0.014256,0.010922
1992,62,0.007858,0.015735,0.011657
1992,63,0.008414,0.018561,0.013243
1992,64,0.010024,0.019453,0.014468
1992,65,0.011045,0.021585,0.015973
1992,66,0.010851,0.023303,0.016598
1992,67,0.012678,0.026713,0.019049
1992,68,0.014083,0.029619,0.021059
1992,69,0.014905,0.033928,0.023381
1992,70,0.01681,0.037371,0.025834
1992,71,0.019506,0.040477,0.028569
1992,72,0.020446,0.045699,0.031224
1992,73,0.023744,0.051523,0.035367
1992,74,0.025258,0.055029,0.037447
1992,75,0.029221,0.061894,0.042326
1992,76,0.033889,0.068263,0.047345
1992,77,0.03688,0.072239,0.050441
1992,78,0.041052,0.081628,0.05623
1992,79,0.046609,0.091359,0.062889
1992,80,0.053653,0.097682,0.069107
1992,81,0.062839,0.106461,0.077533
1992,82,0.072675,0.115202,0.08656
1992,83,0.076981,0.130361,0.093779
1992,84,0.08965,0.142123,0.105613
1992,85,0.098596,0.158252,0.116086
1992,86,0.11357,0.173132,0.130412
1992,87,0.127364,0.183073,0.14282
1992,88,0.146124,0.200124,0.16074
1992,89,0.158674,0.210827,0.172348
1992,90,0.17607,0.234349,0.190883
1993,0,0.005349,0.007199,0.006296
1993,1,0.000476,0.000592,0.000535
1993,2,0.000277,0.000392,0.000336
1993,3,0.000262,0.000251,0.000256
1993,4,0.000205,0.000176,0.00019
1993,5,0.000162,0.000227,0.000195
1993,6,0.000173,0.000218,0.000196
1993,7,0.000175,0.0002,0.000188
1993,8,0.000102,0.000119,0.000111
1993,9,0.000161,0.000176,0.000169
1993,10,0.00014,0.000156,0.000148
1993,11,0.000125,0.000185,0.000156
1993,12,0.000253,0.000222,0.000237
1993,13,0.000123,0.000171,0.000148
1993,14,0.000159,0.000336,0.000249
1993,15,0.000158,0.000398,0.000281
1993,16,0.000192,0.000472,0.000336
1993,17,0.000211,0.000645,0.000433
1993,18,0.000274,0.000608,0.000444
1993,19,0.000223,0.000793,0.000513
1993,20,0.000323,0.00063,0.000478
1993,21,0.000282,0.000749,0.000519
1993,22,0.000341,0.000571,0.000458
1993,23,0.000257,0.000755,0.000511
1993,24,0.000305,0.000697,0.000505
1993,25,0.000346,0.000839,0.000598
1993,26,0.000433,0.000624,0.000531
1993,27,0.000339,0.000671,0.000509
1993,28,0.000394,0.000722,0.000563
1993,29,0.000484,0.000822,0.000658
1993,30,0.000629,0.000873,0.000754
1993,31,0.000619,0.000825,0.000724
1993,32,0.000603,0.000971,0.000791
1993,33,0.000582,0.000967,0.000779
1993,34,0.00063,0.001158,0.000899
1993,35,0.000674,0.001066,0.000874
1993,36,0.000701,0.001066,0.000887
1993,37,0.000845,0.001165,0.001008
1993,38,0.000815,0.001411,0.001118
1993,39,0.001162,0.001648,0.00141
1993,40,0.001001,0.001667,0.00134
1993,41,0.001116,0.001433,0.001277
1993,42,0.001221,0.001954,0.001595
1993,43,0.001665,0.002077,0.001875
1993,44,0.001567,0.002193,0.001888
1993,45,0.001623,0.002396,0.002018
1993,46,0.002045,0.002819,0.002441
1993,47,0.002216,0.003235,0.002738
1993,48,0.002446,0.003563,0.003017
1993,49,0.002447,0.004276,0.003384
1993,50,0.002474,0.004619,0.003575
1993,51,0.003028,0.004516,0.00379
1993,52,0.0032,0.005394,0.00432
1993,53,0.003548,0.005495,0.004536
1993,54,0.003769,0.005854,0.004824
1993,55,0.004236,0.00767,0.00597
1993,56,0.004924,0.008047,0.006494
1993,57,0.004686,0.009311,0.007003
1993,58,0.006138,0.010372,0.008245
1993,59,0.006015,0.011975,0.008963
1993,60,0.006285,0.013341,0.00975
1993,61,0.007757,0.013778,0.010692
1993,62,0.008351,0.016441,0.01227
1993,63,0.008825,0.018704,0.013565
1993,64,0.009403,0.020358,0.014588
1993,65,0.010633,0.022424,0.016156
1993,66,0.011476,0.024554,0.017549
1993,67,0.012941,0.028877,0.020239
1993,68,0.013547,0.02973,0.020828
1993,69,0.016182,0.033967,0.024093
1993,70,0.017704,0.037284,0.026334
1993,71,0.018985,0.041424,0.028717
1993,72,0.021548,0.047065,0.032425
1993,73,0.024691,0.050435,0.035517
1993,74,0.02635,0.057406,0.039122
1993,75,0.030539,0.062579,0.043422
1993,76,0.033614,0.070855,0.048249
1993,77,0.03822,0.077935,0.053429
1993,78,0.042846,0.084333,0.05838
1993,79,0.04762,0.095165,0.064927
1993,80,0.056781,0.102777,0.073087
1993,81,0.065788,0.117397,0.08336
1993,82,0.071081,0.121325,0.087496
1993,83,0.083235,0.137364,0.100308
1993,84,0.096459,0.150708,0.112888
1993,85,0.105032,0.16366,0.122211
1993,86,0.120958,0.182648,0.138281
1993,87,0.137956,0.19638,0.153828
1993,88,0.158237,0.215206,0.173382
1993,89,0.17088,0.250893,0.191553
1993,90,0.198446,0.260184,0.213842
1994,0,0.004883,0.006336,0.005626
1994,1,0.000514,0.000581,0.000548
1994,2,0.000299,0.000305,0.000302
1994,3,0.000164,0.000332,0.00025
1994,4,0.000115,0.00022,0.000169
1994,5,0.000118,0.000206,0.000163
1994,6,0.000108,0.000134,0.000121
1994,7,0.000119,0.000176,0.000148
1994,8,0.000142,0.000147,0.000145
1994,9,0.000113,0.000151,0.000132
1994,10,0.000115,0.000164,0.00014
1994,11,0.000198,0.000111,0.000154
1994,12,0.000159,0.000185,0.000172
1994,13,0.000165,0.000221,0.000193
1994,14,0.000145,0.000267,0.000208
1994,15,0.000192,0.000313,0.000254
1994,16,0.00018,0.000386,0.000285
1994,17,0.00037,0.000395,0.000383
1994,18,0.000297,0.000505,0.000404
1994,19,0.000292,0.000726,0.000513
1994,20,0.000281,0.000761,0.000524
1994,21,0.000284,0.000708,0.000498
1994,22,0.000213,0.000645,0.000432
1994,23,0.000306,0.000762,0.000539
1994,24,0.000271,0.000714,0.000497
1994,25,0.000351,0.00068,0.000519
1994,26,0.000305,0.000667,0.00049
1994,27,0.000304,0.000623,0.000467
1994,28,0.000456,0.000728,0.000596
1994,29,0.000377,0.00075,0.000569
1994,30,0.000368,0.000727,0.000552
1994,31,0.000512,0.000805,0.000662
1994,32,0.000594,0.000967,0.000785
1994,33,0.000522,0.001031,0.000782
1994,34,0.000702,0.001077,0.000893
1994,35,0.00075,0.000971,0.000863
1994,36,0.000855,0.001292,0.001077
1994,37,0.000903,0.001255,0.001082
1994,38,0.000998,0.001191,0.001096
1994,39,0.000814,0.001346,0.001084
1994,40,0.001056,0.001456,0.001259
1994,41,0.001255,0.001848,0.001557
1994,42,0.001321,0.001856,0.001594
1994,43,0.001548,0.002036,0.001797
1994,44,0.001639,0.002382,0.002018
1994,45,0.001883,0.002465,0.002181
1994,46,0.001952,0.002932,0.002453
1994,47,0.002247,0.002964,0.002614
1994,48,0.002258,0.003175,0.002727
1994,49,0.002431,0.003773,0.003117
1994,50,0.002646,0.003882,0.003279
1994,51,0.003081,0.004502,0.003809
1994,52,0.003149,0.005196,0.004196
1994,53,0.00343,0.005512,0.004491
1994,54,0.004066,0.005746,0.004917
1994,55,0.00442,0.007039,0.005743
1994,56,0.004545,0.007525,0.006047
1994,57,0.005057,0.00917,0.007121
1994,58,0.005181,0.009741,0.00746
1994,59,0.005995,0.010912,0.008436
1994,60,0.006784,0.012463,0.009584
1994,61,0.006917,0.013876,0.010323
1994,62,0.007622,0.015657,0.011524
1994,63,0.009047,0.017794,0.013264
1994,64,0.009956,0.019923,0.014713
1994,65,0.010349,0.020631,0.015185
1994,66,0.011043,0.023694,0.01693
1994,67,0.01252,0.02604,0.018752
1994,68,0.013856,0.029885,0.021132
1994,69,0.014863,0.032925,0.022915
1994,70,0.016866,0.035959,0.02527
1994,71,0.018535,0.038165,0.027092
1994,72,0.020197,0.043534,0.030185
1994,73,0.024002,0.048594,0.034333
1994,74,0.026003,0.053645,0.037443
1994,75,0.030182,0.061212,0.042707
1994,76,0.03317,0.066641,0.046357
1994,77,0.039263,0.070314,0.051201
1994,78,0.04161,0.08146,0.056521
1994,79,0.048124,0.089388,0.063167
1994,80,0.053604,0.095266,0.068342
1994,81,0.06139,0.110328,0.078208
1994,82,0.070286,0.11537,0.085152
1994,83,0.07892,0.131874,0.095639
1994,84,0.088751,0.141173,0.104643
1994,85,0.10384,0.163046,0.12112
1994,86,0.115418,0.16423,0.129138
1994,87,0.129633,0.182935,0.144013
1994,88,0.14455,0.201095,0.159313
1994,89,0.167753,0.22533,0.182381
1994,90,0.187485,0.244866,0.201531
1995,0,0.004577,0.006152,0.005383
1995,1,0.0005,0.000448,0.000473
1995,2,0.000262,0.000479,0.000373
1995,3,0.000236,0.000353,0.000296
1995,4,0.000133,0.000243,0.000189
1995,5,0.000188,0.000229,0.000209
1995,6,0.000118,0.000196,0.000158
1995,7,9.7e-05,0.000236,0.000168
1995,8,5.4e-05,0.000155,0.000105
1995,9,8.7e-05,0.000147,0.000117
1995,10,0.000113,0.000151,0.000132
1995,11,0.000183,0.000142,0.000162
1995,12,0.000128,0.000233,0.000181
1995,13,0.000226,0.000217,0.000221
1995,14,0.000186,0.000231,0.000209
1995,15,0.000279,0.000309,0.000294
1995,16,0.00018,0.000644,0.000418
1995,17,0.000246,0.000597,0.000426
1995,18,0.000223,0.00052,0.000375
1995,19,0.000273,0.000609,0.000444
1995,20,0.00028,0.000684,0.000485
1995,21,0.000319,0.000613,0.000468
1995,22,0.000292,0.000634,0.000465
1995,23,0.000348,0.000792,0.000573
1995,24,0.000314,0.000667,0.000494
1995,25,0.000302,0.000735,0.000523
1995,26,0.000366,0.000552,0.000461
1995,27,0.000417,0.000513,0.000466
1995,28,0.000447,0.000516,0.000483
1995,29,0.000408,0.000743,0.00058
1995,30,0.000431,0.000779,0.00061
1995,31,0.000437,0.000793,0.00062
1995,32,0.000457,0.000954,0.000712
1995,33,0.000579,0.001021,0.000804
1995,34,0.000696,0.001033,0.000868
1995,35,0.000726,0.001335,0.001036
1995,36,0.000661,0.001098,0.000883
1995,37,0.000955,0.001238,0.001099
1995,38,0.001021,0.001249,0.001137
1995,39,0.000999,0.001284,0.001143
1995,40,0.001257,0.001678,0.00147
1995,41,0.001224,0.001697,0.001465
1995,42,0.001292,0.001851,0.001576
1995,43,0.001385,0.002189,0.001795
1995,44,0.001622,0.002303,0.001969
1995,45,0.001768,0.002389,0.002084
1995,46,0.001921,0.002982,0.002464
1995,47,0.002082,0.002903,0.002501
1995,48,0.002276,0.003098,0.002696
1995,49,0.002444,0.003521,0.002995
1995,50,0.002708,0.003949,0.003342
1995,51,0.003145,0.004629,0.003904
1995,52,0.003208,0.005046,0.004149
1995,53,0.003369,0.005207,0.004309
1995,54,0.003593,0.00588,0.004757
1995,55,0.00386,0.006584,0.005238
1995,56,0.004351,0.007799,0.00609
1995,57,0.004909,0.008376,0.006653
1995,58,0.00548,0.009566,0.007526
1995,59,0.005961,0.010643,0.008295
1995,60,0.0069,0.012197,0.009523
1995,61,0.006733,0.013621,0.010117
1995,62,0.007999,0.014962,0.011393
1995,63,0.00888,0.016962,0.012787
1995,64,0.009313,0.019441,0.014172
1995,65,0.010804,0.021675,0.015962
1995,66,0.011754,0.02464,0.017776
1995,67,0.012583,0.025923,0.018747
1995,68,0.014937,0.027963,0.020894
1995,69,0.015383,0.032327,0.023006
1995,70,0.016699,0.035526,0.025005
1995,71,0.01798,0.040196,0.027649
1995,72,0.020186,0.043809,0.030353
1995,73,0.022482,0.047006,0.032828
1995,74,0.02604,0.054068,0.037632
1995,75,0.029987,0.060567,0.042428
1995,76,0.033029,0.068475,0.047063
1995,77,0.037163,0.073072,0.051017
1995,78,0.041433,0.081991,0.05667
1995,79,0.048044,0.087952,0.062595
1995,80,0.051939,0.100439,0.069136
1995,81,0.062027,0.106944,0.077451
1995,82,0.069999,0.123966,0.08796
1995,83,0.079969,0.133787,0.097114
1995,84,0.089182,0.14381,0.105783
1995,85,0.10428,0.154998,0.119096
1995,86,0.115544,0.169951,0.130845
1995,87,0.130265,0.197709,0.14847
1995,88,0.146942,0.20671,0.162368
1995,89,0.166025,0.225993,0.181026
1995,90,0.186983,0.249144,0.20207
1996,0,0.005114,0.006335,0.005741
1996,1,0.000444,0.000575,0.000511
1996,2,0.000301,0.000338,0.00032
1996,3,0.000167,0.000269,0.000219
1996,4,0.000236,0.000176,0.000205
1996,5,0.000153,0.000233,0.000194
1996,6,0.000125,0.000109,0.000117
1996,7,7.5e-05,0.000134,0.000105
1996,8,0.000118,0.000194,0.000157
1996,9,0.000129,0.000123,0.000126
1996,10,5.4e-05,0.000146,0.000101
1996,11,0.000101,0.000107,0.000104
1996,12,0.000137,0.000163,0.00015
1996,13,0.000255,0.00021,0.000232
1996,14,0.000147,0.00027,0.00021
1996,15,0.000175,0.000365,0.000272
1996,16,0.0002,0.000519,0.000363
1996,17,0.000258,0.000491,0.000377
1996,18,0.000333,0.000509,0.000423
1996,19,0.000199,0.000698,0.000454
1996,20,0.000315,0.000649,0.000485
1996,21,0.000298,0.000642,0.000472
1996,22,0.000337,0.000795,0.000568
1996,23,0.00029,0.000613,0.000453
1996,24,0.000245,0.000698,0.000475
1996,25,0.000393,0.000751,0.000575
1996,26,0.000285,0.0008,0.000548
1996,27,0.000365,0.000722,0.000547
1996,28,0.000384,0.000735,0.000563
1996,29,0.000447,0.000736,0.000595
1996,30,0.000361,0.00081,0.000591
1996,31,0.000492,0.000838,0.00067
1996,32,0.000383,0.00078,0.000586
1996,33,0.000566,0.000822,0.000697
1996,34,0.000696,0.000948,0.000824
1996,35,0.000577,0.001013,0.000799
1996,36,0.000831,0.001034,0.000934
1996,37,0.00079,0.001328,0.001063
1996,38,0.001014,0.001177,0.001096
1996,39,0.00092,0.001243,0.001085
1996,40,0.001093,0.001487,0.001293
1996,41,0.001396,0.001675,0.001537
1996,42,0.001482,0.001933,0.001711
1996,43,0.001628,0.001995,0.001815
1996,44,0.001683,0.002118,0.001904
1996,45,0.001753,0.002407,0.002086
1996,46,0.001672,0.002605,0.002147
1996,47,0.002048,0.003281,0.002678
1996,48,0.002196,0.003781,0.003005
1996,49,0.00253,0.003722,0.003138
1996,50,0.002906,0.003865,0.003396
1996,51,0.00307,0.004665,0.003883
1996,52,0.003554,0.00505,0.004318
1996,53,0.003244,0.005694,0.004496
1996,54,0.003941,0.005911,0.004946
1996,55,0.003978,0.006376,0.005196
1996,56,0.004299,0.007727,0.006029
1996,57,0.004834,0.008076,0.006466
1996,58,0.005466,0.009414,0.007447
1996,59,0.005678,0.010177,0.007925
1996,60,0.006504,0.01273,0.009598
1996,61,0.006698,0.012704,0.009661
1996,62,0.007509,0.015306,0.011326
1996,63,0.008439,0.017317,0.012749
1996,64,0.009172,0.018402,0.013612
1996,65,0.010117,0.020865,0.015241
1996,66,0.011451,0.023629,0.017192
1996,67,0.013223,0.026466,0.019366
1996,68,0.01522,0.027713,0.02095
1996,69,0.015911,0.031166,0.02283
1996,70,0.016611,0.035484,0.025022
1996,71,0.019469,0.039892,0.028375
1996,72,0.020333,0.043714,0.030382
1996,73,0.02316,0.048367,0.033856
1996,74,0.026668,0.053776,0.037927
1996,75,0.029368,0.059545,0.041637
1996,76,0.032894,0.067204,0.046585
1996,77,0.037962,0.076751,0.052987
1996,78,0.039986,0.080268,0.055149
1996,79,0.04804,0.091607,0.063966
1996,80,0.05543,0.096791,0.070141
1996,81,0.059453,0.10777,0.076102
1996,82,0.069884,0.120322,0.086643
1996,83,0.080469,0.135438,0.098101
1996,84,0.091363,0.14335,0.107303
1996,85,0.101038,0.159514,0.118134
1996,86,0.111853,0.178578,0.130572
1996,87,0.131517,0.186392,0.146254
1996,88,0.151576,0.207482,0.166
1996,89,0.163848,0.233321,0.180992
1996,90,0.183423,0.241251,0.197256
1997,0,0.004539,0.005482,0.005023
1997,1,0.000389,0.000514,0.000453
1997,2,0.000253,0.000362,0.000309
1997,3,0.000238,0.000228,0.000233
1997,4,0.000156,0.000149,0.000153
1997,5,0.000123,0.000234,0.00018
1997,6,0.000132,0.000175,0.000154
1997,7,8.3e-05,0.000238,0.000162
1997,8,9.6e-05,7.2e-05,8.4e-05
1997,9,7.5e-05,0.000204,0.000141
1997,10,0.000107,0.000123,0.000115
1997,11,8.7e-05,9.4e-05,9e-05
1997,12,0.000157,0.000203,0.000181
1997,13,9.1e-05,0.000195,0.000144
1997,14,0.000173,0.000242,0.000209
1997,15,0.000225,0.000247,0.000236
1997,16,0.000207,0.000384,0.000297
1997,17,0.00021,0.000421,0.000318
1997,18,0.000245,0.000552,0.000402
1997,19,0.000285,0.000644,0.000468
1997,20,0.000295,0.000685,0.000494
1997,21,0.000301,0.000542,0.000423
1997,22,0.000326,0.000658,0.000494
1997,23,0.000265,0.000626,0.000447
1997,24,0.000306,0.000751,0.000531
1997,25,0.000403,0.000778,0.000593
1997,26,0.000359,0.000609,0.000486
1997,27,0.000392,0.000657,0.000527
1997,28,0.000379,0.00072,0.000553
1997,29,0.000391,0.000634,0.000515
1997,30,0.000454,0.00069,0.000575
1997,31,0.000439,0.000825,0.000637
1997,32,0.000438,0.000875,0.000662
1997,33,0.000574,0.000919,0.000751
1997,34,0.000611,0.000809,0.000712
1997,35,0.000547,0.000935,0.000744
1997,36,0.000775,0.001045,0.000912
1997,37,0.000742,0.001201,0.000975
1997,38,0.00083,0.001244,0.00104
1997,39,0.000997,0.001421,0.001212
1997,40,0.001124,0.001411,0.001269
1997,41,0.001239,0.001525,0.001384
1997,42,0.001371,0.001696,0.001536
1997,43,0.001598,0.001947,0.001775
1997,44,0.001498,0.002309,0.00191
1997,45,0.001892,0.002132,0.002014
1997,46,0.002165,0.002485,0.002328
1997,47,0.001946,0.002876,0.002419
1997,48,0.002263,0.003118,0.002699
1997,49,0.002633,0.003448,0.003049
1997,50,0.002545,0.00374,0.003155
1997,51,0.00299,0.004033,0.003523
1997,52,0.003382,0.004963,0.004187
1997,53,0.003406,0.005229,0.004335
1997,54,0.003677,0.006248,0.004989
1997,55,0.004007,0.006481,0.005268
1997,56,0.004168,0.007161,0.005686
1997,57,0.005019,0.008303,0.006673
1997,58,0.00579,0.009438,0.007621
1997,59,0.006073,0.009638,0.007857
1997,60,0.00632,0.011042,0.008671
1997,61,0.00686,0.012965,0.009884
1997,62,0.007437,0.014232,0.010777
1997,63,0.008793,0.01497,0.011804
1997,64,0.009333,0.018618,0.013819
1997,65,0.010681,0.019851,0.015065
1997,66,0.010756,0.022898,0.01651
1997,67,0.012385,0.024721,0.01816
1997,68,0.013059,0.027639,0.019773
1997,69,0.01535,0.030776,0.022365
1997,70,0.017263,0.033393,0.024514
1997,71,0.01838,0.038276,0.027153
1997,72,0.020051,0.041687,0.029374
1997,73,0.022075,0.046288,0.032335
1997,74,0.026047,0.052625,0.037154
1997,75,0.028787,0.057708,0.040606
1997,76,0.031192,0.060384,0.042845
1997,77,0.035302,0.071141,0.049314
1997,78,0.042354,0.078686,0.056097
1997,79,0.046481,0.085634,0.060846
1997,80,0.05377,0.097449,0.069297
1997,81,0.060964,0.107501,0.077042
1997,82,0.068594,0.112804,0.083367
1997,83,0.077518,0.130189,0.094447
1997,84,0.088986,0.141474,0.105219
1997,85,0.098115,0.146379,0.112353
1997,86,0.110847,0.167985,0.12692
1997,87,0.131601,0.182664,0.145323
1997,88,0.145594,0.21218,0.162702
1997,89,0.165516,0.225089,0.180182
1997,90,0.177191,0.239869,0.19196
1998,0,0.004429,0.006154,0.005311
1998,1,0.000401,0.000473,0.000438
1998,2,0.000205,0.000399,0.000304
1998,3,0.000179,0.000231,0.000205
1998,4,0.000103,0.000168,0.000136
1998,5,0.000145,0.000198,0.000172
1998,6,5.1e-05,0.000146,0.0001
1998,7,9.1e-05,0.000145,0.000119
1998,8,0.000103,0.000178,0.000142
1998,9,0.000107,9.2e-05,9.9e-05
1998,10,6.4e-05,0.000163,0.000114
1998,11,0.000107,7.1e-05,8.9e-05
1998,12,8.6e-05,0.000187,0.000137
1998,13,0.000145,0.000171,0.000158
1998,14,0.000125,0.00026,0.000194
1998,15,0.000172,0.000274,0.000224
1998,16,0.000279,0.000469,0.000376
1998,17,0.000151,0.000432,0.000295
1998,18,0.00023,0.000649,0.000444
1998,19,0.000274,0.000635,0.000458
1998,20,0.00026,0.00082,0.000544
1998,21,0.000205,0.000724,0.000468
1998,22,0.000212,0.000529,0.000372
1998,23,0.000232,0.000811,0.000524
1998,24,0.000282,0.000583,0.000434
1998,25,0.00025,0.000624,0.000439
1998,26,0.000284,0.000741,0.000515
1998,27,0.000405,0.000691,0.00055
1998,28,0.000291,0.000736,0.000518
1998,29,0.000432,0.000666,0.000551
1998,30,0.000421,0.000663,0.000545
1998,31,0.000365,0.000697,0.000535
1998,32,0.000398,0.000906,0.000659
1998,33,0.000552,0.000824,0.000691
1998,34,0.000519,0.000867,0.000697
1998,35,0.000587,0.000667,0.000628
1998,36,0.00071,0.000897,0.000805
1998,37,0.000703,0.000939,0.000823
1998,38,0.000886,0.001084,0.000987
1998,39,0.000838,0.001339,0.001092
1998,40,0.001113,0.001342,0.001229
1998,41,0.001267,0.001511,0.001391
1998,42,0.001376,0.001936,0.00166
1998,43,0.001406,0.00186,0.001636
1998,44,0.001688,0.002347,0.002022
1998,45,0.00172,0.002228,0.001978
1998,46,0.001804,0.002573,0.002195
1998,47,0.002269,0.002872,0.002576
1998,48,0.002383,0.003051,0.002723
1998,49,0.002471,0.003722,0.003109
1998,50,0.002639,0.003927,0.003295
1998,51,0.002936,0.004482,0.003724
1998,52,0.003543,0.004821,0.004195
1998,53,0.003885,0.005303,0.004606
1998,54,0.003624,0.005988,0.004827
1998,55,0.004018,0.006605,0.005337
1998,56,0.004573,0.006649,0.005629
1998,57,0.004722,0.00739,0.006073
1998,58,0.005371,0.008625,0.007007
1998,59,0.005461,0.009846,0.007657
1998,60,0.005854,0.011171,0.008508
1998,61,0.006817,0.012785,0.009779
1998,62,0.008156,0.014558,0.011316
1998,63,0.008336,0.015834,0.012007
1998,64,0.008984,0.017933,0.013327
1998,65,0.010031,0.019979,0.014809
1998,66,0.010924,0.022686,0.016514
1998,67,0.012443,0.025509,0.018591
1998,68,0.013475,0.027948,0.020202
1998,69,0.014749,0.030456,0.021921
1998,70,0.016109,0.031585,0.023087
1998,71,0.01859,0.036914,0.026746
1998,72,0.020804,0.041599,0.029875
1998,73,0.022915,0.047077,0.033191
1998,74,0.025316,0.051334,0.036173
1998,75,0.028252,0.055374,0.039414
1998,76,0.031411,0.061661,0.043558
1998,77,0.036311,0.067958,0.048708
1998,78,0.040498,0.075729,0.053989
1998,79,0.043638,0.088776,0.060296
1998,80,0.052304,0.093769,0.06708
1998,81,0.061081,0.103972,0.0759
1998,82,0.067918,0.117627,0.084587
1998,83,0.078865,0.127189,0.094496
1998,84,0.087047,0.13868,0.103076
1998,85,0.099548,0.159591,0.117439
1998,86,0.116211,0.169619,0.131377
1998,87,0.127491,0.177559,0.141045
1998,88,0.145817,0.208096,0.161866
1998,89,0.165669,0.227267,0.180791
1998,90,0.187363,0.254682,0.203171
1999,0,0.004946,0.005461,0.00521
1999,1,0.000407,0.000459,0.000433
1999,2,0.000294,0.000371,0.000334
1999,3,0.000161,0.000214,0.000188
1999,4,7.3e-05,0.00027,0.000174
1999,5,0.000113,0.000197,0.000156
1999,6,0.000114,0.000178,0.000147
1999,7,0.000112,0.000165,0.000139
1999,8,0.000121,0.000135,0.000128
1999,9,0.000103,0.000108,0.000106
1999,10,8.5e-05,0.000153,0.000119
1999,11,5.3e-05,0.000101,7.8e-05
1999,12,0.000181,0.000142,0.000161
1999,13,0.000193,0.000186,0.00019
1999,14,0.000222,0.000287,0.000255
1999,15,0.000169,0.000247,0.000209
1999,16,0.000217,0.000455,0.000339
1999,17,0.000311,0.00057,0.000444
1999,18,0.000193,0.00043,0.000314
1999,19,0.000238,0.000709,0.000478
1999,20,0.00025,0.000548,0.000401
1999,21,0.0003,0.000638,0.000471
1999,22,0.00031,0.000657,0.000485
1999,23,0.00021,0.00075,0.000483
1999,24,0.000299,0.000745,0.000524
1999,25,0.00028,0.000683,0.000483
1999,26,0.000372,0.000699,0.000537
1999,27,0.00039,0.000753,0.000574
1999,28,0.000269,0.000704,0.00049
1999,29,0.000449,0.000572,0.000512
1999,30,0.000399,0.000694,0.00055
1999,31,0.000444,0.000745,0.000598
1999,32,0.000396,0.000748,0.000576
1999,33,0.00053,0.000823,0.00068
1999,34,0.000611,0.000874,0.000746
1999,35,0.00064,0.00083,0.000737
1999,36,0.00081,0.000971,0.000892
1999,37,0.000623,0.001071,0.00085
1999,38,0.000978,0.001404,0.001195
1999,39,0.001126,0.001382,0.001256
1999,40,0.001336,0.00138,0.001358
1999,41,0.001162,0.001578,0.001373
1999,42,0.001537,0.00176,0.00165
1999,43,0.001342,0.001914,0.001631
1999,44,0.00159,0.002127,0.001861
1999,45,0.001778,0.00236,0.002073
1999,46,0.00204,0.002586,0.002317
1999,47,0.002364,0.003033,0.002704
1999,48,0.002456,0.002881,0.002672
1999,49,0.002588,0.003761,0.003184
1999,50,0.002962,0.003933,0.003456
1999,51,0.002874,0.004423,0.003662
1999,52,0.003611,0.004644,0.004137
1999,53,0.003537,0.004958,0.004261
1999,54,0.003732,0.005893,0.00483
1999,55,0.004395,0.007011,0.005726
1999,56,0.004364,0.006915,0.005662
1999,57,0.004544,0.008064,0.006332
1999,58,0.005407,0.008297,0.006867
1999,59,0.005285,0.00957,0.007435
1999,60,0.006548,0.010701,0.008623
1999,61,0.007291,0.012645,0.009955
1999,62,0.007105,0.012721,0.009883
1999,63,0.007963,0.015539,0.011689
1999,64,0.00983,0.017649,0.013642
1999,65,0.00939,0.019597,0.014317
1999,66,0.011307,0.021296,0.016077
1999,67,0.011514,0.023544,0.017192
1999,68,0.014387,0.027889,0.020695
1999,69,0.015013,0.029669,0.021769
1999,70,0.01696,0.031817,0.023688
1999,71,0.019747,0.036364,0.027169
1999,72,0.020037,0.040075,0.028864
1999,73,0.023501,0.044866,0.032706
1999,74,0.024756,0.051914,0.036137
1999,75,0.028645,0.056209,0.039966
1999,76,0.032163,0.060446,0.043609
1999,77,0.037107,0.069729,0.049963
1999,78,0.041994,0.076648,0.055295
1999,79,0.04542,0.081905,0.05907
1999,80,0.052033,0.093551,0.067
1999,81,0.061805,0.104565,0.076627
1999,82,0.071161,0.117103,0.086569
1999,83,0.076384,0.123918,0.091809
1999,84,0.088971,0.142888,0.105794
1999,85,0.101884,0.151422,0.116699
1999,86,0.114539,0.171552,0.130895
1999,87,0.133735,0.190449,0.149227
1999,88,0.143277,0.202345,0.15859
1999,89,0.168392,0.233626,0.184427
1999,90,0.189651,0.247584,0.203185
2000,0,0.004775,0.005549,0.005172
2000,1,0.000425,0.000502,0.000464
2000,2,0.00026,0.000338,0.0003
2000,3,0.000157,0.00019,0.000174
2000,4,0.000192,0.000162,0.000177
2000,5,7.3e-05,0.000189,0.000132
2000,6,0.000103,0.000177,0.000141
2000,7,0.000124,0.000108,0.000116
2000,8,0.000101,0.000126,0.000114
2000,9,0.000131,0.000163,0.000147
2000,10,0.000123,0.000128,0.000125
2000,11,6.3e-05,0.000132,9.8e-05
2000,12,0.000106,0.000202,0.000155
2000,13,0.000159,0.000203,0.000181
2000,14,0.000118,0.000134,0.000126
2000,15,0.000243,0.000221,0.000232
2000,16,0.000269,0.000382,0.000327
2000,17,0.00025,0.000525,0.000391
2000,18,0.000231,0.000733,0.000488
2000,19,0.000306,0.000702,0.000508
2000,20,0.000256,0.000716,0.00049
2000,21,0.000321,0.000786,0.000556
2000,22,0.000296,0.000664,0.000482
2000,23,0.000274,0.000651,0.000465
2000,24,0.00028,0.000702,0.000493
2000,25,0.000316,0.000632,0.000475
2000,26,0.000335,0.000688,0.000512
2000,27,0.000308,0.000572,0.000441
2000,28,0.000379,0.000556,0.000469
2000,29,0.000259,0.000663,0.000464
2000,30,0.000371,0.000629,0.000502
2000,31,0.000474,0.000692,0.000585
2000,32,0.00041,0.000797,0.000607
2000,33,0.000497,0.000807,0.000655
2000,34,0.000575,0.000755,0.000667
2000,35,0.00061,0.00088,0.000748
2000,36,0.000684,0.00091,0.0008
2000,37,0.000916,0.000992,0.000955
2000,38,0.000879,0.001077,0.00098
2000,39,0.000842,0.001213,0.001031
2000,40,0.001149,0.001413,0.001283
2000,41,0.001198,0.001623,0.001413
2000,42,0.00127,0.001718,0.001496
2000,43,0.001284,0.002165,0.00173
2000,44,0.001821,0.002218,0.002021
2000,45,0.002043,0.002292,0.002169
2000,46,0.002107,0.002521,0.002317
2000,47,0.002529,0.003126,0.002831
2000,48,0.002377,0.003016,0.002701
2000,49,0.002653,0.003546,0.003106
2000,50,0.002484,0.003634,0.003069
2000,51,0.002898,0.004045,0.003481
2000,52,0.003512,0.004599,0.004064
2000,53,0.003285,0.005456,0.004388
2000,54,0.003645,0.005559,0.004619
2000,55,0.004115,0.006605,0.005379
2000,56,0.004675,0.007871,0.006298
2000,57,0.00509,0.007758,0.006445
2000,58,0.00526,0.008792,0.007051
2000,59,0.005561,0.009518,0.007557
2000,60,0.006166,0.010455,0.008313
2000,61,0.007179,0.011304,0.009234
2000,62,0.006908,0.01263,0.009746
2000,63,0.007805,0.015379,0.011538
2000,64,0.009282,0.016653,0.012894
2000,65,0.009807,0.018471,0.014011
2000,66,0.010804,0.021662,0.016016
2000,67,0.011477,0.023848,0.017349
2000,68,0.014175,0.025099,0.019298
2000,69,0.014488,0.027382,0.02047
2000,70,0.016798,0.032253,0.023866
2000,71,0.017865,0.035155,0.025624
2000,72,0.020365,0.040326,0.029195
2000,73,0.021809,0.043589,0.031294
2000,74,0.025811,0.047743,0.035136
2000,75,0.028738,0.055009,0.039576
2000,76,0.031206,0.060767,0.043153
2000,77,0.034267,0.066253,0.04698
2000,78,0.040808,0.075849,0.054337
2000,79,0.047378,0.084321,0.061245
2000,80,0.052772,0.090793,0.066677
2000,81,0.060326,0.105941,0.076334
2000,82,0.068761,0.112197,0.083392
2000,83,0.080873,0.128486,0.096369
2000,84,0.090884,0.143995,0.107523
2000,85,0.102333,0.15093,0.116949
2000,86,0.114448,0.165104,0.12906
2000,87,0.132689,0.18911,0.148262
2000,88,0.145993,0.203801,0.161152
2000,89,0.162189,0.211954,0.174549
2000,90,0.187437,0.243048,0.200517
2001,0,0.004708,0.005841,0.005288
2001,1,0.000358,0.000455,0.000408
2001,2,0.000182,0.00026,0.000222
2001,3,0.000145,0.000317,0.000233
2001,4,0.000167,0.000189,0.000178
2001,5,3.2e-05,0.000253,0.000145
2001,6,9.4e-05,0.000149,0.000122
2001,7,7.2e-05,0.000137,0.000105
2001,8,0.000103,9.8e-05,0.0001
2001,9,0.000121,9.6e-05,0.000109
2001,10,9e-05,0.000182,0.000137
2001,11,0.000133,0.000186,0.00016
2001,12,0.000158,0.000192,0.000175
2001,13,0.000137,0.000161,0.000149
2001,14,0.000243,0.000192,0.000217
2001,15,0.000245,0.000296,0.000271
2001,16,0.00023,0.000458,0.000347
2001,17,0.000211,0.000451,0.000334
2001,18,0.000224,0.000424,0.000327
2001,19,0.000206,0.000675,0.000445
2001,20,0.00024,0.000586,0.000415
2001,21,0.000211,0.000566,0.000391
2001,22,0.000264,0.000736,0.000502
2001,23,0.000302,0.000636,0.00047
2001,24,0.000219,0.000633,0.000428
2001,25,0.000349,0.000583,0.000467
2001,26,0.000273,0.000596,0.000436
2001,27,0.000227,0.000719,0.000475
2001,28,0.000332,0.000603,0.000468
2001,29,0.000417,0.000673,0.000547
2001,30,0.00039,0.000841,0.000619
2001,31,0.0004,0.000794,0.0006
2001,32,0.000541,0.000602,0.000572
2001,33,0.000409,0.000749,0.000582
2001,34,0.00066,0.000918,0.000792
2001,35,0.000588,0.000902,0.000749
2001,36,0.000654,0.00085,0.000754
2001,37,0.000714,0.001084,0.000903
2001,38,0.001007,0.001051,0.001029
2001,39,0.000862,0.001258,0.001063
2001,40,0.001007,0.001167,0.001088
2001,41,0.001084,0.001522,0.001306
2001,42,0.001334,0.001671,0.001505
2001,43,0.001327,0.001865,0.001599
2001,44,0.001562,0.002093,0.001831
2001,45,0.001865,0.002339,0.002104
2001,46,0.00208,0.002459,0.002271
2001,47,0.002332,0.003358,0.002851
2001,48,0.002223,0.002989,0.002611
2001,49,0.002724,0.003236,0.002983
2001,50,0.002512,0.004012,0.003273
2001,51,0.003108,0.00431,0.003718
2001,52,0.003385,0.004523,0.003964
2001,53,0.003531,0.005219,0.004388
2001,54,0.003813,0.00532,0.004578
2001,55,0.003735,0.005816,0.004793
2001,56,0.004756,0.007052,0.00592
2001,57,0.005275,0.007781,0.006546
2001,58,0.005307,0.00891,0.007134
2001,59,0.005683,0.009209,0.007467
2001,60,0.006035,0.009991,0.008026
2001,61,0.00707,0.010853,0.008959
2001,62,0.007137,0.011834,0.00947
2001,63,0.00808,0.014153,0.011083
2001,64,0.008351,0.016173,0.012193
2001,65,0.008813,0.017302,0.012954
2001,66,0.010653,0.01982,0.015078
2001,67,0.011658,0.022629,0.016893
2001,68,0.013398,0.0258,0.019246
2001,69,0.014542,0.027307,0.02049
2001,70,0.015921,0.031928,0.02329
2001,71,0.017686,0.03369,0.024937
2001,72,0.021518,0.038942,0.029263
2001,73,0.023016,0.043761,0.032092
2001,74,0.02364,0.047331,0.033826
2001,75,0.028241,0.054367,0.03919
2001,76,0.032169,0.058475,0.042847
2001,77,0.036614,0.066771,0.048587
2001,78,0.041147,0.070381,0.052553
2001,79,0.04634,0.07799,0.058307
2001,80,0.051149,0.087526,0.064518
2001,81,0.059082,0.100953,0.074007
2001,82,0.067847,0.107979,0.081538
2001,83,0.077432,0.127898,0.093923
2001,84,0.087838,0.13577,0.102921
2001,85,0.099057,0.148253,0.113945
2001,86,0.115008,0.159869,0.128048
2001,87,0.128642,0.176221,0.141889
2001,88,0.14442,0.20541,0.160588
2001,89,0.164594,0.223147,0.179307
2001,90,0.185769,0.247914,0.20055
2002,0,0.0045,0.005472,0.004998
2002,1,0.000386,0.000454,0.00042
2002,2,0.000228,0.000369,0.0003
2002,3,0.000151,0.000221,0.000187
2002,4,0.000176,0.000148,0.000162
2002,5,0.000146,0.000139,0.000142
2002,6,0.000117,0.000121,0.000119
2002,7,4.2e-05,0.000129,8.6e-05
2002,8,9.2e-05,0.000107,0.0001
2002,9,9.2e-05,0.000147,0.00012
2002,10,9.1e-05,0.000183,0.000138
2002,11,6e-05,0.000105,8.3e-05
2002,12,0.000133,0.000175,0.000154
2002,13,0.000115,0.000221,0.000169
2002,14,0.000105,0.00022,0.000164
2002,15,0.000221,0.000231,0.000226
2002,16,0.000222,0.000405,0.000315
2002,17,0.000283,0.000391,0.000338
2002,18,0.000198,0.000694,0.000453
2002,19,0.000342,0.000714,0.000533
2002,20,0.000203,0.000681,0.000446
2002,21,0.000185,0.000582,0.000386
2002,22,0.00027,0.000551,0.000412
2002,23,0.000219,0.000636,0.000429
2002,24,0.000412,0.000629,0.000521
2002,25,0.000329,0.000526,0.000428
2002,26,0.000284,0.000718,0.000503
2002,27,0.000417,0.000459,0.000438
2002,28,0.000367,0.000622,0.000495
2002,29,0.000356,0.000574,0.000466
2002,30,0.000302,0.000688,0.000496
2002,31,0.000436,0.000787,0.000614
2002,32,0.000527,0.000757,0.000644
2002,33,0.000479,0.000792,0.000639
2002,34,0.000628,0.00087,0.000751
2002,35,0.000682,0.000828,0.000757
2002,36,0.000665,0.000961,0.000816
2002,37,0.000729,0.001033,0.000885
2002,38,0.000675,0.001202,0.000944
2002,39,0.000968,0.001253,0.001113
2002,40,0.000893,0.001222,0.00106
2002,41,0.001085,0.001268,0.001178
2002,42,0.001269,0.001689,0.001482
2002,43,0.001246,0.001675,0.001463
2002,44,0.001793,0.002072,0.001934
2002,45,0.001724,0.002297,0.002014
2002,46,0.002219,0.00248,0.002351
2002,47,0.002397,0.002698,0.002549
2002,48,0.002666,0.003056,0.002864
2002,49,0.002575,0.003355,0.002969
2002,50,0.002913,0.003725,0.003324
2002,51,0.00285,0.004023,0.003444
2002,52,0.003383,0.004207,0.003801
2002,53,0.003665,0.004721,0.004201
2002,54,0.003983,0.00564,0.004824
2002,55,0.004153,0.006354,0.00527
2002,56,0.004922,0.006525,0.005736
2002,57,0.004696,0.007375,0.006053
2002,58,0.004963,0.008271,0.006637
2002,59,0.005551,0.008644,0.007116
2002,60,0.006317,0.010273,0.008314
2002,61,0.006963,0.011074,0.009028
2002,62,0.007248,0.012117,0.009672
2002,63,0.008192,0.014411,0.011274
2002,64,0.008741,0.015721,0.012181
2002,65,0.009615,0.01666,0.01306
2002,66,0.010835,0.018927,0.014764
2002,67,0.011041,0.021756,0.016184
2002,68,0.012725,0.024002,0.018073
2002,69,0.014343,0.028336,0.020897
2002,70,0.016979,0.030162,0.023076
2002,71,0.017744,0.032795,0.024615
2002,72,0.019357,0.038365,0.027888
2002,73,0.02334,0.042436,0.031738
2002,74,0.024269,0.047954,0.034503
2002,75,0.027769,0.050655,0.037472
2002,76,0.031651,0.059406,0.043107
2002,77,0.035772,0.064794,0.047362
2002,78,0.042202,0.073842,0.054537
2002,79,0.04465,0.08045,0.058345
2002,80,0.05307,0.090745,0.066997
2002,81,0.058975,0.097906,0.072935
2002,82,0.065915,0.107475,0.080344
2002,83,0.080106,0.120997,0.093659
2002,84,0.091039,0.140648,0.106738
2002,85,0.09823,0.151012,0.114276
2002,86,0.109438,0.165617,0.125843
2002,87,0.13051,0.188524,0.146765
2002,88,0.144519,0.206056,0.160963
2002,89,0.165829,0.213057,0.177829
2002,90,0.184413,0.244545,0.198886
2003,0,0.004054,0.005401,0.004746
2003,1,0.000392,0.000432,0.000412
2003,2,0.000158,0.000293,0.000227
2003,3,0.000109,0.000199,0.000155
2003,4,0.000171,0.000173,0.000172
2003,5,8.3e-05,0.000198,0.000142
2003,6,9.4e-05,0.000199,0.000147
2003,7,0.000106,0.000202,0.000155
2003,8,0.000124,0.000198,0.000162
2003,9,0.000153,0.000127,0.00014
2003,10,9.2e-05,0.000127,0.00011
2003,11,0.000161,0.000154,0.000157
2003,12,0.0001,0.000181,0.000141
2003,13,0.000132,0.000175,0.000154
2003,14,0.000189,0.000201,0.000195
2003,15,0.000136,0.000209,0.000174
2003,16,0.000251,0.000369,0.000311
2003,17,0.000189,0.000402,0.000298
2003,18,0.000324,0.000469,0.000399
2003,19,0.000249,0.000577,0.000417
2003,20,0.000207,0.000461,0.000337
2003,21,0.000232,0.000555,0.000395
2003,22,0.000274,0.000608,0.000442
2003,23,0.000267,0.000496,0.000383
2003,24,0.000258,0.000581,0.00042
2003,25,0.000306,0.000576,0.000441
2003,26,0.000245,0.000584,0.000416
2003,27,0.000404,0.000507,0.000456
2003,28,0.000337,0.000725,0.000532
2003,29,0.000412,0.000649,0.000531
2003,30,0.000381,0.000601,0.000491
2003,31,0.000358,0.000753,0.000557
2003,32,0.000342,0.00066,0.000503
2003,33,0.000466,0.000759,0.000615
2003,34,0.000464,0.000853,0.000662
2003,35,0.000604,0.000812,0.00071
2003,36,0.000627,0.000861,0.000746
2003,37,0.000673,0.000928,0.000803
2003,38,0.00076,0.000942,0.000853
2003,39,0.001017,0.001301,0.001162
2003,40,0.000991,0.001436,0.001217
2003,41,0.001041,0.001377,0.001211
2003,42,0.00122,0.001679,0.001453
2003,43,0.001512,0.002143,0.001831
2003,44,0.00157,0.001917,0.001745
2003,45,0.001871,0.002349,0.002112
2003,46,0.001906,0.002441,0.002176
2003,47,0.002275,0.002625,0.002451
2003,48,0.002534,0.002846,0.002691
2003,49,0.002665,0.003368,0.00302
2003,50,0.002949,0.003676,0.003317
2003,51,0.003096,0.004065,0.003586
2003,52,0.003377,0.004764,0.00408
2003,53,0.00348,0.004884,0.004192
2003,54,0.004048,0.005072,0.004568
2003,55,0.004036,0.006058,0.005061
2003,56,0.004222,0.006322,0.005286
2003,57,0.00488,0.007722,0.006321
2003,58,0.00517,0.008575,0.00689
2003,59,0.005864,0.008665,0.007279
2003,60,0.006467,0.010032,0.008268
2003,61,0.00635,0.011168,0.008777
2003,62,0.007179,0.011892,0.009539
2003,63,0.007282,0.013042,0.010142
2003,64,0.008344,0.014559,0.011414
2003,65,0.009352,0.016914,0.013062
2003,66,0.010587,0.018407,0.014393
2003,67,0.010703,0.020335,0.015354
2003,68,0.012728,0.023481,0.017861
2003,69,0.014046,0.02495,0.019182
2003,70,0.015394,0.02724,0.020904
2003,71,0.017571,0.033595,0.024925
2003,72,0.019792,0.037691,0.027885
2003,73,0.021077,0.041487,0.03014
2003,74,0.02476,0.043091,0.032731
2003,75,0.027652,0.049195,0.036845
2003,76,0.030432,0.056697,0.041404
2003,77,0.035275,0.061903,0.046098
2003,78,0.039705,0.071297,0.052092
2003,79,0.043767,0.078091,0.056879
2003,80,0.050376,0.087776,0.064313
2003,81,0.056949,0.098425,0.071907
2003,82,0.065557,0.110598,0.081278
2003,83,0.071997,0.118811,0.087789
2003,84,0.086443,0.134358,0.10183
2003,85,0.097233,0.14772,0.11266
2003,86,0.114402,0.17028,0.130761
2003,87,0.131732,0.180383,0.145393
2003,88,0.148014,0.209722,0.164601
2003,89,0.167029,0.224406,0.181726
2003,90,0.189464,0.253202,0.204981
2004,0,0.003776,0.004862,0.004332
2004,1,0.000353,0.000374,0.000364
2004,2,0.000221,0.000279,0.000251
2004,3,0.000148,0.000208,0.000179
2004,4,0.000119,0.000171,0.000146
2004,5,8.1e-05,0.000106,9.4e-05
2004,6,0.000104,8.9e-05,9.6e-05
2004,7,7.3e-05,0.000119,9.7e-05
2004,8,8.5e-05,0.000101,9.3e-05
2004,9,8.3e-05,0.000109,9.6e-05
2004,10,4.1e-05,8.8e-05,6.5e-05
2004,11,8.2e-05,0.000137,0.00011
2004,12,0.000111,9.6e-05,0.000103
2004,13,0.00011,0.000228,0.000171
2004,14,0.000122,0.000185,0.000154
2004,15,0.000126,0.000341,0.000236
2004,16,0.00021,0.000279,0.000245
2004,17,0.000167,0.000428,0.000301
2004,18,0.000188,0.000421,0.000307
2004,19,0.00016,0.00052,0.000344
2004,20,0.000258,0.000567,0.000415
2004,21,0.000216,0.000439,0.000329
2004,22,0.000261,0.000492,0.000377
2004,23,0.000191,0.000447,0.00032
2004,24,0.000245,0.000606,0.000426
2004,25,0.000246,0.000447,0.000347
2004,26,0.000254,0.000544,0.000399
2004,27,0.000265,0.000533,0.0004
2004,28,0.000292,0.000637,0.000466
2004,29,0.000337,0.000669,0.000503
2004,30,0.000365,0.000623,0.000494
2004,31,0.000363,0.000663,0.000514
2004,32,0.000399,0.000612,0.000506
2004,33,0.00049,0.000639,0.000566
2004,34,0.000542,0.000747,0.000646
2004,35,0.00051,0.000864,0.00069
2004,36,0.000573,0.000815,0.000696
2004,37,0.000636,0.000994,0.000818
2004,38,0.00072,0.001073,0.0009
2004,39,0.000821,0.001136,0.000982
2004,40,0.000935,0.001079,0.001008
2004,41,0.001039,0.001509,0.001278
2004,42,0.001369,0.001588,0.00148
2004,43,0.001207,0.00154,0.001375
2004,44,0.001426,0.001908,0.001669
2004,45,0.001646,0.001997,0.001823
2004,46,0.002068,0.002016,0.002042
2004,47,0.002242,0.00266,0.002453
2004,48,0.0026,0.003044,0.002824
2004,49,0.002429,0.00293,0.002681
2004,50,0.002907,0.003763,0.003339
2004,51,0.00305,0.00355,0.003302
2004,52,0.003227,0.004801,0.004023
2004,53,0.00367,0.004924,0.004304
2004,54,0.003726,0.005106,0.004425
2004,55,0.003699,0.005835,0.004782
2004,56,0.00416,0.005927,0.005054
2004,57,0.004678,0.007271,0.00599
2004,58,0.00521,0.008092,0.006668
2004,59,0.005493,0.008647,0.007084
2004,60,0.00574,0.009897,0.007836
2004,61,0.006937,0.010166,0.008564
2004,62,0.006968,0.011606,0.009299
2004,63,0.007183,0.012671,0.009923
2004,64,0.007736,0.01375,0.010714
2004,65,0.008962,0.015797,0.012324
2004,66,0.009424,0.017843,0.013537
2004,67,0.01067,0.018706,0.014562
2004,68,0.01188,0.021749,0.01662
2004,69,0.013567,0.025506,0.019231
2004,70,0.014748,0.027611,0.020767
2004,71,0.016992,0.030363,0.023167
2004,72,0.018599,0.034033,0.025621
2004,73,0.020184,0.040033,0.029068
2004,74,0.022922,0.043229,0.031841
2004,75,0.025953,0.046345,0.034722
2004,76,0.028571,0.050963,0.037993
2004,77,0.032947,0.059859,0.044034
2004,78,0.037049,0.063733,0.047713
2004,79,0.043098,0.072748,0.054508
2004,80,0.048569,0.084126,0.061888
2004,81,0.054375,0.092442,0.068224
2004,82,0.064596,0.098678,0.076577
2004,83,0.073075,0.109098,0.08532
2004,84,0.0814,0.125684,0.095912
2004,85,0.094932,0.138013,0.108328
2004,86,0.107446,0.154335,0.121289
2004,87,0.117356,0.170356,0.132317
2004,88,0.136109,0.199066,0.153079
2004,89,0.154178,0.209422,0.168387
2004,90,0.174566,0.231867,0.188618
2005,0,0.004524,0.005173,0.004856
2005,1,0.000468,0.000377,0.000421
2005,2,0.000172,0.000269,0.000222
2005,3,0.000131,0.000212,0.000172
2005,4,0.000188,0.000133,0.00016
2005,5,8e-05,0.000152,0.000117
2005,6,5.1e-05,0.000126,8.9e-05
2005,7,0.000104,9.9e-05,0.000102
2005,8,3.1e-05,0.00015,9.2e-05
2005,9,5.3e-05,7.1e-05,6.2e-05
2005,10,0.000187,9.9e-05,0.000142
2005,11,9.2e-05,6.8e-05,8e-05
2005,12,7.2e-05,0.000147,0.00011
2005,13,0.000111,0.000202,0.000157
2005,14,0.00015,0.000152,0.000151
2005,15,9.2e-05,0.000185,0.000139
2005,16,0.000209,0.000331,0.000271
2005,17,0.000146,0.000309,0.00023
2005,18,0.000177,0.000478,0.000331
2005,19,0.000208,0.000401,0.000306
2005,20,0.000254,0.000511,0.000385
2005,21,0.000287,0.000475,0.000382
2005,22,0.000331,0.000387,0.000359
2005,23,0.00028,0.000531,0.000406
2005,24,0.00016,0.000456,0.000309
2005,25,0.000244,0.000484,0.000364
2005,26,0.000204,0.000569,0.000387
2005,27,0.000243,0.000495,0.000369
2005,28,0.000305,0.000454,0.00038
2005,29,0.000302,0.00059,0.000446
2005,30,0.000366,0.000643,0.000505
2005,31,0.000449,0.000514,0.000482
2005,32,0.000372,0.000563,0.000467
2005,33,0.000538,0.000703,0.000621
2005,34,0.00046,0.000765,0.000614
2005,35,0.000611,0.000877,0.000745
2005,36,0.000671,0.000818,0.000745
2005,37,0.000677,0.000828,0.000753
2005,38,0.000653,0.000991,0.000825
2005,39,0.000814,0.001004,0.000911
2005,40,0.000938,0.00112,0.00103
2005,41,0.001074,0.001262,0.001169
2005,42,0.001103,0.001448,0.001278
2005,43,0.001333,0.001664,0.0015
2005,44,0.001494,0.001617,0.001556
2005,45,0.001398,0.001973,0.001688
2005,46,0.001797,0.0018,0.001798
2005,47,0.002024,0.002512,0.00227
2005,48,0.002181,0.0028,0.002493
2005,49,0.002498,0.003138,0.00282
2005,50,0.002807,0.003426,0.003119
2005,51,0.002711,0.004052,0.003387
2005,52,0.003332,0.003642,0.003489
2005,53,0.00315,0.00441,0.003787
2005,54,0.003502,0.005003,0.00426
2005,55,0.004151,0.00556,0.004864
2005,56,0.004015,0.005969,0.005004
2005,57,0.004776,0.006042,0.005416
2005,58,0.00492,0.007063,0.006003
2005,59,0.005116,0.007637,0.00639
2005,60,0.00604,0.009043,0.007552
2005,61,0.006419,0.010499,0.008472
2005,62,0.006136,0.011639,0.008901
2005,63,0.007464,0.011916,0.009695
2005,64,0.00839,0.013403,0.010886
2005,65,0.008232,0.015917,0.012022
2005,66,0.009215,0.017271,0.013159
2005,67,0.010248,0.017718,0.013881
2005,68,0.011295,0.020734,0.015843
2005,69,0.012396,0.023379,0.017642
2005,70,0.013786,0.025462,0.019289
2005,71,0.015965,0.029759,0.022375
2005,72,0.018317,0.033448,0.025252
2005,73,0.01954,0.035903,0.026916
2005,74,0.023556,0.041316,0.031423
2005,75,0.025268,0.04551,0.03406
2005,76,0.027818,0.052969,0.038497
2005,77,0.033225,0.057985,0.043502
2005,78,0.037416,0.06529,0.048721
2005,79,0.041317,0.071671,0.053235
2005,80,0.047135,0.081027,0.059964
2005,81,0.053148,0.094462,0.068265
2005,82,0.061556,0.100489,0.07538
2005,83,0.068499,0.113187,0.083819
2005,84,0.079416,0.122957,0.093807
2005,85,0.089046,0.132003,0.102714
2005,86,0.105887,0.154224,0.120449
2005,87,0.118284,0.170131,0.133053
2005,88,0.133702,0.185456,0.147746
2005,89,0.156088,0.215353,0.1714
2005,90,0.171865,0.232325,0.186748
2006,0,0.0039,0.004927,0.004427
2006,1,0.000364,0.000338,0.000351
2006,2,0.000156,0.000279,0.000219
2006,3,0.000132,0.000203,0.000168
2006,4,0.000101,0.000135,0.000119
2006,5,0.000119,0.000134,0.000127
2006,6,0.00011,9.6e-05,0.000103
2006,7,7.1e-05,0.000126,9.9e-05
2006,8,0.000104,0.00012,0.000112
2006,9,7.3e-05,7e-05,7.2e-05
2006,10,6.4e-05,9.1e-05,7.8e-05
2006,11,0.000125,0.000119,0.000122
2006,12,9.2e-05,7.8e-05,8.5e-05
2006,13,0.000154,0.000147,0.000151
2006,14,0.000121,0.000154,0.000138
2006,15,0.00017,0.000143,0.000156
2006,16,0.000143,0.00037,0.000259
2006,17,0.000146,0.000351,0.000251
2006,18,0.000146,0.000319,0.000235
2006,19,0.000176,0.000349,0.000264
2006,20,0.000114,0.000502,0.000311
2006,21,0.000232,0.000491,0.000363
2006,22,0.000201,0.000515,0.00036
2006,23,0.000223,0.000574,0.0004
2006,24,0.000124,0.00045,0.000287
2006,25,0.000189,0.000506,0.000348
2006,26,0.000264,0.000424,0.000344
2006,27,0.000224,0.000509,0.000367
2006,28,0.000354,0.000506,0.00043
2006,29,0.000275,0.000516,0.000396
2006,30,0.000413,0.000602,0.000508
2006,31,0.000328,0.000588,0.000458
2006,32,0.000338,0.000695,0.000516
2006,33,0.000452,0.000618,0.000535
2006,34,0.000572,0.000675,0.000624
2006,35,0.0005,0.00067,0.000586
2006,36,0.000522,0.00083,0.000678
2006,37,0.000589,0.000943,0.000768
2006,38,0.000703,0.000833,0.000769
2006,39,0.000639,0.001166,0.000906
2006,40,0.000895,0.001048,0.000972
2006,41,0.000986,0.001126,0.001057
2006,42,0.000985,0.001365,0.001178
2006,43,0.00099,0.00163,0.001314
2006,44,0.001564,0.001327,0.001444
2006,45,0.001395,0.001773,0.001586
2006,46,0.001856,0.002024,0.00194
2006,47,0.001827,0.002226,0.002028
2006,48,0.002106,0.002782,0.002447
2006,49,0.002327,0.002841,0.002586
2006,50,0.002577,0.003286,0.002933
2006,51,0.002907,0.003551,0.003231
2006,52,0.003345,0.004194,0.003773
2006,53,0.003168,0.004143,0.00366
2006,54,0.003661,0.004846,0.004259
2006,55,0.003848,0.005186,0.004524
2006,56,0.00408,0.005632,0.004863
2006,57,0.004657,0.006399,0.005537
2006,58,0.00491,0.006962,0.005946
2006,59,0.005042,0.007745,0.006406
2006,60,0.005675,0.008631,0.007166
2006,61,0.006421,0.009977,0.008207
2006,62,0.006635,0.011297,0.008974
2006,63,0.007145,0.011698,0.009427
2006,64,0.007762,0.012915,0.010336
2006,65,0.008351,0.014081,0.011194
2006,66,0.008952,0.014915,0.01188
2006,67,0.010308,0.018516,0.01431
2006,68,0.011013,0.019457,0.015099
2006,69,0.012004,0.022394,0.016983
2006,70,0.01314,0.026155,0.019316
2006,71,0.015642,0.028083,0.021465
2006,72,0.016767,0.03071,0.023197
2006,73,0.019145,0.034908,0.026307
2006,74,0.022775,0.038129,0.029632
2006,75,0.024391,0.041996,0.032111
2006,76,0.028975,0.04808,0.037178
2006,77,0.031059,0.056401,0.041674
2006,78,0.036046,0.063413,0.047239
2006,79,0.039309,0.068806,0.051062
2006,80,0.046157,0.07875,0.058721
2006,81,0.05205,0.085075,0.064279
2006,82,0.061126,0.094889,0.073194
2006,83,0.067398,0.110263,0.08223
2006,84,0.079463,0.114321,0.091087
2006,85,0.09178,0.130681,0.104294
2006,86,0.101141,0.155573,0.117923
2006,87,0.119586,0.164695,0.132696
2006,88,0.132092,0.183555,0.146229
2006,89,0.150705,0.200219,0.16363
2006,90,0.173097,0.21676,0.183931
2007,0,0.003376,0.004657,0.004032
2007,1,0.000266,0.000369,0.000318
2007,2,0.000118,0.000205,0.000162
2007,3,0.000188,0.0001,0.000143
2007,4,9.1e-05,0.000184,0.000139
2007,5,9.1e-05,0.000136,0.000114
2007,6,0.00011,8.6e-05,9.8e-05
2007,7,8e-05,5.7e-05,6.9e-05
2007,8,6.1e-05,6.8e-05,6.5e-05
2007,9,0.000104,8e-05,9.2e-05
2007,10,0.000136,3e-05,8.2e-05
2007,11,9.6e-05,0.000102,9.9e-05
2007,12,0.000104,0.00013,0.000117
2007,13,9.2e-05,0.000127,0.00011
2007,14,0.000164,0.000137,0.000151
2007,15,0.000111,0.000164,0.000138
2007,16,0.00018,0.000267,0.000224
2007,17,0.000173,0.00036,0.000268
2007,18,0.000209,0.000471,0.000342
2007,19,0.000156,0.000428,0.000295
2007,20,0.00034,0.000517,0.00043
2007,21,0.000246,0.000582,0.000416
2007,22,0.000188,0.000388,0.000289
2007,23,0.00022,0.000493,0.000358
2007,24,0.00019,0.00051,0.000351
2007,25,0.000185,0.000357,0.000271
2007,26,9.9e-05,0.000505,0.000303
2007,27,0.000344,0.000313,0.000328
2007,28,0.000326,0.000591,0.000458
2007,29,0.000243,0.000607,0.000425
2007,30,0.000438,0.000599,0.000519
2007,31,0.000313,0.000644,0.000479
2007,32,0.000386,0.000532,0.000459
2007,33,0.000414,0.000651,0.000532
2007,34,0.000374,0.000655,0.000515
2007,35,0.000516,0.000792,0.000654
2007,36,0.000556,0.000819,0.000689
2007,37,0.000561,0.000745,0.000654
2007,38,0.000583,0.000985,0.000786
2007,39,0.000625,0.001053,0.000842
2007,40,0.000688,0.001218,0.000957
2007,41,0.000912,0.001151,0.001033
2007,42,0.000958,0.001102,0.001031
2007,43,0.001125,0.001244,0.001186
2007,44,0.001357,0.001349,0.001353
2007,45,0.00127,0.00168,0.001477
2007,46,0.00163,0.0019,0.001766
2007,47,0.001951,0.002034,0.001992
2007,48,0.002037,0.002607,0.002324
2007,49,0.002215,0.002747,0.002482
2007,50,0.002326,0.002839,0.002584
2007,51,0.002752,0.003174,0.002964
2007,52,0.003105,0.003916,0.003513
2007,53,0.003044,0.00412,0.003585
2007,54,0.003697,0.004162,0.003931
2007,55,0.003782,0.005079,0.004436
2007,56,0.003924,0.005677,0.004808
2007,57,0.004383,0.006384,0.005392
2007,58,0.005004,0.007062,0.006043
2007,59,0.004992,0.008142,0.00658
2007,60,0.005801,0.008243,0.007031
2007,61,0.006216,0.008892,0.007563
2007,62,0.006545,0.010197,0.008375
2007,63,0.006462,0.01222,0.009343
2007,64,0.007795,0.012337,0.010066
2007,65,0.008044,0.01443,0.011223
2007,66,0.008698,0.015401,0.012011
2007,67,0.009891,0.017002,0.013368
2007,68,0.010831,0.018844,0.01472
2007,69,0.012867,0.021137,0.016849
2007,70,0.012325,0.023715,0.017751
2007,71,0.014734,0.026658,0.020354
2007,72,0.016867,0.028932,0.022474
2007,73,0.019483,0.032515,0.025447
2007,74,0.02014,0.038149,0.028251
2007,75,0.024182,0.042273,0.032186
2007,76,0.026061,0.046988,0.035136
2007,77,0.029561,0.052647,0.039348
2007,78,0.033823,0.061919,0.045424
2007,79,0.038805,0.064458,0.04912
2007,80,0.04233,0.071711,0.053818
2007,81,0.049742,0.0822,0.062012
2007,82,0.056515,0.093415,0.069887
2007,83,0.066533,0.104726,0.079854
2007,84,0.074966,0.11732,0.089244
2007,85,0.087065,0.128946,0.100663
2007,86,0.099011,0.143635,0.112936
2007,87,0.110639,0.162583,0.126113
2007,88,0.123502,0.171977,0.137093
2007,89,0.143898,0.206486,0.160436
2007,90,0.160876,0.230664,0.178338
2008,0,0.003594,0.004049,0.003827
2008,1,0.000291,0.000235,0.000262
2008,2,0.000166,0.000179,0.000173
2008,3,0.000172,0.000215,0.000194
2008,4,0.000125,0.00018,0.000153
2008,5,6.1e-05,6.8e-05,6.5e-05
2008,6,6.1e-05,0.000117,8.9e-05
2008,7,7e-05,8.6e-05,7.8e-05
2008,8,6e-05,5.8e-05,5.9e-05
2008,9,0.000112,5.8e-05,8.5e-05
2008,10,8.3e-05,9e-05,8.7e-05
2008,11,0.000115,0.0001,0.000108
2008,12,0.000107,0.000112,0.000109
2008,13,9.4e-05,0.000149,0.000122
2008,14,8.2e-05,0.000108,9.5e-05
2008,15,9.2e-05,9.8e-05,9.5e-05
2008,16,0.000161,0.00026,0.000212
2008,17,0.000209,0.000314,0.000263
2008,18,0.000152,0.000271,0.000213
2008,19,0.000176,0.000468,0.000325
2008,20,0.000205,0.000445,0.000327
2008,21,0.000193,0.000484,0.00034
2008,22,0.000253,0.000548,0.000402
2008,23,0.000206,0.000415,0.000312
2008,24,0.000239,0.000478,0.000359
2008,25,0.000272,0.00032,0.000296
2008,26,0.000224,0.000455,0.00034
2008,27,0.000287,0.000462,0.000375
2008,28,0.000191,0.000571,0.000381
2008,29,0.000395,0.000647,0.000521
2008,30,0.000283,0.000515,0.000399
2008,31,0.000366,0.000638,0.000502
2008,32,0.000343,0.000653,0.000498
2008,33,0.000309,0.000637,0.000473
2008,34,0.000376,0.000547,0.000461
2008,35,0.000531,0.000796,0.000663
2008,36,0.000492,0.000744,0.000618
2008,37,0.000541,0.000868,0.000705
2008,38,0.000706,0.000896,0.000802
2008,39,0.000622,0.001017,0.000821
2008,40,0.000769,0.001211,0.000992
2008,41,0.000975,0.001213,0.001096
2008,42,0.000999,0.001328,0.001166
2008,43,0.001051,0.001389,0.001222
2008,44,0.001211,0.001666,0.001442
2008,45,0.001437,0.001657,0.001548
2008,46,0.001649,0.001887,0.001769
2008,47,0.001768,0.002236,0.002004
2008,48,0.001947,0.002394,0.002172
2008,49,0.002345,0.002698,0.002522
2008,50,0.002424,0.003184,0.002806
2008,51,0.003074,0.003618,0.003347
2008,52,0.002858,0.003866,0.003364
2008,53,0.003305,0.004318,0.003813
2008,54,0.003228,0.004333,0.003784
2008,55,0.003914,0.005229,0.004576
2008,56,0.003986,0.005662,0.004831
2008,57,0.004313,0.006073,0.0052
2008,58,0.004858,0.006564,0.005718
2008,59,0.005327,0.007601,0.006474
2008,60,0.006071,0.00845,0.007268
2008,61,0.006162,0.009211,0.007695
2008,62,0.006923,0.010136,0.008538
2008,63,0.006783,0.010221,0.008502
2008,64,0.008071,0.01267,0.010367
2008,65,0.00842,0.013927,0.011165
2008,66,0.008671,0.014573,0.011598
2008,67,0.010027,0.016543,0.013235
2008,68,0.01086,0.017844,0.014261
2008,69,0.011681,0.019965,0.015683
2008,70,0.012944,0.022031,0.017297
2008,71,0.014493,0.025515,0.019712
2008,72,0.016161,0.028303,0.021849
2008,73,0.01853,0.030731,0.024161
2008,74,0.020049,0.035041,0.026857
2008,75,0.022461,0.038525,0.02963
2008,76,0.02497,0.045869,0.034114
2008,77,0.030147,0.051971,0.039495
2008,78,0.033084,0.0583,0.043631
2008,79,0.038546,0.064413,0.049055
2008,80,0.044476,0.070557,0.054774
2008,81,0.050576,0.079843,0.061817
2008,82,0.056402,0.090459,0.069015
2008,83,0.066939,0.102087,0.079384
2008,84,0.073966,0.113167,0.087296
2008,85,0.085788,0.126585,0.099169
2008,86,0.098252,0.135412,0.109986
2008,87,0.109749,0.154642,0.123336
2008,88,0.128408,0.177341,0.142491
2008,89,0.143974,0.196239,0.158067
2008,90,0.167888,0.211216,0.178857
2009,0,0.003518,0.00416,0.003847
2009,1,0.000246,0.00031,0.000279
2009,2,0.000156,0.000245,0.000202
2009,3,0.000143,0.000158,0.000151
2009,4,0.000118,9.2e-05,0.000105
2009,5,0.000115,6e-05,8.7e-05
2009,6,9.2e-05,9.7e-05,9.4e-05
2009,7,0.000112,0.000146,0.000129
2009,8,4e-05,0.000144,9.3e-05
2009,9,7e-05,6.7e-05,6.9e-05
2009,10,6.1e-05,5.8e-05,6e-05
2009,11,6.2e-05,0.0001,8.2e-05
2009,12,6.3e-05,0.00014,0.000102
2009,13,7.5e-05,0.000112,9.4e-05
2009,14,0.000167,0.000129,0.000147
2009,15,0.000112,0.000156,0.000135
2009,16,0.000154,0.000235,0.000195
2009,17,0.000151,0.000278,0.000216
2009,18,0.000238,0.00036,0.0003
2009,19,0.00023,0.000414,0.000324
2009,20,0.000173,0.000415,0.000296
2009,21,0.000252,0.00044,0.000347
2009,22,0.00021,0.00044,0.000326
2009,23,0.00016,0.000432,0.000297
2009,24,0.000132,0.000449,0.000292
2009,25,0.000266,0.000533,0.000401
2009,26,0.000217,0.000601,0.000411
2009,27,0.000323,0.0004,0.000362
2009,28,0.000196,0.000419,0.000308
2009,29,0.00031,0.000477,0.000394
2009,30,0.000202,0.000483,0.000343
2009,31,0.000311,0.000462,0.000387
2009,32,0.000415,0.000605,0.00051
2009,33,0.000382,0.00058,0.000481
2009,34,0.000347,0.000568,0.000457
2009,35,0.000432,0.000753,0.000592
2009,36,0.000522,0.000707,0.000614
2009,37,0.000573,0.000719,0.000646
2009,38,0.000635,0.000791,0.000713
2009,39,0.000714,0.000979,0.000847
2009,40,0.000814,0.001033,0.000924
2009,41,0.000849,0.00115,0.001001
2009,42,0.000991,0.00123,0.001112
2009,43,0.001219,0.001201,0.00121
2009,44,0.001175,0.00175,0.001466
2009,45,0.001389,0.001737,0.001565
2009,46,0.00157,0.001791,0.001682
2009,47,0.001714,0.002101,0.001909
2009,48,0.001867,0.002391,0.002131
2009,49,0.002106,0.00245,0.002279
2009,50,0.002646,0.002885,0.002766
2009,51,0.002617,0.003541,0.003081
2009,52,0.002988,0.003582,0.003287
2009,53,0.003096,0.004041,0.00357
2009,54,0.003702,0.004375,0.004039
2009,55,0.003817,0.00505,0.004437
2009,56,0.004041,0.006015,0.005033
2009,57,0.004014,0.006078,0.005053
2009,58,0.004324,0.006633,0.005486
2009,59,0.00497,0.006709,0.005845
2009,60,0.005332,0.008097,0.006725
2009,61,0.006209,0.009629,0.007927
2009,62,0.00673,0.009899,0.00832
2009,63,0.006671,0.010783,0.008734
2009,64,0.007546,0.012337,0.009936
2009,65,0.008137,0.013752,0.010933
2009,66,0.008562,0.014501,0.011511
2009,67,0.009363,0.016491,0.012886
2009,68,0.010241,0.018262,0.014173
2009,69,0.011752,0.018892,0.015214
2009,70,0.012583,0.022475,0.017339
2009,71,0.013825,0.023895,0.018623
2009,72,0.015635,0.027489,0.021215
2009,73,0.016952,0.031498,0.023717
2009,74,0.018827,0.036262,0.026809
2009,75,0.020863,0.04099,0.029916
2009,76,0.025217,0.044231,0.033612
2009,77,0.028767,0.047657,0.036936
2009,78,0.031613,0.05548,0.041714
2009,79,0.035395,0.061088,0.045977
2009,80,0.042291,0.072654,0.054437
2009,81,0.048654,0.078383,0.060188
2009,82,0.0562,0.087894,0.068142
2009,83,0.062023,0.097263,0.074798
2009,84,0.071948,0.108496,0.084584
2009,85,0.079737,0.122795,0.093993
2009,86,0.096416,0.135091,0.108762
2009,87,0.105625,0.14766,0.118534
2009,88,0.120904,0.170544,0.13545
2009,89,0.140907,0.182417,0.152447
2009,90,0.162544,0.207874,0.174354
2010,0,0.003532,0.004032,0.003788
2010,1,0.000298,0.000242,0.00027
2010,2,0.000167,0.000213,0.000191
2010,3,6.7e-05,0.000181,0.000125
2010,4,0.000143,0.000157,0.000151
2010,5,0.000118,4.1e-05,7.9e-05
2010,6,0.000125,7e-05,9.7e-05
2010,7,7.1e-05,8.7e-05,7.9e-05
2010,8,4.1e-05,7.8e-05,6e-05
2010,9,4e-05,9.6e-05,6.8e-05
2010,10,5e-05,0.000115,8.3e-05
2010,11,8.1e-05,0.000136,0.000109
2010,12,6.2e-05,0.00012,9.2e-05
2010,13,0.000126,0.00012,0.000122
2010,14,5.3e-05,0.000111,8.3e-05
2010,15,3.1e-05,0.000139,8.6e-05
2010,16,0.000133,0.000234,0.000184
2010,17,0.000102,0.000292,0.0002
2010,18,0.00017,0.000381,0.000278
2010,19,0.000206,0.000366,0.000288
2010,20,4.9e-05,0.000506,0.000281
2010,21,0.00016,0.00041,0.000286
2010,22,0.000188,0.000503,0.000347
2010,23,0.000207,0.000425,0.000317
2010,24,0.000167,0.000408,0.000289
2010,25,0.000171,0.000395,0.000284
2010,26,0.000233,0.000468,0.000352
2010,27,0.000164,0.000314,0.00024
2010,28,0.000201,0.000368,0.000285
2010,29,0.000322,0.000524,0.000423
2010,30,0.000368,0.000386,0.000377
2010,31,0.000322,0.000601,0.000462
2010,32,0.000381,0.000541,0.000461
2010,33,0.000333,0.000664,0.000499
2010,34,0.000501,0.000649,0.000576
2010,35,0.000423,0.000645,0.000534
2010,36,0.000553,0.000536,0.000545
2010,37,0.000513,0.000734,0.000623
2010,38,0.000524,0.000891,0.000708
2010,39,0.000721,0.001078,0.0009
2010,40,0.000759,0.001069,0.000915
2010,41,0.000806,0.001109,0.000959
2010,42,0.000936,0.001191,0.001064
2010,43,0.001015,0.001163,0.00109
2010,44,0.00111,0.001515,0.001315
2010,45,0.001368,0.001446,0.001408
2010,46,0.001636,0.002034,0.001837
2010,47,0.001417,0.002001,0.001712
2010,48,0.001968,0.002271,0.002121
2010,49,0.001742,0.002612,0.00218
2010,50,0.00234,0.002967,0.002656
2010,51,0.002736,0.003035,0.002886
2010,52,0.002752,0.003707,0.003231
2010,53,0.00324,0.003555,0.003398
2010,54,0.003371,0.004613,0.003994
2010,55,0.003835,0.005015,0.004426
2010,56,0.004292,0.005502,0.004899
2010,57,0.004215,0.005926,0.005074
2010,58,0.004837,0.006462,0.005654
2010,59,0.004958,0.007429,0.0062
2010,60,0.005558,0.008138,0.006855
2010,61,0.006016,0.008134,0.007081
2010,62,0.006484,0.00955,0.008022
2010,63,0.006882,0.011275,0.009082
2010,64,0.006829,0.0119,0.009366
2010,65,0.008132,0.013854,0.010978
2010,66,0.009448,0.015109,0.012257
2010,67,0.009463,0.016107,0.012752
2010,68,0.009972,0.017849,0.013848
2010,69,0.012134,0.019774,0.015863
2010,70,0.011991,0.02082,0.016251
2010,71,0.013269,0.023792,0.018301
2010,72,0.015507,0.026088,0.02052
2010,73,0.017512,0.029832,0.023272
2010,74,0.020721,0.032526,0.026172
2010,75,0.022212,0.039049,0.029849
2010,76,0.024689,0.043532,0.03308
2010,77,0.028258,0.049132,0.037371
2010,78,0.031709,0.055244,0.04176
2010,79,0.035348,0.059429,0.045398
2010,80,0.042678,0.068396,0.053126
2010,81,0.047025,0.073946,0.057613
2010,82,0.054785,0.085269,0.066398
2010,83,0.063079,0.092933,0.074107
2010,84,0.068295,0.105894,0.081627
2010,85,0.079399,0.113536,0.090909
2010,86,0.091822,0.136958,0.106366
2010,87,0.10939,0.147369,0.121178
2010,88,0.119777,0.166818,0.13379
2010,89,0.139693,0.187965,0.153375
2010,90,0.158867,0.205832,0.171493
2011,0,0.003117,0.004002,0.003569
2011,1,0.000178,0.000234,0.000206
2011,2,0.000132,0.000231,0.000183
2011,3,5.6e-05,0.00017,0.000114
2011,4,6.7e-05,5.3e-05,6e-05
2011,5,8.8e-05,0.000105,9.7e-05
2011,6,5.3e-05,6.1e-05,5.8e-05
2011,7,5.2e-05,0.00011,8.2e-05
2011,8,2e-05,0.000116,6.9e-05
2011,9,5.1e-05,8.7e-05,6.9e-05
2011,10,9e-05,0.000115,0.000102
2011,11,9e-05,7.6e-05,8.3e-05
2011,12,7.1e-05,0.000155,0.000114
2011,13,9.3e-05,0.000129,0.000112
2011,14,8.4e-05,0.000149,0.000117
2011,15,0.000128,0.000212,0.000171
2011,16,4.1e-05,0.000267,0.000157
2011,17,0.000193,0.000214,0.000204
2011,18,0.000183,0.000387,0.000287
2011,19,0.000187,0.00033,0.00026
2011,20,0.000183,0.000558,0.000374
2011,21,0.000193,0.000405,0.0003
2011,22,0.000186,0.000406,0.000297
2011,23,0.000137,0.000421,0.00028
2011,24,0.000223,0.000411,0.000318
2011,25,0.000195,0.000327,0.000261
2011,26,0.000229,0.000421,0.000326
2011,27,0.000303,0.000475,0.00039
2011,28,0.000235,0.000484,0.00036
2011,29,0.00032,0.000546,0.000434
2011,30,0.000272,0.000397,0.000335
2011,31,0.000348,0.000533,0.000441
2011,32,0.000402,0.000591,0.000496
2011,33,0.00039,0.000521,0.000455
2011,34,0.000313,0.000664,0.000488
2011,35,0.000411,0.000539,0.000475
2011,36,0.00049,0.000742,0.000615
2011,37,0.000683,0.0008,0.000742
2011,38,0.00066,0.000926,0.000793
2011,39,0.000647,0.000917,0.000782
2011,40,0.000823,0.000963,0.000893
2011,41,0.000858,0.001071,0.000965
2011,42,0.000891,0.001195,0.001044
2011,43,0.001126,0.001177,0.001152
2011,44,0.001166,0.00139,0.00128
2011,45,0.001282,0.001527,0.001406
2011,46,0.001492,0.001766,0.001631
2011,47,0.001877,0.002025,0.001952
2011,48,0.001809,0.0023,0.002056
2011,49,0.002161,0.00245,0.002306
2011,50,0.002258,0.0027,0.00248
2011,51,0.002617,0.003166,0.002893
2011,52,0.002784,0.003193,0.00299
2011,53,0.003331,0.003722,0.003527
2011,54,0.003434,0.004048,0.003742
2011,55,0.003694,0.004655,0.004175
2011,56,0.004104,0.005522,0.004814
2011,57,0.004209,0.005874,0.005045
2011,58,0.004744,0.00667,0.00571
2011,59,0.005099,0.006887,0.005997
2011,60,0.005361,0.007291,0.00633
2011,61,0.005726,0.008057,0.006896
2011,62,0.006271,0.008658,0.00747
2011,63,0.006937,0.010474,0.008708
2011,64,0.007498,0.011167,0.009331
2011,65,0.007844,0.012357,0.010096
2011,66,0.009796,0.014291,0.012024
2011,67,0.009486,0.014748,0.012089
2011,68,0.01052,0.016462,0.013451
2011,69,0.011671,0.01874,0.015136
2011,70,0.013074,0.020096,0.016486
2011,71,0.013627,0.023004,0.01813
2011,72,0.014549,0.024617,0.019337
2011,73,0.017129,0.028462,0.022465
2011,74,0.019412,0.03147,0.025015
2011,75,0.02179,0.036286,0.028429
2011,76,0.02522,0.040768,0.032213
2011,77,0.026503,0.043847,0.034149
2011,78,0.030479,0.052228,0.039857
2011,79,0.034721,0.058529,0.044755
2011,80,0.039891,0.066329,0.050781
2011,81,0.046985,0.0761,0.058624
2011,82,0.054614,0.083222,0.06567
2011,83,0.060975,0.090653,0.072074
2011,84,0.069928,0.10114,0.081227
2011,85,0.078242,0.113119,0.090335
2011,86,0.091875,0.126918,0.103401
2011,87,0.10573,0.141339,0.116904
2011,88,0.117113,0.167045,0.132162
2011,89,0.134073,0.179056,0.14703
2011,90,0.151107,0.197962,0.163944
2012,0,0.003327,0.003967,0.003655
2012,1,0.000201,0.000351,0.000278
2012,2,0.000133,0.000202,0.000168
2012,3,0.000121,0.000126,0.000124
2012,4,8.9e-05,0.000149,0.00012
2012,5,5.6e-05,0.000159,0.000109
2012,6,9.9e-05,0.000136,0.000118
2012,7,8.6e-05,5.1e-05,6.8e-05
2012,8,0.000104,0.00013,0.000117
2012,9,4.1e-05,0.000126,8.4e-05
2012,10,7.1e-05,0.000126,9.9e-05
2012,11,7e-05,3.8e-05,5.4e-05
2012,12,0.00011,0.000143,0.000127
2012,13,6.1e-05,0.000135,9.9e-05
2012,14,8.3e-05,0.000139,0.000112
2012,15,0.000136,0.000139,0.000137
2012,16,0.000138,0.000222,0.000181
2012,17,0.000186,0.000296,0.000242
2012,18,0.000101,0.00026,0.000182
2012,19,0.0002,0.000306,0.000254
2012,20,0.000193,0.000336,0.000266
2012,21,0.000199,0.000479,0.000341
2012,22,0.000124,0.000383,0.000255
2012,23,0.000175,0.000574,0.000376
2012,24,0.000203,0.000456,0.000331
2012,25,0.000126,0.000447,0.000287
2012,26,0.000223,0.000469,0.000347
2012,27,0.000169,0.000429,0.0003
2012,28,0.000171,0.000425,0.000299
2012,29,0.000285,0.000554,0.00042
2012,30,0.000309,0.000456,0.000383
2012,31,0.000359,0.000561,0.00046
2012,32,0.000318,0.000642,0.00048
2012,33,0.000401,0.000732,0.000566
2012,34,0.00038,0.000691,0.000535
2012,35,0.000373,0.000685,0.000529
2012,36,0.00044,0.00057,0.000505
2012,37,0.000604,0.000627,0.000616
2012,38,0.000552,0.000792,0.000672
2012,39,0.000643,0.000858,0.00075
2012,40,0.000737,0.001075,0.000906
2012,41,0.000862,0.001136,0.001
2012,42,0.000873,0.001074,0.000974
2012,43,0.001076,0.001364,0.001221
2012,44,0.000984,0.001227,0.001107
2012,45,0.00127,0.001643,0.001458
2012,46,0.001518,0.001478,0.001498
2012,47,0.001741,0.002006,0.001875
2012,48,0.001834,0.002213,0.002025
2012,49,0.002077,0.002424,0.002252
2012,50,0.002229,0.002905,0.002569
2012,51,0.002457,0.002887,0.002673
2012,52,0.002607,0.003482,0.003046
2012,53,0.003107,0.003772,0.003441
2012,54,0.003223,0.004219,0.003722
2012,55,0.003544,0.004555,0.004051
2012,56,0.003691,0.005159,0.004426
2012,57,0.004429,0.006001,0.005215
2012,58,0.004916,0.006301,0.00561
2012,59,0.005112,0.007332,0.006225
2012,60,0.005791,0.0073,0.006548
2012,61,0.00582,0.008227,0.007027
2012,62,0.006456,0.009323,0.007892
2012,63,0.007004,0.010073,0.008543
2012,64,0.007763,0.011279,0.00952
2012,65,0.008683,0.012286,0.010479
2012,66,0.008561,0.013787,0.011162
2012,67,0.009528,0.015049,0.012258
2012,68,0.010824,0.016956,0.013848
2012,69,0.011301,0.01847,0.014823
2012,70,0.012682,0.021004,0.016744
2012,71,0.014962,0.022746,0.01873
2012,72,0.014904,0.024895,0.01968
2012,73,0.016538,0.028472,0.022179
2012,74,0.01836,0.030549,0.024062
2012,75,0.021437,0.034494,0.02746
2012,76,0.02366,0.038745,0.030516
2012,77,0.026564,0.045057,0.034806
2012,78,0.031583,0.052219,0.040579
2012,79,0.035743,0.057949,0.045193
2012,80,0.040889,0.065293,0.051036
2012,81,0.047082,0.073231,0.057687
2012,82,0.052617,0.084467,0.065131
2012,83,0.060064,0.092033,0.072188
2012,84,0.070206,0.105894,0.083285
2012,85,0.080217,0.117981,0.093586
2012,86,0.094115,0.131021,0.106613
2012,87,0.107063,0.147861,0.120148
2012,88,0.119907,0.161745,0.132657
2012,89,0.13413,0.176929,0.146628
2012,90,0.160361,0.217054,0.176141
2013,0,0.003463,0.003976,0.003726
2013,1,0.000208,0.000208,0.000208
2013,2,7.8e-05,0.000138,0.000109
2013,3,0.0001,0.000117,0.000108
2013,4,6.6e-05,0.000105,8.6e-05
2013,5,6.7e-05,0.000106,8.7e-05
2013,6,4.5e-05,8.5e-05,6.5e-05
2013,7,9.9e-05,0.000105,0.000102
2013,8,6.4e-05,8.2e-05,7.3e-05
2013,9,2.1e-05,7e-05,4.6e-05
2013,10,4.1e-05,5.8e-05,4.9e-05
2013,11,7.1e-05,0.000145,0.000109
2013,12,0.000109,4.8e-05,7.8e-05
2013,13,9e-05,0.000114,0.000102
2013,14,9.1e-05,9.7e-05,9.4e-05
2013,15,0.000114,0.000129,0.000122
2013,16,0.000156,0.000208,0.000183
2013,17,0.00018,0.000241,0.000212
2013,18,0.000164,0.000352,0.00026
2013,19,0.000198,0.00041,0.000306
2013,20,0.000206,0.000341,0.000275
2013,21,0.00021,0.000371,0.000291
2013,22,0.000168,0.000357,0.000264
2013,23,0.000208,0.000325,0.000267
2013,24,0.000164,0.000419,0.000292
2013,25,0.000154,0.000398,0.000277
2013,26,0.000212,0.000541,0.000378
2013,27,0.000213,0.000526,0.00037
2013,28,0.000268,0.000419,0.000344
2013,29,0.000281,0.000681,0.000483
2013,30,0.000254,0.000483,0.000369
2013,31,0.000309,0.000387,0.000348
2013,32,0.00033,0.000426,0.000378
2013,33,0.000397,0.000395,0.000396
2013,34,0.000301,0.000652,0.000476
2013,35,0.000439,0.000823,0.000631
2013,36,0.000413,0.000615,0.000514
2013,37,0.000481,0.000742,0.000611
2013,38,0.000576,0.000735,0.000655
2013,39,0.000665,0.000869,0.000766
2013,40,0.000582,0.000957,0.000769
2013,41,0.000844,0.001201,0.001022
2013,42,0.000721,0.001092,0.000907
2013,43,0.000942,0.001317,0.001131
2013,44,0.001023,0.001314,0.001169
2013,45,0.001073,0.001199,0.001136
2013,46,0.001462,0.00164,0.001552
2013,47,0.001528,0.001844,0.001688
2013,48,0.001713,0.002132,0.001925
2013,49,0.00206,0.002267,0.002164
2013,50,0.001847,0.002766,0.002309
2013,51,0.00244,0.002997,0.00272
2013,52,0.002382,0.00334,0.002863
2013,53,0.003069,0.003858,0.003465
2013,54,0.003192,0.004147,0.003671
2013,55,0.00339,0.004644,0.004018
2013,56,0.003916,0.00514,0.004529
2013,57,0.004036,0.006023,0.005029
2013,58,0.004349,0.006198,0.005273
2013,59,0.004959,0.007091,0.006027
2013,60,0.005766,0.00753,0.006649
2013,61,0.00599,0.008065,0.007029
2013,62,0.006599,0.008771,0.007686
2013,63,0.007153,0.009866,0.00851
2013,64,0.007426,0.010956,0.009192
2013,65,0.008146,0.012436,0.010285
2013,66,0.008518,0.01354,0.011016
2013,67,0.009343,0.014777,0.012039
2013,68,0.010741,0.016643,0.01365
2013,69,0.011924,0.018831,0.015318
2013,70,0.011833,0.02075,0.016195
2013,71,0.013461,0.021922,0.017572
2013,72,0.014227,0.024318,0.019088
2013,73,0.017008,0.028586,0.022509
2013,74,0.018169,0.029517,0.023497
2013,75,0.020912,0.034205,0.027089
2013,76,0.023293,0.037953,0.030004
2013,77,0.026257,0.043449,0.034002
2013,78,0.029085,0.046925,0.036952
2013,79,0.033871,0.055516,0.043196
2013,80,0.042409,0.063881,0.051422
2013,81,0.046043,0.072546,0.056906
2013,82,0.051539,0.079294,0.062609
2013,83,0.058933,0.089127,0.070578
2013,84,0.067774,0.100475,0.079926
2013,85,0.078683,0.116826,0.092343
2013,86,0.091583,0.125295,0.103239
2013,87,0.106388,0.14472,0.119055
2013,88,0.119037,0.165737,0.13359
2013,89,0.135304,0.178963,0.148202
2013,90,0.156919,0.202625,0.169827
2014,0,0.003276,0.004005,0.003649
2014,1,0.000201,0.000236,0.000219
2014,2,9.2e-05,0.000131,0.000112
2014,3,0.000122,0.000106,0.000114
2014,4,0.000122,9.5e-05,0.000108
2014,5,6.6e-05,9.4e-05,8.1e-05
2014,6,7.8e-05,0.000117,9.8e-05
2014,7,7.8e-05,4.2e-05,6e-05
2014,8,5.5e-05,0.000126,9.1e-05
2014,9,7.5e-05,7.1e-05,7.3e-05
2014,10,9.4e-05,9.9e-05,9.7e-05
2014,11,9.1e-05,0.000106,9.9e-05
2014,12,0.000101,9.7e-05,9.9e-05
2014,13,7.9e-05,0.000114,9.7e-05
2014,14,0.000129,7.6e-05,0.000102
2014,15,0.000111,0.000193,0.000153
2014,16,0.000186,0.000228,0.000207
2014,17,0.000228,0.000237,0.000233
2014,18,0.000178,0.000388,0.000286
2014,19,0.000161,0.000347,0.000256
2014,20,0.000166,0.000198,0.000182
2014,21,0.000184,0.000329,0.000257
2014,22,0.00016,0.000266,0.000214
2014,23,0.000195,0.000299,0.000248
2014,24,0.000253,0.000433,0.000344
2014,25,0.000221,0.000493,0.000358
2014,26,0.000221,0.000415,0.000319
2014,27,0.000173,0.000387,0.000281
2014,28,0.000327,0.000467,0.000397
2014,29,0.000316,0.000467,0.000392
2014,30,0.00031,0.000502,0.000407
2014,31,0.000274,0.000562,0.000419
2014,32,0.000239,0.000535,0.000387
2014,33,0.000445,0.000639,0.000542
2014,34,0.000307,0.000573,0.00044
2014,35,0.00038,0.000792,0.000586
2014,36,0.000429,0.000632,0.00053
2014,37,0.000473,0.000807,0.00064
2014,38,0.00049,0.000801,0.000646
2014,39,0.000576,0.000726,0.00065
2014,40,0.000655,0.000926,0.00079
2014,41,0.000904,0.001002,0.000953
2014,42,0.000876,0.001037,0.000957
2014,43,0.000925,0.001336,0.001131
2014,44,0.001011,0.001441,0.001227
2014,45,0.001162,0.001432,0.001297
2014,46,0.001423,0.001595,0.00151
2014,47,0.001369,0.001855,0.001614
2014,48,0.001624,0.002273,0.001952
2014,49,0.001762,0.002215,0.001991
2014,50,0.002118,0.002807,0.002465
2014,51,0.002329,0.002575,0.002453
2014,52,0.002422,0.002994,0.002709
2014,53,0.00276,0.003739,0.003251
2014,54,0.002946,0.004339,0.003644
2014,55,0.003453,0.004202,0.003828
2014,56,0.00354,0.004625,0.004083
2014,57,0.003967,0.005365,0.004667
2014,58,0.004464,0.005722,0.005093
2014,59,0.005075,0.006518,0.005795
2014,60,0.005119,0.007569,0.006344
2014,61,0.005848,0.008177,0.007012
2014,62,0.006279,0.008972,0.007627
2014,63,0.006912,0.009219,0.008066
2014,64,0.006959,0.010579,0.008766
2014,65,0.008247,0.01124,0.009741
2014,66,0.008361,0.012252,0.010296
2014,67,0.009365,0.014013,0.01167
2014,68,0.010243,0.015864,0.013023
2014,69,0.011521,0.017542,0.014478
2014,70,0.012546,0.01955,0.015975
2014,71,0.013509,0.020213,0.016775
2014,72,0.015208,0.023693,0.019312
2014,73,0.016501,0.02507,0.020608
2014,74,0.017679,0.028779,0.02292
2014,75,0.020072,0.03195,0.025614
2014,76,0.022744,0.036376,0.029033
2014,77,0.025649,0.039359,0.031874
2014,78,0.028448,0.046704,0.036596
2014,79,0.032107,0.052081,0.040821
2014,80,0.037496,0.059968,0.047049
2014,81,0.043124,0.068518,0.053636
2014,82,0.049089,0.074431,0.059315
2014,83,0.060542,0.085558,0.070359
2014,84,0.06406,0.098268,0.077008
2014,85,0.075008,0.111082,0.088118
2014,86,0.087129,0.117321,0.097701
2014,87,0.099455,0.139594,0.113016
2014,88,0.112534,0.156482,0.126654
2014,89,0.130422,0.173033,0.143295
2014,90,0.154161,0.18564,0.16319
2015,0,0.002951,0.003554,0.00326
2015,1,0.000224,0.000225,0.000225
2015,2,9.4e-05,0.000123,0.000109
2015,3,5.7e-05,0.000175,0.000117
2015,4,4.4e-05,0.000159,0.000103
2015,5,4.4e-05,4.2e-05,4.3e-05
2015,6,8.8e-05,6.3e-05,7.5e-05
2015,7,4.4e-05,7.4e-05,6e-05
2015,8,8.9e-05,5.3e-05,7e-05
2015,9,6.6e-05,8.3e-05,7.5e-05
2015,10,0.000138,7.1e-05,0.000104
2015,11,5.2e-05,5.9e-05,5.6e-05
2015,12,6.1e-05,7.7e-05,6.9e-05
2015,13,8.1e-05,7.7e-05,7.9e-05
2015,14,9.9e-05,0.000142,0.000121
2015,15,0.000139,9.5e-05,0.000116
2015,16,0.000111,0.000163,0.000138
2015,17,0.000134,0.000236,0.000186
2015,18,0.000113,0.00035,0.000234
2015,19,0.000184,0.000322,0.000255
2015,20,0.000157,0.000323,0.000242
2015,21,0.000182,0.000325,0.000255
2015,22,6.7e-05,0.000371,0.000221
2015,23,0.000159,0.000345,0.000253
2015,24,0.000129,0.000503,0.000318
2015,25,0.000243,0.00042,0.000332
2015,26,0.00021,0.000545,0.000379
2015,27,0.000153,0.000459,0.000308
2015,28,0.000277,0.000413,0.000346
2015,29,0.000268,0.000416,0.000343
2015,30,0.000334,0.000532,0.000434
2015,31,0.000189,0.000559,0.000375
2015,32,0.000263,0.00051,0.000387
2015,33,0.000327,0.000612,0.00047
2015,34,0.000483,0.000512,0.000497
2015,35,0.000424,0.000689,0.000557
2015,36,0.000449,0.00065,0.000549
2015,37,0.000478,0.000772,0.000624
2015,38,0.000392,0.000826,0.000609
2015,39,0.000639,0.000911,0.000775
2015,40,0.000622,0.000899,0.00076
2015,41,0.000655,0.00103,0.000841
2015,42,0.000799,0.001169,0.000983
2015,43,0.000982,0.001161,0.001071
2015,44,0.001035,0.001126,0.00108
2015,45,0.001087,0.001465,0.001277
2015,46,0.001185,0.001854,0.001521
2015,47,0.001448,0.001748,0.001599
2015,48,0.001672,0.002017,0.001846
2015,49,0.001776,0.002349,0.002065
2015,50,0.001874,0.002465,0.002172
2015,51,0.002448,0.002937,0.002694
2015,52,0.002365,0.003027,0.002698
2015,53,0.002541,0.003386,0.002964
2015,54,0.003173,0.003837,0.003506
2015,55,0.003479,0.004392,0.003936
2015,56,0.003674,0.004455,0.004065
2015,57,0.003943,0.005228,0.004586
2015,58,0.004514,0.006086,0.0053
2015,59,0.004955,0.00653,0.005741
2015,60,0.005397,0.007393,0.006392
2015,61,0.006214,0.008039,0.007126
2015,62,0.00634,0.008867,0.007602
2015,63,0.007398,0.009794,0.008595
2015,64,0.007159,0.010463,0.008809
2015,65,0.00824,0.012282,0.010254
2015,66,0.008962,0.013256,0.011101
2015,67,0.009875,0.01419,0.012016
2015,68,0.010292,0.015594,0.012914
2015,69,0.011074,0.017383,0.014185
2015,70,0.013015,0.020057,0.016461
2015,71,0.014659,0.023063,0.018756
2015,72,0.01478,0.023328,0.018926
2015,73,0.016214,0.025743,0.020801
2015,74,0.018155,0.030045,0.023819
2015,75,0.019211,0.033092,0.025722
2015,76,0.023165,0.036708,0.02944
2015,77,0.026435,0.041302,0.033245
2015,78,0.029228,0.04723,0.037331
2015,79,0.034772,0.052372,0.042546
2015,80,0.039757,0.060123,0.048538
2015,81,0.046862,0.069958,0.056548
2015,82,0.05185,0.078261,0.062623
2015,83,0.059321,0.086865,0.070264
2015,84,0.066178,0.100413,0.07937
2015,85,0.08045,0.111501,0.091956
2015,86,0.093432,0.130695,0.106684
2015,87,0.10458,0.140976,0.117029
2015,88,0.122348,0.157721,0.133995
2015,89,0.135203,0.175074,0.147667
2015,90,0.153737,0.206988,0.169348
2016,0,0.003272,0.003662,0.003472
2016,1,0.000201,0.000214,0.000208
2016,2,9.4e-05,0.000202,0.000149
2016,3,9.4e-05,0.000145,0.00012
2016,4,9.1e-05,0.000163,0.000128
2016,5,5.5e-05,5.3e-05,5.4e-05
2016,6,5.5e-05,5.3e-05,5.4e-05
2016,7,6.6e-05,3.1e-05,4.8e-05
2016,8,7.7e-05,0.000116,9.7e-05
2016,9,7.7e-05,1.1e-05,4.3e-05
2016,10,0.000131,5.2e-05,9e-05
2016,11,7.4e-05,6.1e-05,6.7e-05
2016,12,6.2e-05,0.000118,9.1e-05
2016,13,5e-05,4.8e-05,4.9e-05
2016,14,7e-05,0.000134,0.000103
2016,15,5.9e-05,0.000161,0.000111
2016,16,9.9e-05,0.00015,0.000125
2016,17,0.00012,0.000237,0.00018
2016,18,0.000212,0.00026,0.000237
2016,19,0.00018,0.000295,0.000239
2016,20,0.00026,0.000346,0.000304
2016,21,0.000116,0.000431,0.000276
2016,22,0.000199,0.00044,0.000321
2016,23,0.000207,0.000411,0.000311
2016,24,0.000212,0.000323,0.000268
2016,25,0.000165,0.000408,0.000288
2016,26,0.000241,0.000452,0.000347
2016,27,0.000228,0.000428,0.000329
2016,28,0.000399,0.000399,0.000399
2016,29,0.000246,0.000419,0.000333
2016,30,0.000352,0.000507,0.00043
2016,31,0.000371,0.000499,0.000436
2016,32,0.000376,0.000633,0.000506
2016,33,0.000362,0.000596,0.00048
2016,34,0.000365,0.000619,0.000493
2016,35,0.0005,0.00073,0.000615
2016,36,0.000501,0.000559,0.00053
2016,37,0.000557,0.000698,0.000627
2016,38,0.000526,0.000679,0.000602
2016,39,0.000621,0.000633,0.000627
2016,40,0.000747,0.00094,0.000843
2016,41,0.000621,0.000965,0.000792
2016,42,0.000765,0.001122,0.000943
2016,43,0.000789,0.001431,0.001108
2016,44,0.001046,0.00149,0.001267
2016,45,0.001104,0.001658,0.001382
2016,46,0.001262,0.00161,0.001436
2016,47,0.0013,0.001756,0.001529
2016,48,0.001648,0.001923,0.001786
2016,49,0.001633,0.002012,0.001824
2016,50,0.002006,0.002269,0.002139
2016,51,0.002506,0.002745,0.002627
2016,52,0.002716,0.002984,0.002851
2016,53,0.002694,0.003473,0.003086
2016,54,0.003107,0.003804,0.003456
2016,55,0.003257,0.00424,0.003749
2016,56,0.00399,0.005003,0.004497
2016,57,0.004325,0.005347,0.004837
2016,58,0.004464,0.005403,0.004933
2016,59,0.004943,0.006314,0.005628
2016,60,0.005215,0.00735,0.006279
2016,61,0.00564,0.007975,0.006802
2016,62,0.006665,0.009177,0.007918
2016,63,0.006747,0.01008,0.008409
2016,64,0.00708,0.010281,0.008677
2016,65,0.008426,0.01186,0.010137
2016,66,0.008426,0.012654,0.010528
2016,67,0.009946,0.014537,0.012228
2016,68,0.01066,0.015728,0.013168
2016,69,0.011199,0.016888,0.014004
2016,70,0.012766,0.018853,0.015757
2016,71,0.013602,0.020879,0.017148
2016,72,0.014924,0.023738,0.019204
2016,73,0.016246,0.025722,0.02082
2016,74,0.018962,0.030018,0.024254
2016,75,0.020207,0.031494,0.025548
2016,76,0.022838,0.035992,0.028965
2016,77,0.026166,0.040221,0.032632
2016,78,0.028872,0.044294,0.035876
2016,79,0.033295,0.051781,0.041532
2016,80,0.038517,0.060492,0.04812
2016,81,0.042594,0.066799,0.052894
2016,82,0.050624,0.077222,0.06163
2016,83,0.059199,0.08896,0.07114
2016,84,0.066657,0.097026,0.078503
2016,85,0.078214,0.115053,0.092123
2016,86,0.09002,0.124938,0.102675
2016,87,0.102937,0.142624,0.116715
2016,88,0.118497,0.157512,0.131513
2016,89,0.138919,0.178412,0.151595
2016,90,0.161465,0.202461,0.173905
2017,0,0.003131,0.003964,0.003559
2017,1,0.000237,0.000203,0.00022
2017,2,8.2e-05,0.000134,0.000109
2017,3,9.4e-05,5.6e-05,7.4e-05
2017,4,7e-05,0.000122,9.7e-05
2017,5,6.8e-05,9.7e-05,8.3e-05
2017,6,8.8e-05,0.000126,0.000107
2017,7,7.7e-05,9.4e-05,8.6e-05
2017,8,5.4e-05,7.2e-05,6.4e-05
2017,9,7.7e-05,9.4e-05,8.6e-05
2017,10,8.8e-05,5.2e-05,7e-05
2017,11,3.3e-05,0.000114,7.4e-05
2017,12,7.4e-05,0.000121,9.8e-05
2017,13,0.000123,0.000147,0.000136
2017,14,7e-05,0.000181,0.000127
2017,15,0.00013,0.00021,0.000171
2017,16,0.000108,0.000215,0.000163
2017,17,0.000177,0.000316,0.000248
2017,18,0.000186,0.000334,0.000262
2017,19,0.000108,0.000386,0.00025
2017,20,0.000117,0.000411,0.000267
2017,21,0.000147,0.000293,0.000222
2017,22,0.0002,0.000314,0.000258
2017,23,0.000205,0.00046,0.000335
2017,24,0.000186,0.000486,0.000339
2017,25,0.000155,0.000469,0.000315
2017,26,0.000154,0.000448,0.000303
2017,27,0.000183,0.000411,0.000299
2017,28,0.000197,0.000552,0.000376
2017,29,0.000216,0.000459,0.000339
2017,30,0.000273,0.000452,0.000363
2017,31,0.000321,0.000447,0.000385
2017,32,0.000271,0.000591,0.000432
2017,33,0.000344,0.000687,0.000517
2017,34,0.000469,0.000405,0.000437
2017,35,0.000354,0.000635,0.000495
2017,36,0.000383,0.000669,0.000526
2017,37,0.000489,0.000771,0.00063
2017,38,0.000554,0.000754,0.000654
2017,39,0.000731,0.000856,0.000793
2017,40,0.000469,0.000842,0.000655
2017,41,0.000764,0.000867,0.000815
2017,42,0.000847,0.001068,0.000957
2017,43,0.000921,0.001328,0.001123
2017,44,0.001012,0.001482,0.001246
2017,45,0.000939,0.001366,0.001151
2017,46,0.001181,0.001595,0.001388
2017,47,0.001389,0.001897,0.001644
2017,48,0.00163,0.002001,0.001816
2017,49,0.001719,0.002224,0.001972
2017,50,0.001872,0.00229,0.002082
2017,51,0.00189,0.002505,0.0022
2017,52,0.002206,0.002996,0.002604
2017,53,0.002511,0.003298,0.002907
2017,54,0.002921,0.003954,0.00344
2017,55,0.003476,0.004097,0.003787
2017,56,0.003289,0.00425,0.00377
2017,57,0.003763,0.004751,0.004257
2017,58,0.004352,0.005751,0.005052
2017,59,0.004587,0.006337,0.005461
2017,60,0.005281,0.007215,0.006246
2017,61,0.005652,0.00774,0.006691
2017,62,0.006459,0.008456,0.007452
2017,63,0.006892,0.00958,0.008232
2017,64,0.007033,0.010257,0.008638
2017,65,0.007421,0.011005,0.009206
2017,66,0.009037,0.012456,0.010738
2017,67,0.009117,0.013413,0.011248
2017,68,0.009847,0.014709,0.012256
2017,69,0.010823,0.01699,0.013867
2017,70,0.012324,0.017456,0.014846
2017,71,0.013467,0.021183,0.017244
2017,72,0.014747,0.022757,0.018635
2017,73,0.016225,0.025275,0.020599
2017,74,0.018235,0.028123,0.022984
2017,75,0.020921,0.030838,0.025639
2017,76,0.023427,0.034947,0.028845
2017,77,0.02575,0.037311,0.031099
2017,78,0.028182,0.043296,0.035082
2017,79,0.031854,0.051291,0.040601
2017,80,0.038046,0.057724,0.046719
2017,81,0.043727,0.066932,0.053739
2017,82,0.050223,0.073002,0.059794
2017,83,0.058405,0.082585,0.068262
2017,84,0.066992,0.098571,0.079442
2017,85,0.078097,0.114872,0.092146
2017,86,0.088724,0.122062,0.101035
2017,87,0.107649,0.137123,0.118098
2017,88,0.118275,0.158626,0.131945
2017,89,0.13976,0.179393,0.152632
2017,90,0.153846,0.199883,0.168215
2018,0,0.003026,0.003825,0.003436
2018,1,0.000179,0.000204,0.000192
2018,2,0.000118,0.000146,0.000132
2018,3,0.000105,0.000111,0.000108
2018,4,0.000105,0.000111,0.000108
2018,5,0.000128,3.3e-05,7.9e-05
2018,6,0.000102,0.000107,0.000105
2018,7,4.4e-05,9.4e-05,6.9e-05
2018,8,4.4e-05,5.2e-05,4.8e-05
2018,9,6.5e-05,6.2e-05,6.3e-05
2018,10,1.1e-05,6.2e-05,3.7e-05
2018,11,2.2e-05,0.000104,6.4e-05
2018,12,7.6e-05,7.2e-05,7.4e-05
2018,13,1e-05,0.00012,6.7e-05
2018,14,0.000123,0.000117,0.00012
2018,15,7e-05,0.000209,0.000141
2018,16,0.000139,0.000199,0.00017
2018,17,0.000205,0.000297,0.000252
2018,18,0.000125,0.000192,0.000159
2018,19,0.000171,0.00038,0.000278
2018,20,0.000182,0.00037,0.000277
2018,21,0.000172,0.000342,0.000258
2018,22,0.000155,0.000421,0.00029
2018,23,0.000206,0.000292,0.000249
2018,24,0.000101,0.000446,0.000276
2018,25,0.000249,0.00041,0.000331
2018,26,0.000244,0.000403,0.000325
2018,27,0.000152,0.000469,0.000313
2018,28,0.000236,0.00046,0.000349
2018,29,0.000297,0.000501,0.0004
2018,30,0.000279,0.000582,0.000432
2018,31,0.000298,0.000558,0.000429
2018,32,0.000374,0.000517,0.000446
2018,33,0.000365,0.000501,0.000434
2018,34,0.000321,0.000519,0.000421
2018,35,0.000367,0.000687,0.000528
2018,36,0.000361,0.000709,0.000535
2018,37,0.000514,0.000789,0.000652
2018,38,0.000438,0.000787,0.000612
2018,39,0.000571,0.000821,0.000696
2018,40,0.00059,0.000773,0.000681
2018,41,0.000715,0.000958,0.000836
2018,42,0.00082,0.001173,0.000996
2018,43,0.000863,0.001085,0.000974
2018,44,0.001002,0.001429,0.001214
2018,45,0.001035,0.001331,0.001182
2018,46,0.00132,0.001651,0.001485
2018,47,0.001164,0.001813,0.001489
2018,48,0.00135,0.001943,0.001647
2018,49,0.00146,0.002025,0.001743
2018,50,0.001813,0.002225,0.00202
2018,51,0.002136,0.002749,0.002444
2018,52,0.002064,0.002835,0.002452
2018,53,0.002543,0.003156,0.002852
2018,54,0.00289,0.003731,0.003313
2018,55,0.003126,0.003928,0.003529
2018,56,0.00346,0.004375,0.003918
2018,57,0.004159,0.005052,0.004606
2018,58,0.004038,0.005675,0.004857
2018,59,0.004768,0.006327,0.005547
2018,60,0.005452,0.006812,0.006131
2018,61,0.005625,0.007677,0.006648
2018,62,0.006228,0.008608,0.007411
2018,63,0.006698,0.009411,0.008046
2018,64,0.007536,0.010504,0.009013
2018,65,0.008023,0.011394,0.009698
2018,66,0.008877,0.012899,0.010876
2018,67,0.00895,0.013474,0.011195
2018,68,0.009505,0.01504,0.012243
2018,69,0.010804,0.016386,0.013562
2018,70,0.012246,0.018342,0.015245
2018,71,0.013505,0.020369,0.016868
2018,72,0.015,0.022762,0.018784
2018,73,0.017285,0.024993,0.021009
2018,74,0.018481,0.028321,0.023215
2018,75,0.020359,0.031192,0.025532
2018,76,0.02393,0.033613,0.028511
2018,77,0.025693,0.039213,0.03201
2018,78,0.029568,0.042756,0.035629
2018,79,0.032479,0.048945,0.039932
2018,80,0.036796,0.055618,0.045177
2018,81,0.041778,0.062195,0.050678
2018,82,0.050972,0.074385,0.060939
2018,83,0.057476,0.081806,0.067566
2018,84,0.065864,0.091141,0.076003
2018,85,0.079562,0.11111,0.091764
2018,86,0.091962,0.124419,0.104106
2018,87,0.104503,0.140605,0.117562
2018,88,0.121273,0.161025,0.135039
2018,89,0.138557,0.1826,0.153073
2018,90,0.158844,0.204654,0.17328
2019,0,0.003335,0.003956,0.003653
2019,1,0.0003,0.000286,0.000293
2019,2,0.000107,9e-05,9.8e-05
2019,3,5.9e-05,0.000145,0.000103
2019,4,5.8e-05,8.9e-05,7.4e-05
2019,5,5.8e-05,9.9e-05,7.9e-05
2019,6,3.5e-05,6.6e-05,5.1e-05
2019,7,6.8e-05,5.3e-05,6e-05
2019,8,4.4e-05,2.1e-05,3.2e-05
2019,9,6.5e-05,3.1e-05,4.8e-05
2019,10,5.4e-05,6.1e-05,5.8e-05
2019,11,3.3e-05,7.3e-05,5.3e-05
2019,12,6.5e-05,8.3e-05,7.4e-05
2019,13,9.7e-05,7.2e-05,8.4e-05
2019,14,5.2e-05,0.0001,7.7e-05
2019,15,0.000112,0.000195,0.000154
2019,16,0.000139,0.000104,0.000121
2019,17,0.000198,0.000245,0.000222
2019,18,0.000171,0.000282,0.000228
2019,19,0.000194,0.00039,0.000294
2019,20,0.000138,0.000427,0.000285
2019,21,0.000178,0.000375,0.000278
2019,22,0.000244,0.000465,0.000356
2019,23,0.000257,0.000377,0.000318
2019,24,0.000204,0.00035,0.000278
2019,25,0.000136,0.00037,0.000255
2019,26,0.000227,0.000405,0.000317
2019,27,0.000268,0.000441,0.000356
2019,28,0.000301,0.000429,0.000366
2019,29,0.000296,0.000384,0.00034
2019,30,0.000284,0.000405,0.000345
2019,31,0.000258,0.000512,0.000386
2019,32,0.00036,0.000506,0.000434
2019,33,0.000389,0.000521,0.000455
2019,34,0.000419,0.000627,0.000524
2019,35,0.000444,0.000714,0.00058
2019,36,0.000374,0.000739,0.000558
2019,37,0.000368,0.000607,0.000488
2019,38,0.00052,0.00085,0.000685
2019,39,0.000512,0.00085,0.000681
2019,40,0.000725,0.000875,0.0008
2019,41,0.000635,0.001134,0.000884
2019,42,0.000761,0.001142,0.000951
2019,43,0.000807,0.001238,0.001021
2019,44,0.000879,0.001283,0.001079
2019,45,0.001035,0.001406,0.001219
2019,46,0.001222,0.00145,0.001335
2019,47,0.001261,0.001706,0.001482
2019,48,0.001178,0.001772,0.001475
2019,49,0.001568,0.00216,0.001865
2019,50,0.001628,0.002329,0.00198
2019,51,0.001981,0.002636,0.002309
2019,52,0.002319,0.002743,0.002532
2019,53,0.002405,0.003175,0.002793
2019,54,0.00254,0.003287,0.002916
2019,55,0.002973,0.003896,0.003437
2019,56,0.003261,0.004249,0.003756
2019,57,0.003407,0.004998,0.004203
2019,58,0.004084,0.00529,0.004687
2019,59,0.004434,0.006059,0.005246
2019,60,0.004842,0.006607,0.005723
2019,61,0.005491,0.007072,0.006279
2019,62,0.006056,0.007876,0.006962
2019,63,0.006507,0.008543,0.007519
2019,64,0.007179,0.01007,0.008612
2019,65,0.007835,0.011093,0.009454
2019,66,0.00818,0.01187,0.01001
2019,67,0.00915,0.012803,0.010961
2019,68,0.01047,0.014287,0.012359
2019,69,0.010899,0.016233,0.013529
2019,70,0.012372,0.017541,0.014919
2019,71,0.013135,0.018771,0.0159
2019,72,0.014506,0.021363,0.017853
2019,73,0.016362,0.023904,0.020024
2019,74,0.017944,0.026768,0.022189
2019,75,0.021112,0.031212,0.025944
2019,76,0.022464,0.033719,0.02781
2019,77,0.024737,0.037069,0.030533
2019,78,0.028776,0.041538,0.034701
2019,79,0.032407,0.048624,0.039799
2019,80,0.036057,0.056085,0.045029
2019,81,0.041843,0.060627,0.050124
2019,82,0.048704,0.069988,0.057866
2019,83,0.055684,0.079678,0.065769
2019,84,0.064955,0.091254,0.075697
2019,85,0.072444,0.107619,0.086308
2019,86,0.08773,0.118666,0.099456
2019,87,0.098203,0.139917,0.113468
2019,88,0.115666,0.155941,0.129873
2019,89,0.131918,0.173448,0.145915
2019,90,0.156116,0.196639,0.169085
2020,0,0.003496,0.004159,0.003836
2020,1,0.000181,0.000161,0.000171
2020,2,7.2e-05,0.000159,0.000117
2020,3,5.9e-05,0.000135,9.8e-05
2020,4,0.000105,7.8e-05,9.1e-05
2020,5,5.8e-05,0.00011,8.5e-05
2020,6,6.9e-05,4.4e-05,5.6e-05
2020,7,6.9e-05,3.3e-05,5e-05
2020,8,4.5e-05,5.3e-05,4.9e-05
2020,9,3.3e-05,5.2e-05,4.2e-05
2020,10,6.5e-05,3.1e-05,4.7e-05
2020,11,4.3e-05,7.1e-05,5.7e-05
2020,12,0.00013,3.1e-05,7.9e-05
2020,13,4.3e-05,0.000113,7.9e-05
2020,14,0.000161,0.000255,0.000209
2020,15,9.4e-05,0.000119,0.000107
2020,16,0.000122,0.000174,0.000149
2020,17,0.000158,0.000225,0.000192
2020,18,0.000125,0.000276,0.000202
2020,19,0.000192,0.000327,0.000261
2020,20,0.000199,0.000385,0.000293
2020,21,0.000274,0.000318,0.000296
2020,22,0.000168,0.000289,0.000229
2020,23,0.00013,0.000441,0.000288
2020,24,0.000141,0.000355,0.00025
2020,25,0.000211,0.000311,0.000262
2020,26,0.000198,0.000427,0.000314
2020,27,0.000252,0.000435,0.000345
2020,28,0.000229,0.000436,0.000334
2020,29,0.000271,0.000491,0.000383
2020,30,0.000186,0.000543,0.000367
2020,31,0.000364,0.000471,0.000418
2020,32,0.000329,0.000471,0.000401
2020,33,0.000357,0.000635,0.000497
2020,34,0.000515,0.00067,0.000593
2020,35,0.000312,0.000724,0.00052
2020,36,0.000499,0.000651,0.000576
2020,37,0.000567,0.00084,0.000705
2020,38,0.000587,0.000919,0.000754
2020,39,0.000535,0.000882,0.000709
2020,40,0.000692,0.000979,0.000835
2020,41,0.00076,0.001085,0.000922
2020,42,0.00073,0.001334,0.001031
2020,43,0.000974,0.001038,0.001006
2020,44,0.001029,0.001164,0.001096
2020,45,0.001026,0.001612,0.001317
2020,46,0.001216,0.001859,0.001535
2020,47,0.001357,0.001622,0.001488
2020,48,0.001429,0.002211,0.001818
2020,49,0.00151,0.002355,0.001932
2020,50,0.001764,0.002582,0.002174
2020,51,0.002104,0.003032,0.002569
2020,52,0.002068,0.003332,0.002702
2020,53,0.002201,0.003577,0.002893
2020,54,0.002534,0.003461,0.003001
2020,55,0.002716,0.003787,0.003255
2020,56,0.003293,0.003924,0.00361
2020,57,0.003333,0.004446,0.003891
2020,58,0.00383,0.005398,0.004614
2020,59,0.00405,0.006315,0.005182
2020,60,0.004816,0.006844,0.005828
2020,61,0.005242,0.007665,0.006451
2020,62,0.00616,0.007967,0.00706
2020,63,0.006785,0.009959,0.008364
2020,64,0.007554,0.010684,0.009106
2020,65,0.007716,0.011366,0.009524
2020,66,0.00869,0.012964,0.010809
2020,67,0.009701,0.014219,0.011936
2020,68,0.01097,0.01581,0.013364
2020,69,0.011253,0.016624,0.013904
2020,70,0.012267,0.018866,0.015512
2020,71,0.014,0.02174,0.017801
2020,72,0.015498,0.023324,0.019323
2020,73,0.01686,0.025207,0.020917
2020,74,0.018757,0.029685,0.024039
2020,75,0.021829,0.03358,0.02745
2020,76,0.024777,0.03872,0.031408
2020,77,0.028003,0.042799,0.034984
2020,78,0.031464,0.048511,0.039416
2020,79,0.035243,0.053473,0.043633
2020,80,0.040424,0.062483,0.050371
2020,81,0.045226,0.068273,0.055434
2020,82,0.052378,0.077445,0.063299
2020,83,0.059759,0.091555,0.073242
2020,84,0.069208,0.102119,0.082811
2020,85,0.079459,0.112898,0.092865
2020,86,0.097729,0.137326,0.113014
2020,87,0.112881,0.151398,0.127137
2020,88,0.127616,0.18105,0.146634
2020,89,0.145928,0.197258,0.163494
2020,90,0.169041,0.220885,0.185978
