Year,Age,Female,Male,Total
1956,0,0.016898,0.023387,0.02022
1956,1,0.002588,0.003509,0.003059
1956,2,0.001041,0.001753,0.001405
1956,3,0.000868,0.001156,0.001016
1956,4,0.000751,0.000704,0.000726
1956,5,0.000606,0.000734,0.000672
1956,6,0.00049,0.000561,0.000526
1956,7,0.000318,0.000534,0.000429
1956,8,0.000354,0.000637,0.0005
1956,9,0.000311,0.000607,0.000462
1956,10,0.000221,0.000536,0.000383
1956,11,0.000223,0.000467,0.000349
1956,12,0.000234,0.000391,0.000315
1956,13,0.000323,0.000347,0.000335
1956,14,0.000419,0.000488,0.000454
1956,15,0.000375,0.000675,0.000528
1956,16,0.000412,0.000724,0.000571
1956,17,0.000446,0.000907,0.00068
1956,18,0.000265,0.001071,0.000674
1956,19,0.000352,0.001183,0.000776
1956,20,0.000389,0.001245,0.000826
1956,21,0.000234,0.001123,0.000688
1956,22,0.000341,0.001119,0.000741
1956,23,0.000428,0.001476,0.000967
1956,24,0.000436,0.001414,0.000936
1956,25,0.000412,0.00105,0.000738
1956,26,0.000464,0.00119,0.000836
1956,27,0.00076,0.001228,0.001
1956,28,0.000901,0.001014,0.000959
1956,29,0.000682,0.00088,0.000784
1956,30,0.000767,0.001142,0.000958
1956,31,0.000767,0.001369,0.001075
1956,32,0.000711,0.001325,0.001024
1956,33,0.000839,0.001419,0.001132
1956,34,0.000824,0.001438,0.001131
1956,35,0.000963,0.00138,0.001172
1956,36,0.001134,0.001448,0.001292
1956,37,0.001381,0.00156,0.001471
1956,38,0.001218,0.001676,0.001447
1956,39,0.001045,0.001881,0.001465
1956,40,0.00143,0.002121,0.001775
1956,41,0.001674,0.002039,0.001857
1956,42,0.001697,0.002344,0.002023
1956,43,0.001758,0.002622,0.002192
1956,44,0.001756,0.002893,0.002327
1956,45,0.001892,0.00323,0.002562
1956,46,0.002117,0.003342,0.002728
1956,47,0.002303,0.003827,0.003064
1956,48,0.003044,0.004454,0.003743
1956,49,0.003863,0.005067,0.004454
1956,50,0.004085,0.005856,0.00495
1956,51,0.004085,0.006499,0.005257
1956,52,0.003997,0.00617,0.00505
1956,53,0.00438,0.006747,0.00553
1956,54,0.004958,0.008192,0.006528
1956,55,0.005217,0.0087,0.0069
1956,56,0.005763,0.009407,0.007515
1956,57,0.006497,0.010444,0.008394
1956,58,0.006664,0.011525,0.008998
1956,59,0.007893,0.013488,0.010573
1956,60,0.009086,0.014868,0.011866
1956,61,0.009208,0.015404,0.012183
1956,62,0.010361,0.017111,0.013582
1956,63,0.011234,0.019123,0.014982
1956,64,0.012654,0.020894,0.016546
1956,65,0.013947,0.022844,0.018108
1956,66,0.015783,0.024694,0.019894
1956,67,0.018694,0.027375,0.022668
1956,68,0.020146,0.029368,0.024395
1956,69,0.023695,0.030915,0.027012
1956,70,0.028658,0.035273,0.031647
1956,71,0.031864,0.041306,0.036057
1956,72,0.034943,0.04571,0.039708
1956,73,0.03815,0.048062,0.042543
1956,74,0.041505,0.053046,0.046619
1956,75,0.049287,0.058441,0.053327
1956,76,0.056759,0.065857,0.060821
1956,77,0.060069,0.072112,0.065449
1956,78,0.067818,0.081776,0.074031
1956,79,0.078009,0.090084,0.083341
1956,80,0.087575,0.093692,0.090255
1956,81,0.096211,0.107037,0.100956
1956,82,0.105557,0.121923,0.112667
1956,83,0.119795,0.129411,0.123932
1956,84,0.129622,0.142805,0.13524
1956,85,0.139493,0.161836,0.148809
1956,86,0.158528,0.176944,0.166047
1956,87,0.167987,0.199279,0.180406
1956,88,0.187947,0.213001,0.197885
1956,89,0.210123,0.228685,0.217442
1956,90,0.229676,0.266585,0.243954
1957,0,0.016588,0.021886,0.019291
1957,1,0.002911,0.003053,0.002984
1957,2,0.001014,0.001331,0.001176
1957,3,0.000672,0.001047,0.000863
1957,4,0.000584,0.000934,0.000764
1957,5,0.000437,0.001,0.000727
1957,6,0.000329,0.000733,0.000537
1957,7,0.000373,0.000578,0.000478
1957,8,0.000301,0.000614,0.000463
1957,9,0.00029,0.000623,0.000462
1957,10,0.000217,0.000472,0.000347
1957,11,0.00011,0.000416,0.000267
1957,12,0.00017,0.00053,0.000355
1957,13,0.000306,0.000763,0.000541
1957,14,0.000444,0.000808,0.00063
1957,15,0.000485,0.00085,0.000671
1957,16,0.000422,0.000991,0.000712
1957,17,0.000275,0.001012,0.000651
1957,18,0.000353,0.001342,0.000856
1957,19,0.000362,0.001073,0.000724
1957,20,0.000202,0.001017,0.000619
1957,21,0.000443,0.001401,0.000931
1957,22,0.000731,0.001354,0.001049
1957,23,0.000582,0.001302,0.000952
1957,24,0.000431,0.001178,0.000814
1957,25,0.000462,0.001333,0.000906
1957,26,0.000461,0.001479,0.000981
1957,27,0.000607,0.001531,0.001081
1957,28,0.000623,0.001459,0.00105
1957,29,0.000521,0.001199,0.000867
1957,30,0.000639,0.001141,0.000896
1957,31,0.000642,0.001129,0.000891
1957,32,0.000875,0.001157,0.001019
1957,33,0.00109,0.001467,0.001282
1957,34,0.001074,0.001673,0.001377
1957,35,0.001206,0.00163,0.001419
1957,36,0.001075,0.001565,0.001321
1957,37,0.001038,0.001669,0.001356
1957,38,0.001101,0.002058,0.001582
1957,39,0.0012,0.001989,0.001595
1957,40,0.001382,0.001949,0.001666
1957,41,0.001455,0.002329,0.001891
1957,42,0.001621,0.002812,0.002219
1957,43,0.001805,0.003214,0.002515
1957,44,0.001922,0.003412,0.00267
1957,45,0.002007,0.003654,0.002834
1957,46,0.002173,0.003808,0.002992
1957,47,0.002664,0.004254,0.003457
1957,48,0.003272,0.004442,0.003856
1957,49,0.003538,0.005059,0.004291
1957,50,0.003236,0.006087,0.004636
1957,51,0.003223,0.0062,0.004675
1957,52,0.003762,0.006656,0.005166
1957,53,0.004,0.007474,0.005684
1957,54,0.004455,0.007709,0.006034
1957,55,0.005506,0.00842,0.00692
1957,56,0.006008,0.010059,0.007963
1957,57,0.005734,0.011158,0.008337
1957,58,0.006683,0.011904,0.009185
1957,59,0.008185,0.012892,0.010439
1957,60,0.009539,0.015011,0.012161
1957,61,0.010091,0.016274,0.013061
1957,62,0.010349,0.016772,0.013427
1957,63,0.011268,0.01893,0.014919
1957,64,0.012297,0.021088,0.016464
1957,65,0.013944,0.023441,0.018428
1957,66,0.016048,0.024535,0.020009
1957,67,0.017326,0.025745,0.021205
1957,68,0.019991,0.029759,0.024457
1957,69,0.024744,0.034394,0.029171
1957,70,0.027875,0.037753,0.032409
1957,71,0.030818,0.038642,0.034356
1957,72,0.034769,0.040824,0.03746
1957,73,0.038343,0.046166,0.041802
1957,74,0.043623,0.05147,0.047104
1957,75,0.048474,0.057752,0.052576
1957,76,0.05351,0.065891,0.058946
1957,77,0.064589,0.071177,0.067509
1957,78,0.071252,0.075572,0.073173
1957,79,0.080929,0.084073,0.082321
1957,80,0.091902,0.094142,0.092882
1957,81,0.096387,0.101771,0.098737
1957,82,0.108783,0.113683,0.11092
1957,83,0.123154,0.130233,0.126209
1957,84,0.136147,0.144599,0.139772
1957,85,0.152493,0.162112,0.156551
1957,86,0.167076,0.182017,0.173261
1957,87,0.182179,0.198602,0.188791
1957,88,0.193273,0.219345,0.203481
1957,89,0.208755,0.241527,0.221501
1957,90,0.23885,0.249819,0.24314
1958,0,0.017176,0.020719,0.018985
1958,1,0.002721,0.002786,0.002754
1958,2,0.00117,0.001333,0.001254
1958,3,0.000916,0.001015,0.000967
1958,4,0.000739,0.000838,0.00079
1958,5,0.000568,0.000856,0.000715
1958,6,0.000402,0.00082,0.000618
1958,7,0.00026,0.000587,0.000428
1958,8,0.000153,0.000514,0.000338
1958,9,0.000168,0.00052,0.000349
1958,10,0.000193,0.000502,0.000352
1958,11,0.000248,0.000398,0.000325
1958,12,0.000219,0.000416,0.00032
1958,13,0.000187,0.000529,0.000363
1958,14,0.000252,0.000475,0.000366
1958,15,0.000302,0.0005,0.000404
1958,16,0.000309,0.000701,0.000509
1958,17,0.000305,0.000947,0.000632
1958,18,0.000298,0.000903,0.000606
1958,19,0.000306,0.001116,0.000718
1958,20,0.000363,0.001588,0.000986
1958,21,0.000406,0.001575,0.001004
1958,22,0.000549,0.001353,0.00096
1958,23,0.000445,0.001307,0.000885
1958,24,0.000478,0.001157,0.000826
1958,25,0.000533,0.000991,0.000768
1958,26,0.000633,0.001011,0.000825
1958,27,0.00081,0.001176,0.000997
1958,28,0.000539,0.001515,0.001039
1958,29,0.000416,0.001555,0.000997
1958,30,0.000613,0.001139,0.000881
1958,31,0.000795,0.001209,0.001006
1958,32,0.000751,0.001442,0.001103
1958,33,0.000668,0.00144,0.001063
1958,34,0.000755,0.001319,0.001042
1958,35,0.000885,0.001414,0.001152
1958,36,0.001077,0.001653,0.001366
1958,37,0.001258,0.001533,0.001396
1958,38,0.001265,0.001691,0.00148
1958,39,0.001362,0.001862,0.001613
1958,40,0.001377,0.001838,0.001608
1958,41,0.001424,0.002585,0.002005
1958,42,0.001559,0.003088,0.002322
1958,43,0.001584,0.003044,0.002316
1958,44,0.001933,0.003367,0.002655
1958,45,0.002191,0.003584,0.00289
1958,46,0.002237,0.003565,0.002904
1958,47,0.002808,0.003803,0.003307
1958,48,0.003388,0.004757,0.004071
1958,49,0.003325,0.005107,0.004214
1958,50,0.003219,0.005379,0.004288
1958,51,0.003539,0.006146,0.004817
1958,52,0.004186,0.007191,0.00565
1958,53,0.004396,0.008315,0.006294
1958,54,0.004527,0.008933,0.00666
1958,55,0.005012,0.009307,0.007092
1958,56,0.005749,0.009932,0.007775
1958,57,0.006339,0.010347,0.00827
1958,58,0.006686,0.012172,0.009312
1958,59,0.00781,0.014825,0.011162
1958,60,0.009202,0.015207,0.012069
1958,61,0.009609,0.015881,0.012606
1958,62,0.009916,0.01818,0.013874
1958,63,0.010949,0.020118,0.015327
1958,64,0.012634,0.020896,0.016555
1958,65,0.015088,0.023031,0.018841
1958,66,0.016824,0.024917,0.02063
1958,67,0.017698,0.026965,0.02201
1958,68,0.020537,0.03046,0.025088
1958,69,0.024435,0.031407,0.027612
1958,70,0.027394,0.036624,0.031611
1958,71,0.029961,0.041518,0.035236
1958,72,0.033989,0.043686,0.03836
1958,73,0.039009,0.050939,0.044297
1958,74,0.043448,0.057334,0.049558
1958,75,0.048481,0.062422,0.054643
1958,76,0.053536,0.066162,0.059085
1958,77,0.061294,0.072556,0.066209
1958,78,0.072386,0.08348,0.077283
1958,79,0.077835,0.086386,0.081616
1958,80,0.084269,0.096688,0.089701
1958,81,0.099045,0.111708,0.104553
1958,82,0.11247,0.118503,0.115095
1958,83,0.123257,0.131747,0.126948
1958,84,0.131596,0.146159,0.137841
1958,85,0.15106,0.156545,0.153398
1958,86,0.169654,0.180565,0.174246
1958,87,0.179287,0.20647,0.190366
1958,88,0.198501,0.210653,0.203359
1958,89,0.217137,0.22818,0.22139
1958,90,0.238326,0.254674,0.24463
1959,0,0.015007,0.020797,0.017971
1959,1,0.002133,0.00233,0.002234
1959,2,0.000975,0.001167,0.001074
1959,3,0.000759,0.000942,0.000853
1959,4,0.0005,0.000826,0.000667
1959,5,0.000437,0.000807,0.000626
1959,6,0.000317,0.000777,0.000553
1959,7,0.00035,0.000723,0.000542
1959,8,0.000364,0.00062,0.000496
1959,9,0.000424,0.000482,0.000454
1959,10,0.000486,0.000521,0.000504
1959,11,0.000387,0.000396,0.000392
1959,12,0.00034,0.000339,0.00034
1959,13,0.000329,0.000445,0.000388
1959,14,0.00034,0.000578,0.000462
1959,15,0.000323,0.000966,0.000654
1959,16,0.000282,0.001308,0.000807
1959,17,0.00033,0.001148,0.000746
1959,18,0.000375,0.000993,0.00069
1959,19,0.000275,0.001101,0.000697
1959,20,0.000189,0.001186,0.000696
1959,21,0.000268,0.001355,0.000822
1959,22,0.000434,0.001238,0.000846
1959,23,0.000499,0.001059,0.000785
1959,24,0.000473,0.00172,0.001108
1959,25,0.000479,0.001722,0.001117
1959,26,0.000382,0.001217,0.000809
1959,27,0.000367,0.001207,0.000793
1959,28,0.000487,0.001383,0.000944
1959,29,0.000541,0.001524,0.001044
1959,30,0.000696,0.001317,0.001012
1959,31,0.000773,0.001562,0.001174
1959,32,0.000575,0.001768,0.001183
1959,33,0.000601,0.00153,0.001074
1959,34,0.000795,0.001485,0.001147
1959,35,0.000975,0.001322,0.001152
1959,36,0.001137,0.001494,0.001317
1959,37,0.001024,0.001752,0.001389
1959,38,0.000972,0.001733,0.001354
1959,39,0.001343,0.002047,0.001698
1959,40,0.001885,0.002422,0.002155
1959,41,0.001944,0.002773,0.002359
1959,42,0.001843,0.002872,0.002358
1959,43,0.001865,0.002833,0.002348
1959,44,0.001894,0.002993,0.002446
1959,45,0.002041,0.003541,0.002797
1959,46,0.002279,0.003801,0.003042
1959,47,0.002901,0.003783,0.003344
1959,48,0.003113,0.004176,0.003645
1959,49,0.002809,0.004652,0.003727
1959,50,0.003013,0.004892,0.00395
1959,51,0.003606,0.005362,0.004474
1959,52,0.003777,0.00644,0.005082
1959,53,0.004272,0.007796,0.005986
1959,54,0.005014,0.008531,0.006714
1959,55,0.005386,0.009484,0.007366
1959,56,0.005929,0.011072,0.008415
1959,57,0.006403,0.011306,0.008773
1959,58,0.00665,0.011269,0.008871
1959,59,0.006814,0.013206,0.009865
1959,60,0.008074,0.015598,0.011657
1959,61,0.009597,0.016894,0.01307
1959,62,0.011081,0.017363,0.014072
1959,63,0.012623,0.018954,0.015646
1959,64,0.014223,0.022171,0.018002
1959,65,0.017177,0.024231,0.020514
1959,66,0.018746,0.02549,0.021923
1959,67,0.019322,0.027351,0.023086
1959,68,0.021454,0.029715,0.025283
1959,69,0.024002,0.032968,0.0281
1959,70,0.02555,0.037376,0.03092
1959,71,0.028866,0.041176,0.034455
1959,72,0.033924,0.046066,0.039439
1959,73,0.037677,0.048609,0.042582
1959,74,0.040724,0.051507,0.045482
1959,75,0.045536,0.057151,0.05062
1959,76,0.05452,0.061168,0.057445
1959,77,0.062559,0.073293,0.067262
1959,78,0.066892,0.085181,0.07481
1959,79,0.072594,0.0919,0.081036
1959,80,0.079895,0.099045,0.08822
1959,81,0.095869,0.107778,0.101033
1959,82,0.111727,0.119271,0.114994
1959,83,0.116875,0.130415,0.122741
1959,84,0.125889,0.140214,0.132066
1959,85,0.142334,0.154268,0.147416
1959,86,0.161457,0.181061,0.169781
1959,87,0.18336,0.197117,0.189069
1959,88,0.199949,0.217233,0.206946
1959,89,0.219225,0.241357,0.22795
1959,90,0.248957,0.25022,0.249443
1960,0,0.015561,0.020226,0.01795
1960,1,0.002115,0.002937,0.002537
1960,2,0.001076,0.001562,0.001325
1960,3,0.000828,0.001058,0.000946
1960,4,0.000594,0.000771,0.000684
1960,5,0.000467,0.000763,0.000619
1960,6,0.000387,0.000823,0.00061
1960,7,0.000401,0.000651,0.000529
1960,8,0.000279,0.000592,0.00044
1960,9,0.000173,0.00062,0.000403
1960,10,0.000187,0.000466,0.00033
1960,11,0.000235,0.000427,0.000334
1960,12,0.000242,0.000503,0.000376
1960,13,0.000201,0.000413,0.000309
1960,14,0.000266,0.000415,0.000342
1960,15,0.00039,0.000609,0.000503
1960,16,0.000251,0.000813,0.00054
1960,17,0.000262,0.001154,0.000718
1960,18,0.000418,0.001149,0.00079
1960,19,0.000376,0.001107,0.000749
1960,20,0.000438,0.001212,0.000833
1960,21,0.000523,0.001165,0.00085
1960,22,0.000465,0.001054,0.000766
1960,23,0.000436,0.001076,0.000764
1960,24,0.000475,0.001344,0.000918
1960,25,0.000633,0.001506,0.001076
1960,26,0.000536,0.001302,0.000928
1960,27,0.000384,0.001226,0.000814
1960,28,0.000516,0.001335,0.000931
1960,29,0.000606,0.001057,0.000835
1960,30,0.000542,0.00133,0.000945
1960,31,0.00072,0.001572,0.001154
1960,32,0.000821,0.001438,0.001134
1960,33,0.000732,0.001369,0.001056
1960,34,0.000795,0.001473,0.00114
1960,35,0.000901,0.001792,0.001355
1960,36,0.001037,0.001787,0.001419
1960,37,0.001082,0.001936,0.001513
1960,38,0.001235,0.00204,0.001639
1960,39,0.001318,0.002133,0.001727
1960,40,0.001079,0.002054,0.00157
1960,41,0.001124,0.002249,0.001689
1960,42,0.001401,0.002707,0.002053
1960,43,0.001588,0.002981,0.002284
1960,44,0.001727,0.00315,0.002436
1960,45,0.001755,0.003308,0.002534
1960,46,0.00215,0.003698,0.002929
1960,47,0.002489,0.003611,0.003052
1960,48,0.002704,0.004148,0.003428
1960,49,0.002978,0.004682,0.00383
1960,50,0.002818,0.004459,0.003636
1960,51,0.003108,0.005371,0.004235
1960,52,0.003375,0.006805,0.005069
1960,53,0.003499,0.007525,0.005468
1960,54,0.004476,0.008316,0.006341
1960,55,0.004901,0.009799,0.007263
1960,56,0.005698,0.009374,0.007471
1960,57,0.006793,0.010038,0.008359
1960,58,0.007473,0.012302,0.009802
1960,59,0.00827,0.013129,0.010601
1960,60,0.008452,0.0152,0.011662
1960,61,0.009138,0.018098,0.01339
1960,62,0.010758,0.019411,0.014857
1960,63,0.011429,0.019763,0.015385
1960,64,0.012013,0.021592,0.016569
1960,65,0.014537,0.023704,0.018879
1960,66,0.017207,0.025167,0.020963
1960,67,0.018844,0.028588,0.023418
1960,68,0.021998,0.031812,0.026582
1960,69,0.025484,0.033519,0.029197
1960,70,0.026532,0.036948,0.031273
1960,71,0.029943,0.041172,0.035012
1960,72,0.034872,0.045658,0.039746
1960,73,0.036767,0.050729,0.043069
1960,74,0.040201,0.053515,0.046146
1960,75,0.049097,0.05799,0.053004
1960,76,0.056498,0.065673,0.060502
1960,77,0.062142,0.073875,0.067291
1960,78,0.07204,0.08292,0.076778
1960,79,0.081574,0.090431,0.085382
1960,80,0.087039,0.101029,0.093052
1960,81,0.09363,0.11012,0.100728
1960,82,0.103835,0.120217,0.110892
1960,83,0.115012,0.142567,0.126844
1960,84,0.132442,0.158617,0.143617
1960,85,0.148209,0.1648,0.155318
1960,86,0.161435,0.192004,0.174293
1960,87,0.17838,0.214456,0.193446
1960,88,0.19624,0.223048,0.207247
1960,89,0.216203,0.219649,0.217579
1960,90,0.248026,0.240341,0.24499
1961,0,0.014762,0.020118,0.017514
1961,1,0.002057,0.00213,0.002094
1961,2,0.000932,0.001139,0.001038
1961,3,0.000795,0.000996,0.000898
1961,4,0.00053,0.000633,0.000582
1961,5,0.000446,0.000724,0.000588
1961,6,0.000485,0.00078,0.000636
1961,7,0.000421,0.000485,0.000453
1961,8,0.000283,0.000429,0.000358
1961,9,0.00021,0.000444,0.00033
1961,10,0.000173,0.000555,0.00037
1961,11,0.000187,0.000579,0.000388
1961,12,0.000185,0.000348,0.000269
1961,13,0.000226,0.000336,0.000282
1961,14,0.000263,0.000442,0.000355
1961,15,0.000281,0.000756,0.000525
1961,16,0.000372,0.001074,0.000733
1961,17,0.000304,0.000965,0.000644
1961,18,0.000241,0.001058,0.000659
1961,19,0.000375,0.001406,0.0009
1961,20,0.000424,0.001558,0.001003
1961,21,0.00037,0.001346,0.000869
1961,22,0.0005,0.001395,0.000957
1961,23,0.000467,0.001364,0.000925
1961,24,0.000283,0.001081,0.000691
1961,25,0.000238,0.001149,0.000702
1961,26,0.000423,0.001077,0.000755
1961,27,0.000456,0.001231,0.000852
1961,28,0.000462,0.001257,0.000867
1961,29,0.00064,0.001006,0.000825
1961,30,0.000584,0.001084,0.000838
1961,31,0.00059,0.001177,0.00089
1961,32,0.000675,0.001577,0.001133
1961,33,0.000868,0.001754,0.001317
1961,34,0.00091,0.001953,0.00144
1961,35,0.000882,0.001935,0.001417
1961,36,0.000902,0.001694,0.001306
1961,37,0.001117,0.001888,0.001509
1961,38,0.001393,0.001731,0.001564
1961,39,0.001295,0.002027,0.001662
1961,40,0.001247,0.00232,0.001785
1961,41,0.001572,0.002451,0.002014
1961,42,0.001788,0.002917,0.002354
1961,43,0.001637,0.003243,0.002439
1961,44,0.001809,0.003491,0.002649
1961,45,0.00226,0.003611,0.002933
1961,46,0.002414,0.00375,0.003083
1961,47,0.002505,0.003672,0.003092
1961,48,0.002578,0.004276,0.003429
1961,49,0.002816,0.004848,0.003834
1961,50,0.002883,0.005466,0.004175
1961,51,0.003357,0.006196,0.00477
1961,52,0.003943,0.006824,0.005377
1961,53,0.003968,0.007867,0.005889
1961,54,0.004376,0.008439,0.00636
1961,55,0.004979,0.009317,0.007082
1961,56,0.005648,0.010947,0.008199
1961,57,0.006042,0.0118,0.008814
1961,58,0.006924,0.01201,0.009372
1961,59,0.007822,0.01305,0.010338
1961,60,0.008269,0.015127,0.01155
1961,61,0.009488,0.017913,0.013481
1961,62,0.010533,0.019789,0.014903
1961,63,0.011859,0.021046,0.016191
1961,64,0.013422,0.022825,0.017866
1961,65,0.014029,0.024553,0.019012
1961,66,0.015447,0.02543,0.020156
1961,67,0.017142,0.026904,0.021729
1961,68,0.01936,0.030285,0.024461
1961,69,0.02377,0.036121,0.029511
1961,70,0.026989,0.042246,0.034001
1961,71,0.028706,0.044352,0.035775
1961,72,0.032663,0.047067,0.039127
1961,73,0.037792,0.049956,0.043254
1961,74,0.042427,0.05213,0.046781
1961,75,0.047193,0.058518,0.052225
1961,76,0.051107,0.065778,0.057522
1961,77,0.057341,0.077829,0.066218
1961,78,0.066197,0.084115,0.073997
1961,79,0.076012,0.091067,0.082536
1961,80,0.086083,0.105344,0.094233
1961,81,0.099356,0.112501,0.104956
1961,82,0.11365,0.121705,0.117093
1961,83,0.121269,0.133456,0.126481
1961,84,0.134955,0.152337,0.142301
1961,85,0.150691,0.163245,0.156008
1961,86,0.164208,0.177868,0.170001
1961,87,0.184218,0.209654,0.194751
1961,88,0.200907,0.234912,0.214808
1961,89,0.221722,0.261733,0.237919
1961,90,0.236191,0.298199,0.260574
1962,0,0.014384,0.019816,0.017178
1962,1,0.001877,0.00266,0.002279
1962,2,0.000793,0.001233,0.001019
1962,3,0.000566,0.000902,0.000738
1962,4,0.000414,0.000791,0.000607
1962,5,0.000563,0.000854,0.000712
1962,6,0.000413,0.000787,0.000605
1962,7,0.000317,0.000621,0.000473
1962,8,0.00032,0.000436,0.000379
1962,9,0.00015,0.000317,0.000236
1962,10,0.000262,0.000362,0.000313
1962,11,0.000295,0.000376,0.000336
1962,12,0.000204,0.000483,0.000347
1962,13,0.000269,0.000474,0.000375
1962,14,0.000226,0.00058,0.000408
1962,15,0.000247,0.00084,0.000551
1962,16,0.000359,0.000934,0.000654
1962,17,0.000355,0.001074,0.000724
1962,18,0.000233,0.001034,0.000645
1962,19,0.000323,0.001136,0.000739
1962,20,0.000421,0.00134,0.00089
1962,21,0.000284,0.001175,0.000739
1962,22,0.000255,0.001149,0.000712
1962,23,0.000382,0.001515,0.00096
1962,24,0.000442,0.001415,0.000939
1962,25,0.000412,0.001011,0.000718
1962,26,0.000503,0.001305,0.000911
1962,27,0.000502,0.00144,0.000977
1962,28,0.000375,0.001054,0.000721
1962,29,0.000359,0.001504,0.000943
1962,30,0.000517,0.001895,0.001215
1962,31,0.000513,0.001356,0.000941
1962,32,0.000496,0.001268,0.00089
1962,33,0.000745,0.001513,0.001135
1962,34,0.000754,0.001312,0.001037
1962,35,0.0008,0.001634,0.001224
1962,36,0.000969,0.002063,0.001525
1962,37,0.001071,0.002081,0.001585
1962,38,0.001178,0.002452,0.001826
1962,39,0.001143,0.002593,0.001873
1962,40,0.001391,0.002487,0.00194
1962,41,0.001611,0.00254,0.002077
1962,42,0.00146,0.002757,0.002112
1962,43,0.001811,0.002586,0.002199
1962,44,0.002304,0.002428,0.002366
1962,45,0.00229,0.003001,0.002645
1962,46,0.002428,0.003624,0.003023
1962,47,0.0024,0.00403,0.003216
1962,48,0.002469,0.004661,0.003571
1962,49,0.002809,0.00536,0.004086
1962,50,0.003261,0.005657,0.00446
1962,51,0.003614,0.006157,0.004885
1962,52,0.003709,0.007682,0.005683
1962,53,0.00435,0.008487,0.006405
1962,54,0.005059,0.007862,0.006438
1962,55,0.005354,0.008409,0.006843
1962,56,0.005442,0.01007,0.00768
1962,57,0.005539,0.012341,0.008803
1962,58,0.006549,0.01382,0.010037
1962,59,0.008197,0.014185,0.011072
1962,60,0.008619,0.014717,0.011545
1962,61,0.00901,0.016673,0.012663
1962,62,0.010727,0.019213,0.014731
1962,63,0.011768,0.021181,0.016192
1962,64,0.013422,0.023531,0.018165
1962,65,0.014449,0.024329,0.019096
1962,66,0.016085,0.027457,0.021441
1962,67,0.018141,0.03172,0.024509
1962,68,0.019661,0.034033,0.026366
1962,69,0.024546,0.035555,0.029654
1962,70,0.028867,0.03815,0.033158
1962,71,0.030315,0.044961,0.036993
1962,72,0.03169,0.047839,0.038922
1962,73,0.038767,0.051381,0.044387
1962,74,0.044493,0.058023,0.050531
1962,75,0.047372,0.061519,0.053677
1962,76,0.052916,0.067713,0.059443
1962,77,0.059423,0.076004,0.066604
1962,78,0.066359,0.084004,0.07392
1962,79,0.076176,0.091934,0.082977
1962,80,0.085176,0.104874,0.093517
1962,81,0.09358,0.114984,0.10253
1962,82,0.110471,0.122299,0.115472
1962,83,0.123407,0.132509,0.127282
1962,84,0.132815,0.153135,0.141424
1962,85,0.149239,0.172315,0.158873
1962,86,0.162932,0.179408,0.169858
1962,87,0.178067,0.20174,0.188
1962,88,0.208757,0.228246,0.21669
1962,89,0.237149,0.247767,0.241438
1962,90,0.240216,0.275154,0.254056
1963,0,0.014456,0.018171,0.016358
1963,1,0.001966,0.002795,0.002392
1963,2,0.000778,0.001395,0.001095
1963,3,0.000489,0.00093,0.000715
1963,4,0.00035,0.000886,0.000625
1963,5,0.000265,0.000775,0.000526
1963,6,0.000298,0.000633,0.000469
1963,7,0.000281,0.00063,0.00046
1963,8,0.000284,0.000637,0.000465
1963,9,0.00037,0.000533,0.000453
1963,10,0.0003,0.000365,0.000333
1963,11,0.00021,0.000362,0.000288
1963,12,0.000243,0.000474,0.000362
1963,13,0.000357,0.000483,0.000421
1963,14,0.00042,0.000443,0.000432
1963,15,0.000501,0.000611,0.000557
1963,16,0.000495,0.000855,0.00068
1963,17,0.000343,0.000965,0.000662
1963,18,0.000288,0.001076,0.000692
1963,19,0.000306,0.001034,0.000681
1963,20,0.000324,0.001174,0.00076
1963,21,0.000334,0.001298,0.000827
1963,22,0.000261,0.001176,0.000729
1963,23,0.000301,0.000976,0.000646
1963,24,0.000311,0.000805,0.000563
1963,25,0.000246,0.001042,0.000652
1963,26,0.000335,0.001335,0.000845
1963,27,0.000344,0.001309,0.000835
1963,28,0.000502,0.001314,0.000914
1963,29,0.000616,0.00121,0.000919
1963,30,0.000616,0.001112,0.000868
1963,31,0.000615,0.001033,0.000827
1963,32,0.000514,0.001267,0.000896
1963,33,0.000543,0.001406,0.000983
1963,34,0.000745,0.001559,0.001158
1963,35,0.000961,0.001514,0.001241
1963,36,0.001089,0.001357,0.001225
1963,37,0.001099,0.001774,0.001442
1963,38,0.001008,0.002106,0.001567
1963,39,0.001299,0.002185,0.001749
1963,40,0.001261,0.002407,0.001838
1963,41,0.001068,0.002435,0.001753
1963,42,0.001395,0.002908,0.002153
1963,43,0.001823,0.003388,0.002609
1963,44,0.002299,0.003315,0.002808
1963,45,0.002523,0.003417,0.002969
1963,46,0.002536,0.003713,0.003123
1963,47,0.002475,0.00403,0.003249
1963,48,0.002673,0.004476,0.003575
1963,49,0.00262,0.004867,0.003748
1963,50,0.002858,0.005407,0.004133
1963,51,0.003501,0.006128,0.004814
1963,52,0.003882,0.006991,0.005432
1963,53,0.00458,0.007874,0.006214
1963,54,0.005069,0.008911,0.006974
1963,55,0.0054,0.010658,0.007981
1963,56,0.005334,0.012174,0.008659
1963,57,0.005889,0.013127,0.009378
1963,58,0.007006,0.014022,0.010359
1963,59,0.007382,0.014639,0.010851
1963,60,0.008648,0.015361,0.01186
1963,61,0.009658,0.01645,0.012907
1963,62,0.010271,0.0179,0.013892
1963,63,0.012082,0.02124,0.016384
1963,64,0.013802,0.024702,0.018898
1963,65,0.014475,0.027729,0.020659
1963,66,0.016697,0.029816,0.022829
1963,67,0.019325,0.031047,0.024813
1963,68,0.021107,0.033751,0.026994
1963,69,0.023895,0.038351,0.030592
1963,70,0.028505,0.042124,0.034782
1963,71,0.033172,0.045284,0.038737
1963,72,0.037007,0.049959,0.042864
1963,73,0.042771,0.05542,0.048395
1963,74,0.050594,0.061074,0.055233
1963,75,0.055075,0.068085,0.060842
1963,76,0.058867,0.075736,0.06632
1963,77,0.068973,0.080952,0.074212
1963,78,0.079228,0.087087,0.082609
1963,79,0.086039,0.097181,0.090778
1963,80,0.093073,0.113427,0.101645
1963,81,0.104503,0.127806,0.114238
1963,82,0.121443,0.137928,0.128258
1963,83,0.14195,0.14197,0.141959
1963,84,0.151434,0.148869,0.150343
1963,85,0.164247,0.172104,0.167543
1963,86,0.177308,0.204195,0.188427
1963,87,0.193975,0.225228,0.20688
1963,88,0.221608,0.235766,0.227487
1963,89,0.236722,0.263665,0.247573
1963,90,0.25988,0.29924,0.275563
1964,0,0.014738,0.018216,0.016526
1964,1,0.002001,0.001926,0.001963
1964,2,0.001043,0.001098,0.001071
1964,3,0.000711,0.00114,0.000931
1964,4,0.000675,0.001011,0.000847
1964,5,0.00055,0.000808,0.000682
1964,6,0.000215,0.000728,0.000478
1964,7,0.000116,0.000681,0.000405
1964,8,0.000248,0.000615,0.000436
1964,9,0.000368,0.000605,0.000489
1964,10,0.000252,0.000501,0.000379
1964,11,0.00015,0.00035,0.000252
1964,12,0.000192,0.000313,0.000254
1964,13,0.000173,0.000408,0.000294
1964,14,0.000102,0.000467,0.000289
1964,15,0.000185,0.000507,0.00035
1964,16,0.000339,0.000764,0.000558
1964,17,0.000325,0.000945,0.000642
1964,18,0.000344,0.001189,0.000777
1964,19,0.00034,0.001301,0.000834
1964,20,0.000289,0.001103,0.000709
1964,21,0.000305,0.001059,0.000693
1964,22,0.000335,0.000938,0.000643
1964,23,0.000428,0.001113,0.000778
1964,24,0.000372,0.001267,0.000829
1964,25,0.000456,0.001178,0.000824
1964,26,0.000444,0.001093,0.000775
1964,27,0.000361,0.000992,0.000683
1964,28,0.000424,0.001056,0.000745
1964,29,0.000423,0.00137,0.000902
1964,30,0.000616,0.001213,0.00092
1964,31,0.000821,0.001113,0.00097
1964,32,0.00074,0.001419,0.001084
1964,33,0.000607,0.001519,0.00107
1964,34,0.000662,0.00159,0.001135
1964,35,0.000513,0.001653,0.001091
1964,36,0.000823,0.001829,0.001333
1964,37,0.001134,0.001897,0.001522
1964,38,0.001121,0.002176,0.001657
1964,39,0.001346,0.002048,0.001704
1964,40,0.001281,0.002093,0.001693
1964,41,0.001417,0.002336,0.00188
1964,42,0.001528,0.002517,0.002023
1964,43,0.001723,0.00299,0.002357
1964,44,0.001789,0.003474,0.002635
1964,45,0.001636,0.004134,0.002886
1964,46,0.001843,0.003805,0.002822
1964,47,0.002282,0.004011,0.003143
1964,48,0.002728,0.004609,0.003663
1964,49,0.002886,0.005364,0.004125
1964,50,0.002834,0.006768,0.004806
1964,51,0.002887,0.007162,0.005021
1964,52,0.00368,0.006714,0.005194
1964,53,0.004434,0.006738,0.005582
1964,54,0.004644,0.007999,0.006306
1964,55,0.00472,0.010073,0.007368
1964,56,0.005247,0.011248,0.008184
1964,57,0.006144,0.0108,0.0084
1964,58,0.006344,0.011674,0.008905
1964,59,0.006934,0.013771,0.01019
1964,60,0.008231,0.014985,0.011448
1964,61,0.009019,0.016935,0.012794
1964,62,0.010115,0.01996,0.014803
1964,63,0.011291,0.0225,0.016586
1964,64,0.013426,0.024907,0.018789
1964,65,0.015413,0.026128,0.020393
1964,66,0.016775,0.028122,0.022036
1964,67,0.018676,0.030669,0.024248
1964,68,0.02082,0.032168,0.0261
1964,69,0.023946,0.036076,0.029557
1964,70,0.026765,0.039178,0.032471
1964,71,0.029635,0.042056,0.035323
1964,72,0.034079,0.047331,0.040123
1964,73,0.038153,0.050959,0.043907
1964,74,0.042235,0.054086,0.047468
1964,75,0.048398,0.064058,0.05529
1964,76,0.056124,0.071108,0.0627
1964,77,0.06538,0.072729,0.068607
1964,78,0.072667,0.081389,0.076464
1964,79,0.078519,0.091858,0.084226
1964,80,0.086833,0.103574,0.093803
1964,81,0.099096,0.112403,0.10464
1964,82,0.109077,0.122504,0.11463
1964,83,0.122148,0.140923,0.129844
1964,84,0.142165,0.156112,0.14802
1964,85,0.156291,0.171209,0.162612
1964,86,0.161091,0.184972,0.171008
1964,87,0.16863,0.19866,0.180815
1964,88,0.19371,0.225216,0.206506
1964,89,0.222822,0.231589,0.226429
1964,90,0.249105,0.238244,0.244766
1965,0,0.014142,0.01814,0.016209
1965,1,0.001749,0.002133,0.001946
1965,2,0.000712,0.000949,0.000833
1965,3,0.000657,0.000796,0.000729
1965,4,0.00061,0.000675,0.000643
1965,5,0.000456,0.000578,0.000519
1965,6,0.00045,0.000714,0.000585
1965,7,0.000415,0.000792,0.000608
1965,8,0.000331,0.00065,0.000494
1965,9,0.000215,0.000489,0.000355
1965,10,0.000234,0.00043,0.000335
1965,11,0.000286,0.000502,0.000396
1965,12,0.000283,0.000477,0.000382
1965,13,0.000227,0.000379,0.000305
1965,14,0.000243,0.000605,0.000429
1965,15,0.000289,0.000806,0.000554
1965,16,0.000235,0.000808,0.00053
1965,17,0.000356,0.000887,0.000629
1965,18,0.000419,0.000858,0.000644
1965,19,0.000267,0.000983,0.000635
1965,20,0.000222,0.001159,0.000705
1965,21,0.000382,0.001038,0.000721
1965,22,0.00043,0.001141,0.000796
1965,23,0.000292,0.001095,0.000702
1965,24,0.000358,0.001323,0.000851
1965,25,0.000514,0.001296,0.000913
1965,26,0.000457,0.000998,0.000732
1965,27,0.000444,0.001243,0.00085
1965,28,0.000413,0.001271,0.00085
1965,29,0.000345,0.001396,0.000878
1965,30,0.000556,0.001425,0.000995
1965,31,0.00051,0.001422,0.000974
1965,32,0.00036,0.001413,0.000896
1965,33,0.000469,0.001519,0.001
1965,34,0.000514,0.001634,0.001082
1965,35,0.000828,0.001662,0.001252
1965,36,0.001119,0.001997,0.001564
1965,37,0.001099,0.001922,0.001516
1965,38,0.001025,0.001751,0.001393
1965,39,0.001015,0.00216,0.001596
1965,40,0.001158,0.002601,0.001893
1965,41,0.001503,0.002779,0.002151
1965,42,0.001575,0.003167,0.002376
1965,43,0.001587,0.003579,0.002583
1965,44,0.001817,0.003455,0.002636
1965,45,0.001734,0.003676,0.002708
1965,46,0.002064,0.004131,0.003097
1965,47,0.002632,0.004,0.003314
1965,48,0.00289,0.004493,0.003688
1965,49,0.002961,0.005508,0.004225
1965,50,0.002895,0.006601,0.004745
1965,51,0.00307,0.007171,0.005121
1965,52,0.003827,0.007358,0.005586
1965,53,0.003884,0.008139,0.006004
1965,54,0.003849,0.008837,0.006328
1965,55,0.004471,0.009531,0.006972
1965,56,0.004985,0.010495,0.007703
1965,57,0.005476,0.011566,0.008447
1965,58,0.006642,0.013503,0.009956
1965,59,0.008103,0.014437,0.011137
1965,60,0.008443,0.015608,0.011843
1965,61,0.0091,0.018201,0.013419
1965,62,0.010324,0.020012,0.014921
1965,63,0.011805,0.020723,0.016031
1965,64,0.012809,0.021761,0.017017
1965,65,0.013927,0.025388,0.019251
1965,66,0.014473,0.030259,0.021764
1965,67,0.015505,0.032081,0.023129
1965,68,0.018517,0.033293,0.025334
1965,69,0.021224,0.035464,0.027802
1965,70,0.024809,0.037814,0.030782
1965,71,0.028796,0.043432,0.035478
1965,72,0.031929,0.047255,0.038892
1965,73,0.037641,0.052387,0.04432
1965,74,0.042289,0.060624,0.05046
1965,75,0.044251,0.063837,0.052822
1965,76,0.050049,0.06897,0.058289
1965,77,0.058486,0.075399,0.065848
1965,78,0.06639,0.081197,0.072853
1965,79,0.075627,0.091539,0.082501
1965,80,0.085829,0.105048,0.093874
1965,81,0.093036,0.113591,0.101497
1965,82,0.103038,0.123383,0.111442
1965,83,0.120713,0.141538,0.129225
1965,84,0.135393,0.154092,0.142976
1965,85,0.14586,0.167284,0.154772
1965,86,0.161581,0.175047,0.167222
1965,87,0.172813,0.195053,0.18196
1965,88,0.176993,0.217324,0.19296
1965,89,0.208634,0.223211,0.21447
1965,90,0.244481,0.253406,0.248156
1966,0,0.011645,0.015554,0.013663
1966,1,0.001594,0.001966,0.001786
1966,2,0.000868,0.001178,0.001027
1966,3,0.000613,0.001014,0.000818
1966,4,0.000522,0.00067,0.000598
1966,5,0.000424,0.000596,0.000512
1966,6,0.000287,0.000642,0.000469
1966,7,0.000383,0.00057,0.000479
1966,8,0.000416,0.00046,0.000438
1966,9,0.000331,0.000333,0.000332
1966,10,0.000215,0.000237,0.000226
1966,11,0.000167,0.000223,0.000196
1966,12,0.000236,0.000405,0.000322
1966,13,0.000217,0.00054,0.000382
1966,14,0.000228,0.000611,0.000425
1966,15,0.000363,0.000701,0.000537
1966,16,0.000375,0.000744,0.000564
1966,17,0.000369,0.000949,0.000668
1966,18,0.000357,0.001059,0.000718
1966,19,0.000358,0.001184,0.000782
1966,20,0.000442,0.001205,0.000835
1966,21,0.000431,0.001036,0.000743
1966,22,0.000366,0.000938,0.000662
1966,23,0.000268,0.000837,0.00056
1966,24,0.000226,0.000843,0.000542
1966,25,0.000406,0.001074,0.000748
1966,26,0.000448,0.00108,0.000771
1966,27,0.000481,0.001236,0.000864
1966,28,0.000495,0.001247,0.000877
1966,29,0.000414,0.001123,0.000775
1966,30,0.000426,0.001323,0.00088
1966,31,0.000451,0.00122,0.00084
1966,32,0.0007,0.001062,0.000884
1966,33,0.000694,0.001288,0.000997
1966,34,0.000618,0.001255,0.00094
1966,35,0.00056,0.001384,0.000978
1966,36,0.000546,0.001576,0.001071
1966,37,0.001098,0.001682,0.001394
1966,38,0.001309,0.001972,0.001645
1966,39,0.001092,0.00197,0.001537
1966,40,0.001037,0.002182,0.001618
1966,41,0.001076,0.002284,0.00169
1966,42,0.001647,0.002571,0.002116
1966,43,0.002084,0.002866,0.002477
1966,44,0.00193,0.003005,0.002467
1966,45,0.001781,0.003532,0.002656
1966,46,0.002121,0.003942,0.003033
1966,47,0.002541,0.004543,0.003541
1966,48,0.002721,0.005151,0.003931
1966,49,0.002976,0.005398,0.004182
1966,50,0.003177,0.006007,0.00458
1966,51,0.003212,0.006624,0.004911
1966,52,0.003496,0.006888,0.005189
1966,53,0.004023,0.007279,0.005642
1966,54,0.004728,0.008407,0.006557
1966,55,0.005149,0.010007,0.007556
1966,56,0.004694,0.011577,0.008084
1966,57,0.005114,0.012182,0.008581
1966,58,0.006582,0.012328,0.009374
1966,59,0.007546,0.014126,0.010713
1966,60,0.007958,0.015981,0.011781
1966,61,0.009216,0.017043,0.012915
1966,62,0.010078,0.018953,0.014264
1966,63,0.011062,0.020553,0.015544
1966,64,0.012576,0.023654,0.017795
1966,65,0.013337,0.027237,0.019808
1966,66,0.015657,0.029086,0.021844
1966,67,0.01815,0.031393,0.024203
1966,68,0.019871,0.0339,0.026278
1966,69,0.021481,0.035877,0.028054
1966,70,0.024811,0.041342,0.032361
1966,71,0.028706,0.046894,0.036961
1966,72,0.031899,0.049668,0.039922
1966,73,0.036521,0.053764,0.044246
1966,74,0.041206,0.056344,0.047967
1966,75,0.045443,0.062553,0.052939
1966,76,0.04975,0.071966,0.059335
1966,77,0.054506,0.075704,0.063585
1966,78,0.065643,0.082922,0.073041
1966,79,0.075048,0.093167,0.082853
1966,80,0.082074,0.107643,0.092838
1966,81,0.090831,0.119204,0.102534
1966,82,0.100336,0.128718,0.111861
1966,83,0.116519,0.142027,0.126898
1966,84,0.134956,0.151599,0.141686
1966,85,0.144104,0.166751,0.153189
1966,86,0.16024,0.178876,0.167877
1966,87,0.179681,0.18451,0.1817
1966,88,0.189394,0.217103,0.200592
1966,89,0.218209,0.248205,0.229827
1966,90,0.238295,0.259346,0.24669
1967,0,0.012094,0.015947,0.014076
1967,1,0.001514,0.001596,0.001556
1967,2,0.00075,0.00103,0.000895
1967,3,0.000606,0.000868,0.000741
1967,4,0.00048,0.00073,0.000608
1967,5,0.000354,0.000655,0.000509
1967,6,0.000322,0.000611,0.00047
1967,7,0.000286,0.000672,0.000484
1967,8,0.000184,0.000555,0.000374
1967,9,0.000149,0.000301,0.000227
1967,10,0.000215,0.000349,0.000283
1967,11,0.000198,0.00041,0.000307
1967,12,0.00025,0.000399,0.000326
1967,13,0.000337,0.000534,0.000437
1967,14,0.000317,0.000685,0.000505
1967,15,0.000384,0.000675,0.000534
1967,16,0.000399,0.000703,0.000556
1967,17,0.000425,0.000887,0.000662
1967,18,0.000404,0.001046,0.000735
1967,19,0.000293,0.001104,0.00071
1967,20,0.000297,0.001077,0.000698
1967,21,0.000286,0.001015,0.000661
1967,22,0.000295,0.000988,0.000653
1967,23,0.000257,0.001026,0.000655
1967,24,0.000187,0.001154,0.000684
1967,25,0.000204,0.001081,0.000652
1967,26,0.000409,0.001056,0.00074
1967,27,0.000495,0.001196,0.000853
1967,28,0.00053,0.001074,0.000806
1967,29,0.00057,0.001078,0.000828
1967,30,0.000441,0.00125,0.000853
1967,31,0.00048,0.001453,0.000973
1967,32,0.000612,0.001456,0.001039
1967,33,0.000753,0.001292,0.001028
1967,34,0.000746,0.001164,0.000959
1967,35,0.00069,0.0013,0.000999
1967,36,0.000774,0.00166,0.001224
1967,37,0.000951,0.001828,0.001399
1967,38,0.001217,0.002142,0.001686
1967,39,0.001379,0.002355,0.001873
1967,40,0.001271,0.002273,0.001779
1967,41,0.001363,0.00246,0.00192
1967,42,0.001416,0.002943,0.002192
1967,43,0.001367,0.003296,0.002346
1967,44,0.001459,0.003307,0.002389
1967,45,0.001702,0.003581,0.00264
1967,46,0.002096,0.004519,0.003305
1967,47,0.002092,0.004827,0.003461
1967,48,0.002203,0.005075,0.003637
1967,49,0.002708,0.005424,0.00406
1967,50,0.003188,0.005716,0.004445
1967,51,0.003722,0.006295,0.004995
1967,52,0.004076,0.007195,0.005626
1967,53,0.004088,0.008274,0.006174
1967,54,0.004255,0.009001,0.00661
1967,55,0.004822,0.009894,0.007337
1967,56,0.005202,0.010689,0.007911
1967,57,0.005213,0.011419,0.008254
1967,58,0.006189,0.01235,0.009199
1967,59,0.007515,0.013695,0.010509
1967,60,0.008242,0.015667,0.011798
1967,61,0.009196,0.017162,0.012976
1967,62,0.009898,0.019327,0.014328
1967,63,0.010778,0.021177,0.015656
1967,64,0.012057,0.022756,0.017078
1967,65,0.013915,0.026661,0.019861
1967,66,0.015387,0.03053,0.022376
1967,67,0.016991,0.032999,0.024291
1967,68,0.019648,0.036039,0.027085
1967,69,0.021415,0.038318,0.029051
1967,70,0.023733,0.04039,0.031249
1967,71,0.028061,0.044112,0.0353
1967,72,0.032246,0.046975,0.038858
1967,73,0.035758,0.052151,0.043054
1967,74,0.038882,0.059547,0.047998
1967,75,0.043725,0.064988,0.05306
1967,76,0.050282,0.071508,0.05945
1967,77,0.057712,0.079646,0.067011
1967,78,0.066257,0.083881,0.073667
1967,79,0.073066,0.089729,0.08011
1967,80,0.076026,0.102357,0.087134
1967,81,0.084507,0.116769,0.097847
1967,82,0.099792,0.127549,0.111051
1967,83,0.109884,0.136904,0.120678
1967,84,0.124338,0.14293,0.131795
1967,85,0.14428,0.150424,0.146751
1967,86,0.160944,0.168105,0.163781
1967,87,0.169498,0.183644,0.175274
1967,88,0.182459,0.211152,0.194322
1967,89,0.201145,0.23182,0.213283
1967,90,0.211626,0.254697,0.228079
1968,0,0.011992,0.014382,0.013219
1968,1,0.001337,0.001412,0.001376
1968,2,0.000709,0.00099,0.000854
1968,3,0.000765,0.001074,0.000925
1968,4,0.00054,0.00076,0.000653
1968,5,0.000397,0.000777,0.000591
1968,6,0.000371,0.000703,0.000541
1968,7,0.000237,0.00053,0.000388
1968,8,0.000135,0.000576,0.000361
1968,9,6.7e-05,0.000571,0.000325
1968,10,8.3e-05,0.00038,0.000235
1968,11,9.9e-05,0.000301,0.000202
1968,12,0.000149,0.00041,0.000282
1968,13,0.0002,0.000478,0.000342
1968,14,0.000269,0.000502,0.000388
1968,15,0.00025,0.000589,0.000424
1968,16,0.000279,0.00084,0.000568
1968,17,0.000468,0.001162,0.000825
1968,18,0.000494,0.001194,0.000853
1968,19,0.000337,0.00106,0.00071
1968,20,0.000326,0.001041,0.000695
1968,21,0.000391,0.000988,0.000698
1968,22,0.000414,0.001135,0.000786
1968,23,0.000434,0.001344,0.000905
1968,24,0.000368,0.00118,0.000789
1968,25,0.000332,0.000999,0.000675
1968,26,0.000362,0.00095,0.000663
1968,27,0.000434,0.001012,0.00073
1968,28,0.000377,0.001062,0.000726
1968,29,0.000433,0.001166,0.000805
1968,30,0.00047,0.001341,0.000913
1968,31,0.000467,0.00125,0.000866
1968,32,0.000506,0.001325,0.000921
1968,33,0.000479,0.001508,0.000999
1968,34,0.000727,0.001447,0.001094
1968,35,0.000926,0.00161,0.001275
1968,36,0.000814,0.001783,0.001304
1968,37,0.000586,0.001708,0.001155
1968,38,0.000999,0.001991,0.001504
1968,39,0.001148,0.002189,0.001676
1968,40,0.000943,0.002383,0.001671
1968,41,0.001249,0.002646,0.001957
1968,42,0.001517,0.002655,0.002094
1968,43,0.001841,0.003176,0.002519
1968,44,0.002376,0.004029,0.003214
1968,45,0.002106,0.004049,0.003083
1968,46,0.001646,0.003919,0.00278
1968,47,0.002154,0.004667,0.003407
1968,48,0.002769,0.005292,0.00403
1968,49,0.002944,0.00547,0.004203
1968,50,0.002854,0.006092,0.004464
1968,51,0.003339,0.006778,0.005046
1968,52,0.004027,0.00723,0.005609
1968,53,0.003863,0.007907,0.00587
1968,54,0.003998,0.008536,0.006254
1968,55,0.005132,0.009784,0.007435
1968,56,0.00578,0.010689,0.008207
1968,57,0.0056,0.011749,0.008628
1968,58,0.006294,0.012574,0.00936
1968,59,0.007373,0.013684,0.010447
1968,60,0.007757,0.015681,0.011582
1968,61,0.00838,0.017944,0.012941
1968,62,0.009366,0.02052,0.014631
1968,63,0.010774,0.022548,0.016273
1968,64,0.012734,0.024334,0.018145
1968,65,0.014,0.026534,0.019847
1968,66,0.015246,0.028907,0.021571
1968,67,0.017377,0.030936,0.023584
1968,68,0.019283,0.034887,0.026343
1968,69,0.023047,0.039319,0.030363
1968,70,0.027132,0.043332,0.034385
1968,71,0.028901,0.04716,0.037064
1968,72,0.031714,0.05082,0.040249
1968,73,0.034937,0.055497,0.044078
1968,74,0.038984,0.058104,0.047401
1968,75,0.046921,0.062714,0.053817
1968,76,0.052831,0.073889,0.061977
1968,77,0.059298,0.081247,0.068649
1968,78,0.068032,0.085961,0.07555
1968,79,0.073572,0.094202,0.08216
1968,80,0.081367,0.10608,0.091684
1968,81,0.093294,0.115304,0.102424
1968,82,0.106548,0.128648,0.115559
1968,83,0.116898,0.144127,0.127758
1968,84,0.127045,0.146537,0.134718
1968,85,0.140686,0.162738,0.149457
1968,86,0.158691,0.179433,0.166951
1968,87,0.176594,0.189068,0.181511
1968,88,0.187097,0.211399,0.196901
1968,89,0.20369,0.242044,0.219231
1968,90,0.232198,0.265965,0.2453
1969,0,0.011487,0.014914,0.013248
1969,1,0.001187,0.001599,0.001398
1969,2,0.000628,0.001025,0.000832
1969,3,0.000582,0.001064,0.000831
1969,4,0.00059,0.00082,0.000709
1969,5,0.000458,0.00062,0.000541
1969,6,0.000348,0.000602,0.000478
1969,7,0.000354,0.000607,0.000484
1969,8,0.000305,0.00053,0.000421
1969,9,0.000219,0.000288,0.000254
1969,10,0.000233,0.000317,0.000276
1969,11,0.000265,0.00038,0.000324
1969,12,0.000215,0.000412,0.000316
1969,13,0.000248,0.000599,0.000428
1969,14,0.000434,0.000478,0.000457
1969,15,0.000455,0.000567,0.000512
1969,16,0.000451,0.00102,0.000742
1969,17,0.000471,0.001352,0.000924
1969,18,0.00052,0.001212,0.000875
1969,19,0.000392,0.00108,0.000746
1969,20,0.00022,0.001138,0.000694
1969,21,0.000375,0.001118,0.000758
1969,22,0.000533,0.001151,0.000851
1969,23,0.000526,0.001226,0.000887
1969,24,0.000435,0.001151,0.000806
1969,25,0.000387,0.001148,0.000781
1969,26,0.000395,0.001429,0.000927
1969,27,0.00043,0.001298,0.000874
1969,28,0.000482,0.001151,0.000824
1969,29,0.000447,0.000949,0.000703
1969,30,0.000361,0.001074,0.000723
1969,31,0.000297,0.001198,0.000755
1969,32,0.000518,0.00135,0.000942
1969,33,0.000879,0.001948,0.00142
1969,34,0.000798,0.001977,0.001394
1969,35,0.000619,0.001863,0.001253
1969,36,0.000721,0.001736,0.001238
1969,37,0.000962,0.001593,0.001281
1969,38,0.001102,0.001801,0.001456
1969,39,0.001094,0.002246,0.001681
1969,40,0.001196,0.002401,0.001806
1969,41,0.001519,0.002455,0.001992
1969,42,0.001719,0.002586,0.002158
1969,43,0.001713,0.00319,0.002461
1969,44,0.002013,0.003866,0.002953
1969,45,0.002462,0.004102,0.003294
1969,46,0.002655,0.00447,0.003567
1969,47,0.00255,0.005018,0.00378
1969,48,0.002744,0.005058,0.003896
1969,49,0.003259,0.005203,0.004229
1969,50,0.003712,0.005539,0.004622
1969,51,0.003658,0.00631,0.004975
1969,52,0.003615,0.007427,0.005503
1969,53,0.003855,0.008118,0.005957
1969,54,0.004652,0.00902,0.006815
1969,55,0.004837,0.00996,0.007378
1969,56,0.004713,0.011179,0.007905
1969,57,0.006048,0.01301,0.00948
1969,58,0.007014,0.014254,0.010566
1969,59,0.007572,0.0147,0.01104
1969,60,0.008579,0.015707,0.012038
1969,61,0.009551,0.017978,0.013603
1969,62,0.00995,0.0204,0.014905
1969,63,0.011155,0.023866,0.017119
1969,64,0.012083,0.0263,0.018678
1969,65,0.013392,0.026886,0.019645
1969,66,0.015634,0.030389,0.022468
1969,67,0.017509,0.034661,0.025387
1969,68,0.019937,0.038365,0.028303
1969,69,0.022525,0.040849,0.030736
1969,70,0.024556,0.043019,0.032779
1969,71,0.028112,0.047796,0.036838
1969,72,0.031386,0.053384,0.041112
1969,73,0.034917,0.059802,0.045899
1969,74,0.041539,0.065325,0.051978
1969,75,0.04713,0.069766,0.056988
1969,76,0.054219,0.075681,0.063488
1969,77,0.05993,0.078052,0.067705
1969,78,0.064759,0.085222,0.073387
1969,79,0.073334,0.092596,0.081315
1969,80,0.083671,0.09983,0.090331
1969,81,0.091973,0.11409,0.101076
1969,82,0.097797,0.125295,0.109065
1969,83,0.11265,0.143354,0.124946
1969,84,0.129204,0.161886,0.142034
1969,85,0.13684,0.171069,0.150091
1969,86,0.145872,0.183779,0.160686
1969,87,0.163704,0.214466,0.183532
1969,88,0.178817,0.235976,0.200901
1969,89,0.197283,0.23491,0.212069
1969,90,0.228028,0.243027,0.234021
1970,0,0.009844,0.014332,0.012151
1970,1,0.00116,0.001518,0.001343
1970,2,0.000577,0.001051,0.00082
1970,3,0.000503,0.001026,0.000771
1970,4,0.000441,0.000813,0.000633
1970,5,0.000335,0.000686,0.000516
1970,6,0.000245,0.000635,0.000445
1970,7,0.000347,0.000586,0.00047
1970,8,0.000354,0.000415,0.000385
1970,9,0.000135,0.000386,0.000264
1970,10,0.000168,0.0004,0.000287
1970,11,0.000183,0.000301,0.000244
1970,12,0.000149,0.000285,0.000219
1970,13,0.000132,0.000365,0.000251
1970,14,0.000264,0.000489,0.000379
1970,15,0.000417,0.000654,0.000538
1970,16,0.000371,0.000664,0.00052
1970,17,0.00025,0.001005,0.000636
1970,18,0.000332,0.001485,0.000925
1970,19,0.000435,0.001278,0.000869
1970,20,0.000359,0.001063,0.000722
1970,21,0.000406,0.001266,0.000851
1970,22,0.000327,0.001257,0.000807
1970,23,0.000283,0.001035,0.000671
1970,24,0.000384,0.001019,0.000712
1970,25,0.000366,0.00104,0.000715
1970,26,0.000313,0.000841,0.000587
1970,27,0.000458,0.000805,0.000636
1970,28,0.000476,0.001019,0.000754
1970,29,0.000386,0.001221,0.000813
1970,30,0.000565,0.001335,0.000957
1970,31,0.000577,0.001404,0.000996
1970,32,0.00047,0.001536,0.001011
1970,33,0.000467,0.001479,0.000981
1970,34,0.000559,0.001743,0.001158
1970,35,0.000878,0.001799,0.001343
1970,36,0.000997,0.001451,0.001228
1970,37,0.000901,0.001912,0.001416
1970,38,0.001062,0.002176,0.001625
1970,39,0.001173,0.001988,0.001585
1970,40,0.001429,0.002458,0.001953
1970,41,0.001502,0.002727,0.002122
1970,42,0.001452,0.002754,0.00211
1970,43,0.001452,0.003356,0.002416
1970,44,0.001672,0.004051,0.002876
1970,45,0.001868,0.004129,0.003014
1970,46,0.001941,0.004197,0.003084
1970,47,0.002153,0.004667,0.003414
1970,48,0.002709,0.005176,0.003937
1970,49,0.003137,0.005958,0.00454
1970,50,0.002998,0.006497,0.004742
1970,51,0.002758,0.007154,0.004944
1970,52,0.003132,0.007778,0.005434
1970,53,0.004178,0.007983,0.00606
1970,54,0.004707,0.008835,0.006738
1970,55,0.004632,0.010341,0.007451
1970,56,0.005109,0.011082,0.008061
1970,57,0.006219,0.012577,0.009348
1970,58,0.006646,0.013835,0.010177
1970,59,0.006509,0.01418,0.010257
1970,60,0.006935,0.016268,0.011457
1970,61,0.007397,0.01831,0.012669
1970,62,0.008147,0.020221,0.013921
1970,63,0.010376,0.022069,0.015887
1970,64,0.012508,0.023986,0.017857
1970,65,0.013759,0.026993,0.019856
1970,66,0.015674,0.029929,0.022234
1970,67,0.01708,0.032085,0.023973
1970,68,0.018373,0.035374,0.026111
1970,69,0.019898,0.040491,0.02915
1970,70,0.022661,0.043871,0.032066
1970,71,0.027068,0.047411,0.036025
1970,72,0.030666,0.05117,0.03965
1970,73,0.035577,0.056693,0.0448
1970,74,0.040087,0.063471,0.050264
1970,75,0.044858,0.067376,0.054611
1970,76,0.049772,0.07303,0.059773
1970,77,0.05444,0.080688,0.065627
1970,78,0.061247,0.088253,0.072689
1970,79,0.066879,0.097507,0.079597
1970,80,0.078308,0.108025,0.090451
1970,81,0.093221,0.114332,0.101814
1970,82,0.105178,0.122687,0.112299
1970,83,0.114807,0.136642,0.123624
1970,84,0.126658,0.152012,0.136642
1970,85,0.139654,0.16338,0.1488
1970,86,0.148118,0.1799,0.160205
1970,87,0.169902,0.211159,0.185598
1970,88,0.192168,0.224257,0.204366
1970,89,0.20781,0.222328,0.21328
1970,90,0.223547,0.247665,0.232944
1971,0,0.009998,0.014774,0.012449
1971,1,0.001115,0.00171,0.001421
1971,2,0.000609,0.001098,0.00086
1971,3,0.000592,0.000814,0.000706
1971,4,0.000345,0.000817,0.000588
1971,5,0.000204,0.000768,0.000495
1971,6,0.000398,0.000507,0.000454
1971,7,0.000473,0.000511,0.000493
1971,8,0.000248,0.000491,0.000372
1971,9,0.000202,0.000575,0.000394
1971,10,0.000271,0.000547,0.000412
1971,11,0.000235,0.000256,0.000246
1971,12,0.00015,0.000428,0.000292
1971,13,0.000249,0.00046,0.000357
1971,14,0.00033,0.00038,0.000356
1971,15,0.000314,0.000568,0.000444
1971,16,0.000334,0.000862,0.000603
1971,17,0.000336,0.001004,0.000677
1971,18,0.000334,0.001197,0.000775
1971,19,0.000368,0.001419,0.000909
1971,20,0.000454,0.001145,0.00081
1971,21,0.000394,0.000965,0.000689
1971,22,0.000374,0.001044,0.000721
1971,23,0.000426,0.001041,0.000745
1971,24,0.000394,0.001183,0.000801
1971,25,0.000417,0.001259,0.000852
1971,26,0.000349,0.001153,0.000766
1971,27,0.000333,0.00098,0.000668
1971,28,0.000521,0.000943,0.000739
1971,29,0.000545,0.001062,0.00081
1971,30,0.000531,0.001383,0.000967
1971,31,0.000542,0.001451,0.001005
1971,32,0.00065,0.001242,0.00095
1971,33,0.000966,0.001395,0.001184
1971,34,0.001012,0.001406,0.001212
1971,35,0.00096,0.00159,0.001278
1971,36,0.000959,0.002089,0.001529
1971,37,0.000997,0.002281,0.001652
1971,38,0.001237,0.001991,0.001621
1971,39,0.001186,0.002154,0.001675
1971,40,0.001197,0.002426,0.00182
1971,41,0.001287,0.00251,0.001909
1971,42,0.001199,0.00287,0.002044
1971,43,0.001384,0.00326,0.002331
1971,44,0.001812,0.003587,0.00271
1971,45,0.001828,0.003854,0.002852
1971,46,0.001829,0.004061,0.00296
1971,47,0.002309,0.004335,0.003334
1971,48,0.002609,0.004961,0.003788
1971,49,0.002911,0.005555,0.004226
1971,50,0.00287,0.006162,0.004504
1971,51,0.002889,0.00701,0.004939
1971,52,0.003263,0.007438,0.005335
1971,53,0.003583,0.008002,0.005768
1971,54,0.004298,0.008722,0.00648
1971,55,0.004897,0.00955,0.007181
1971,56,0.004885,0.011062,0.007925
1971,57,0.005474,0.011755,0.008568
1971,58,0.006343,0.012846,0.009533
1971,59,0.006624,0.014803,0.010625
1971,60,0.007172,0.016111,0.01152
1971,61,0.00777,0.017628,0.012523
1971,62,0.009198,0.020248,0.014506
1971,63,0.010212,0.022041,0.015832
1971,64,0.010752,0.022751,0.016372
1971,65,0.012404,0.025115,0.018289
1971,66,0.014355,0.028157,0.020667
1971,67,0.015837,0.031022,0.022769
1971,68,0.017473,0.033046,0.024566
1971,69,0.020694,0.037239,0.02816
1971,70,0.023125,0.044464,0.032607
1971,71,0.02738,0.048924,0.036813
1971,72,0.031972,0.050139,0.039881
1971,73,0.036012,0.054832,0.044168
1971,74,0.040023,0.060689,0.048938
1971,75,0.041862,0.066195,0.052319
1971,76,0.04735,0.073796,0.058645
1971,77,0.0545,0.07929,0.065005
1971,78,0.061695,0.091139,0.074055
1971,79,0.070364,0.102163,0.083599
1971,80,0.078805,0.109429,0.091289
1971,81,0.086627,0.114017,0.09763
1971,82,0.100945,0.125579,0.110853
1971,83,0.113816,0.14401,0.125922
1971,84,0.117325,0.147541,0.129327
1971,85,0.132854,0.160602,0.143604
1971,86,0.154056,0.174556,0.161846
1971,87,0.176702,0.197062,0.18431
1971,88,0.200333,0.230921,0.211724
1971,89,0.212589,0.246831,0.22537
1971,90,0.230852,0.266572,0.244137
1972,0,0.009443,0.013058,0.011295
1972,1,0.001112,0.00157,0.001347
1972,2,0.000596,0.001011,0.000809
1972,3,0.000563,0.000664,0.000615
1972,4,0.000483,0.000591,0.000539
1972,5,0.000454,0.000608,0.000534
1972,6,0.000486,0.000604,0.000547
1972,7,0.000334,0.000566,0.000453
1972,8,0.000244,0.000371,0.000309
1972,9,0.000231,0.000364,0.000299
1972,10,0.000202,0.000479,0.000344
1972,11,0.000169,0.000418,0.000297
1972,12,0.000151,0.000352,0.000254
1972,13,0.000167,0.000428,0.000301
1972,14,0.000265,0.000475,0.000373
1972,15,0.00033,0.000554,0.000445
1972,16,0.00038,0.000725,0.000556
1972,17,0.0003,0.0011,0.000709
1972,18,0.000302,0.001555,0.00094
1972,19,0.000351,0.001451,0.000914
1972,20,0.000315,0.001119,0.00073
1972,21,0.000367,0.001273,0.000835
1972,22,0.000377,0.001413,0.000912
1972,23,0.000238,0.001294,0.000785
1972,24,0.000213,0.001269,0.00076
1972,25,0.000331,0.001121,0.000739
1972,26,0.000321,0.000972,0.000658
1972,27,0.000419,0.00099,0.000715
1972,28,0.000536,0.001029,0.000792
1972,29,0.000521,0.001059,0.000798
1972,30,0.000568,0.001103,0.000842
1972,31,0.000603,0.001428,0.001025
1972,32,0.000471,0.001653,0.001074
1972,33,0.000457,0.001521,0.000997
1972,34,0.000644,0.001564,0.00111
1972,35,0.000752,0.001531,0.001148
1972,36,0.0008,0.001877,0.001344
1972,37,0.000986,0.002167,0.001582
1972,38,0.000889,0.002024,0.001467
1972,39,0.000722,0.002141,0.001444
1972,40,0.000865,0.002059,0.001468
1972,41,0.001315,0.002383,0.001856
1972,42,0.001337,0.002812,0.002087
1972,43,0.00134,0.002875,0.002116
1972,44,0.002032,0.003382,0.002713
1972,45,0.002174,0.003665,0.002928
1972,46,0.001939,0.004015,0.002987
1972,47,0.002128,0.004429,0.003292
1972,48,0.002923,0.005007,0.003976
1972,49,0.003404,0.005456,0.004431
1972,50,0.002976,0.005562,0.00426
1972,51,0.003134,0.006348,0.004726
1972,52,0.003443,0.006643,0.005033
1972,53,0.003563,0.007804,0.005664
1972,54,0.0044,0.009743,0.007035
1972,55,0.004728,0.009802,0.007225
1972,56,0.005151,0.010257,0.007651
1972,57,0.005567,0.012286,0.008864
1972,58,0.006144,0.013382,0.009697
1972,59,0.007349,0.014614,0.0109
1972,60,0.007646,0.016159,0.011791
1972,61,0.008142,0.017732,0.012784
1972,62,0.008845,0.018617,0.013531
1972,63,0.009691,0.020993,0.01509
1972,64,0.01108,0.024292,0.017314
1972,65,0.012536,0.02682,0.019181
1972,66,0.01494,0.029281,0.021533
1972,67,0.016842,0.031029,0.023281
1972,68,0.017045,0.035324,0.025316
1972,69,0.019225,0.04019,0.028687
1972,70,0.023239,0.044416,0.032689
1972,71,0.026247,0.048532,0.036025
1972,72,0.030428,0.050145,0.03896
1972,73,0.034115,0.053505,0.042474
1972,74,0.038289,0.060041,0.047601
1972,75,0.044626,0.065563,0.053553
1972,76,0.049415,0.071932,0.058956
1972,77,0.05193,0.079387,0.063486
1972,78,0.057831,0.08654,0.069803
1972,79,0.067805,0.094543,0.078838
1972,80,0.078321,0.104188,0.088902
1972,81,0.086779,0.114888,0.098045
1972,82,0.094994,0.130521,0.109021
1972,83,0.111522,0.139726,0.122656
1972,84,0.129298,0.153327,0.138788
1972,85,0.141001,0.171347,0.152831
1972,86,0.152729,0.174171,0.160907
1972,87,0.172925,0.181951,0.176325
1972,88,0.199008,0.205994,0.201594
1972,89,0.217063,0.234975,0.223634
1972,90,0.219689,0.259984,0.234426
1973,0,0.009013,0.013106,0.011116
1973,1,0.001221,0.001452,0.001339
1973,2,0.000666,0.000936,0.000804
1973,3,0.000454,0.000861,0.000663
1973,4,0.00038,0.00075,0.00057
1973,5,0.000436,0.00065,0.000546
1973,6,0.000375,0.000489,0.000433
1973,7,0.000266,0.000412,0.000341
1973,8,0.000269,0.000416,0.000345
1973,9,0.000277,0.000402,0.000341
1973,10,0.000248,0.000364,0.000307
1973,11,0.000134,0.000319,0.000229
1973,12,6.8e-05,0.000385,0.00023
1973,13,0.000252,0.0004,0.000328
1973,14,0.000366,0.000412,0.00039
1973,15,0.000364,0.000634,0.000502
1973,16,0.000314,0.00103,0.000679
1973,17,0.000264,0.001419,0.000854
1973,18,0.000233,0.00142,0.000839
1973,19,0.000353,0.001361,0.000867
1973,20,0.000368,0.001322,0.000856
1973,21,0.000351,0.000889,0.000628
1973,22,0.000384,0.000668,0.000531
1973,23,0.000292,0.000947,0.00063
1973,24,0.00039,0.001182,0.000801
1973,25,0.000443,0.001084,0.000775
1973,26,0.000315,0.001091,0.000716
1973,27,0.000272,0.001227,0.000766
1973,28,0.000419,0.00112,0.000782
1973,29,0.000498,0.001218,0.000871
1973,30,0.000458,0.001489,0.000989
1973,31,0.000499,0.001211,0.000863
1973,32,0.000722,0.001036,0.000883
1973,33,0.000659,0.001311,0.000991
1973,34,0.000601,0.001449,0.001031
1973,35,0.000692,0.00137,0.001036
1973,36,0.000726,0.001733,0.001237
1973,37,0.000826,0.002005,0.001423
1973,38,0.001065,0.002141,0.001609
1973,39,0.001105,0.002467,0.001799
1973,40,0.001083,0.002391,0.001748
1973,41,0.00131,0.002327,0.001824
1973,42,0.001435,0.002342,0.001894
1973,43,0.001623,0.002725,0.002183
1973,44,0.001788,0.002973,0.002387
1973,45,0.001873,0.003504,0.002695
1973,46,0.001751,0.004293,0.003034
1973,47,0.00194,0.004288,0.003124
1973,48,0.002345,0.00457,0.003469
1973,49,0.002726,0.005488,0.00412
1973,50,0.003353,0.005933,0.004643
1973,51,0.003546,0.006792,0.005156
1973,52,0.00381,0.007846,0.005806
1973,53,0.004196,0.008276,0.006219
1973,54,0.004075,0.008889,0.006454
1973,55,0.003973,0.010275,0.007072
1973,56,0.004251,0.012083,0.008094
1973,57,0.005197,0.0126,0.00881
1973,58,0.006385,0.012995,0.009617
1973,59,0.006787,0.014814,0.010715
1973,60,0.006878,0.01593,0.011282
1973,61,0.008205,0.016882,0.012412
1973,62,0.008861,0.0188,0.013649
1973,63,0.009693,0.020603,0.014897
1973,64,0.011328,0.024157,0.017416
1973,65,0.012029,0.026465,0.018793
1973,66,0.012869,0.027008,0.019399
1973,67,0.014589,0.030783,0.021974
1973,68,0.016664,0.035391,0.025086
1973,69,0.018975,0.039017,0.027949
1973,70,0.022661,0.043715,0.032052
1973,71,0.025195,0.048482,0.035461
1973,72,0.028344,0.05211,0.038634
1973,73,0.032336,0.05622,0.042554
1973,74,0.037882,0.06056,0.047529
1973,75,0.043791,0.067647,0.053879
1973,76,0.048424,0.074484,0.059383
1973,77,0.054999,0.080142,0.065509
1973,78,0.063124,0.088199,0.073505
1973,79,0.070122,0.098877,0.081929
1973,80,0.077291,0.109132,0.090189
1973,81,0.08917,0.117303,0.100505
1973,82,0.095599,0.129859,0.109071
1973,83,0.10267,0.133495,0.114572
1973,84,0.125176,0.150087,0.134885
1973,85,0.146701,0.172646,0.156763
1973,86,0.15432,0.177155,0.163093
1973,87,0.162527,0.197333,0.17561
1973,88,0.177768,0.218651,0.192947
1973,89,0.201941,0.239758,0.215725
1973,90,0.22784,0.262428,0.2403
1974,0,0.007972,0.011764,0.009912
1974,1,0.001099,0.001292,0.001198
1974,2,0.000554,0.000922,0.000742
1974,3,0.000538,0.000829,0.000687
1974,4,0.000438,0.000698,0.000571
1974,5,0.00038,0.000577,0.000481
1974,6,0.000326,0.00062,0.000477
1974,7,0.000312,0.000592,0.000456
1974,8,0.000328,0.000515,0.000425
1974,9,0.00019,0.000431,0.000314
1974,10,0.000195,0.00034,0.000269
1974,11,0.000181,0.0003,0.000242
1974,12,0.000134,0.000287,0.000213
1974,13,0.000219,0.000353,0.000288
1974,14,0.000235,0.000527,0.000385
1974,15,0.00035,0.000839,0.0006
1974,16,0.000431,0.00084,0.00064
1974,17,0.000346,0.001093,0.000727
1974,18,0.000429,0.001388,0.000919
1974,19,0.0004,0.001132,0.000774
1974,20,0.000286,0.001229,0.000767
1974,21,0.000335,0.001417,0.000889
1974,22,0.000351,0.001249,0.000815
1974,23,0.000262,0.001253,0.000774
1974,24,0.000206,0.00125,0.000745
1974,25,0.000288,0.001023,0.000669
1974,26,0.000328,0.001053,0.000703
1974,27,0.000425,0.000987,0.000715
1974,28,0.000464,0.000838,0.000657
1974,29,0.000419,0.001086,0.000765
1974,30,0.000461,0.001286,0.000889
1974,31,0.00052,0.001137,0.000837
1974,32,0.000453,0.001123,0.000796
1974,33,0.000722,0.001333,0.001034
1974,34,0.00087,0.001377,0.001128
1974,35,0.00072,0.001472,0.001101
1974,36,0.000816,0.001876,0.001353
1974,37,0.000933,0.001783,0.001365
1974,38,0.001013,0.001486,0.001252
1974,39,0.000959,0.001907,0.001438
1974,40,0.001239,0.002106,0.00168
1974,41,0.00129,0.002343,0.001826
1974,42,0.001362,0.002648,0.002011
1974,43,0.001553,0.002943,0.002256
1974,44,0.001625,0.003542,0.002598
1974,45,0.002026,0.00388,0.002963
1974,46,0.002177,0.004154,0.003173
1974,47,0.002,0.004377,0.003198
1974,48,0.002533,0.005295,0.003924
1974,49,0.002907,0.00585,0.004393
1974,50,0.002774,0.005957,0.004379
1974,51,0.003047,0.00658,0.004812
1974,52,0.003771,0.007492,0.005614
1974,53,0.004176,0.008214,0.006168
1974,54,0.00433,0.008881,0.006582
1974,55,0.004384,0.010298,0.0073
1974,56,0.004374,0.011224,0.007732
1974,57,0.005037,0.012165,0.00852
1974,58,0.006142,0.012978,0.009466
1974,59,0.006644,0.013436,0.009954
1974,60,0.007178,0.014762,0.010874
1974,61,0.008514,0.017593,0.012912
1974,62,0.008875,0.019734,0.014113
1974,63,0.009531,0.021045,0.015048
1974,64,0.010896,0.023588,0.016913
1974,65,0.01231,0.025617,0.01858
1974,66,0.014078,0.026854,0.020022
1974,67,0.014797,0.029706,0.021627
1974,68,0.016285,0.033496,0.024059
1974,69,0.018363,0.036176,0.026293
1974,70,0.021551,0.040088,0.02976
1974,71,0.024673,0.044725,0.033517
1974,72,0.028187,0.048616,0.037077
1974,73,0.032616,0.054923,0.042153
1974,74,0.037504,0.062389,0.047999
1974,75,0.042284,0.065817,0.052165
1974,76,0.04612,0.069056,0.055683
1974,77,0.051412,0.077721,0.062322
1974,78,0.057602,0.08497,0.068859
1974,79,0.064984,0.091951,0.07599
1974,80,0.073871,0.101511,0.085004
1974,81,0.083849,0.108159,0.093542
1974,82,0.092595,0.1215,0.104049
1974,83,0.105673,0.141791,0.119564
1974,84,0.119622,0.154675,0.132907
1974,85,0.135482,0.158694,0.144369
1974,86,0.146534,0.175704,0.157711
1974,87,0.15821,0.189699,0.170048
1974,88,0.183356,0.205081,0.191392
1974,89,0.197309,0.226367,0.207832
1974,90,0.215476,0.235112,0.222527
1975,0,0.008693,0.011776,0.010265
1975,1,0.001185,0.001249,0.001218
1975,2,0.00054,0.000793,0.00067
1975,3,0.000505,0.000891,0.000702
1975,4,0.000395,0.000738,0.000571
1975,5,0.000172,0.000534,0.000357
1975,6,0.000152,0.000489,0.000325
1975,7,0.000217,0.000486,0.000355
1975,8,0.000203,0.000429,0.000319
1975,9,0.000172,0.000397,0.000288
1975,10,0.000206,0.000475,0.000345
1975,11,0.000228,0.000416,0.000324
1975,12,0.000313,0.000284,0.000298
1975,13,0.000353,0.000478,0.000417
1975,14,0.000473,0.000561,0.000518
1975,15,0.000504,0.000559,0.000532
1975,16,0.000416,0.000744,0.000584
1975,17,0.000314,0.001124,0.000728
1975,18,0.000346,0.001331,0.000848
1975,19,0.000362,0.001498,0.000943
1975,20,0.0003,0.001401,0.000863
1975,21,0.000489,0.001213,0.000858
1975,22,0.000418,0.001193,0.000815
1975,23,0.000315,0.001,0.000669
1975,24,0.000279,0.000877,0.000589
1975,25,0.000257,0.001135,0.000711
1975,26,0.00044,0.001289,0.00088
1975,27,0.000508,0.001127,0.000828
1975,28,0.000409,0.001178,0.000806
1975,29,0.000352,0.001136,0.000757
1975,30,0.000349,0.001005,0.000689
1975,31,0.000553,0.000737,0.000648
1975,32,0.000561,0.000803,0.000686
1975,33,0.000407,0.001166,0.000795
1975,34,0.000601,0.001493,0.001057
1975,35,0.000635,0.001671,0.001163
1975,36,0.000624,0.001426,0.00103
1975,37,0.000618,0.001515,0.001073
1975,38,0.000854,0.001833,0.001351
1975,39,0.00104,0.002008,0.00153
1975,40,0.001146,0.002041,0.001597
1975,41,0.001133,0.002212,0.001682
1975,42,0.001446,0.002648,0.002057
1975,43,0.001709,0.002995,0.002358
1975,44,0.001602,0.003482,0.002552
1975,45,0.001939,0.004066,0.003018
1975,46,0.00203,0.004033,0.003041
1975,47,0.002089,0.003964,0.003033
1975,48,0.002408,0.004817,0.003621
1975,49,0.002694,0.005519,0.004114
1975,50,0.002722,0.006177,0.004464
1975,51,0.003027,0.006764,0.004907
1975,52,0.003651,0.006964,0.005303
1975,53,0.004117,0.00793,0.006001
1975,54,0.00479,0.009033,0.006879
1975,55,0.005314,0.009833,0.007544
1975,56,0.005409,0.010929,0.008123
1975,57,0.005167,0.011716,0.008366
1975,58,0.005437,0.012732,0.008989
1975,59,0.00603,0.014179,0.009978
1975,60,0.006514,0.016181,0.011206
1975,61,0.008059,0.017848,0.012807
1975,62,0.009643,0.019003,0.014156
1975,63,0.010008,0.020836,0.015202
1975,64,0.010868,0.023127,0.016705
1975,65,0.011931,0.025585,0.018361
1975,66,0.01283,0.027749,0.01981
1975,67,0.014664,0.030644,0.022039
1975,68,0.017451,0.033675,0.024817
1975,69,0.018956,0.037497,0.027252
1975,70,0.019682,0.041509,0.029289
1975,71,0.022733,0.045849,0.032853
1975,72,0.02689,0.050207,0.037045
1975,73,0.03061,0.054728,0.040979
1975,74,0.034263,0.061214,0.045622
1975,75,0.040631,0.066665,0.051445
1975,76,0.046588,0.071919,0.057081
1975,77,0.051657,0.077354,0.062217
1975,78,0.059167,0.085558,0.069938
1975,79,0.064345,0.094466,0.076538
1975,80,0.073888,0.105831,0.086682
1975,81,0.084522,0.118937,0.098143
1975,82,0.092003,0.122752,0.104047
1975,83,0.103469,0.135559,0.115961
1975,84,0.117066,0.154709,0.131193
1975,85,0.133043,0.160647,0.143307
1975,86,0.143362,0.169494,0.153239
1975,87,0.156601,0.185136,0.167295
1975,88,0.179754,0.207578,0.190074
1975,89,0.201358,0.229486,0.211556
1975,90,0.214275,0.244855,0.225196
1976,0,0.008957,0.010408,0.009699
1976,1,0.001171,0.001557,0.001367
1976,2,0.000489,0.000891,0.000694
1976,3,0.000539,0.000667,0.000605
1976,4,0.000552,0.000588,0.00057
1976,5,0.000379,0.000481,0.000431
1976,6,0.000265,0.000341,0.000304
1976,7,0.000303,0.000259,0.00028
1976,8,0.000248,0.00028,0.000264
1976,9,0.000187,0.000281,0.000235
1976,10,0.000203,0.000367,0.000288
1976,11,0.00019,0.000415,0.000306
1976,12,9.7e-05,0.000323,0.000213
1976,13,0.000231,0.000315,0.000274
1976,14,0.000403,0.000286,0.000343
1976,15,0.000422,0.000481,0.000452
1976,16,0.000319,0.000797,0.000564
1976,17,0.000233,0.000979,0.000616
1976,18,0.000314,0.00114,0.000736
1976,19,0.000379,0.001346,0.000872
1976,20,0.000346,0.001135,0.00075
1976,21,0.0004,0.000973,0.000693
1976,22,0.000404,0.001197,0.000809
1976,23,0.000334,0.00124,0.000799
1976,24,0.000367,0.000966,0.000676
1976,25,0.000383,0.000811,0.000604
1976,26,0.000444,0.001022,0.000743
1976,27,0.00044,0.001068,0.000766
1976,28,0.000458,0.001111,0.000796
1976,29,0.000455,0.001075,0.000775
1976,30,0.000447,0.001017,0.000741
1976,31,0.000575,0.001053,0.000822
1976,32,0.000571,0.001269,0.000932
1976,33,0.000685,0.001529,0.001119
1976,34,0.000678,0.001403,0.001049
1976,35,0.000529,0.001539,0.001045
1976,36,0.000469,0.001672,0.001082
1976,37,0.000671,0.001914,0.001301
1976,38,0.000914,0.002068,0.001499
1976,39,0.000932,0.00186,0.001403
1976,40,0.001093,0.001853,0.001477
1976,41,0.001199,0.00233,0.00177
1976,42,0.001376,0.002345,0.001869
1976,43,0.001215,0.002127,0.001678
1976,44,0.000967,0.002734,0.001857
1976,45,0.001321,0.003216,0.002278
1976,46,0.001751,0.003798,0.002789
1976,47,0.001964,0.00442,0.003203
1976,48,0.002441,0.00469,0.003572
1976,49,0.002775,0.005484,0.004138
1976,50,0.003052,0.006091,0.004578
1976,51,0.003246,0.006429,0.004847
1976,52,0.003877,0.007868,0.005882
1976,53,0.004223,0.008205,0.006204
1976,54,0.004467,0.008581,0.006495
1976,55,0.005036,0.009916,0.007433
1976,56,0.004944,0.010523,0.007691
1976,57,0.005541,0.01127,0.008349
1976,58,0.006012,0.012569,0.009204
1976,59,0.006495,0.015045,0.010641
1976,60,0.007537,0.016858,0.012032
1976,61,0.008721,0.017133,0.012784
1976,62,0.009383,0.019389,0.014215
1976,63,0.009757,0.022508,0.015867
1976,64,0.010423,0.022806,0.016326
1976,65,0.010779,0.023875,0.016976
1976,66,0.012404,0.027844,0.01962
1976,67,0.014893,0.030479,0.022122
1976,68,0.016862,0.032974,0.024234
1976,69,0.01839,0.038004,0.027211
1976,70,0.020044,0.043733,0.030516
1976,71,0.022784,0.045735,0.032753
1976,72,0.026359,0.048846,0.03608
1976,73,0.029234,0.054758,0.040198
1976,74,0.03271,0.059619,0.044113
1976,75,0.038091,0.064055,0.048859
1976,76,0.044251,0.06927,0.054497
1976,77,0.050112,0.074501,0.060059
1976,78,0.055078,0.084215,0.066877
1976,79,0.06198,0.095531,0.075415
1976,80,0.072271,0.10038,0.083446
1976,81,0.081572,0.112952,0.093911
1976,82,0.092215,0.124224,0.104615
1976,83,0.100815,0.13216,0.112891
1976,84,0.112629,0.140721,0.12332
1976,85,0.130712,0.154253,0.139404
1976,86,0.144078,0.174548,0.155206
1976,87,0.159945,0.197758,0.173977
1976,88,0.181632,0.219607,0.195533
1976,89,0.204115,0.227926,0.212814
1976,90,0.213819,0.255714,0.228711
1977,0,0.007169,0.010017,0.008629
1977,1,0.000826,0.001025,0.000928
1977,2,0.00046,0.000649,0.000556
1977,3,0.000421,0.000452,0.000437
1977,4,0.000277,0.000511,0.000397
1977,5,0.000189,0.000572,0.000385
1977,6,0.000284,0.000511,0.0004
1977,7,0.000311,0.000399,0.000356
1977,8,0.000242,0.000345,0.000295
1977,9,0.000201,0.000265,0.000234
1977,10,0.000156,0.000236,0.000197
1977,11,0.00025,0.000308,0.00028
1977,12,0.000237,0.000311,0.000275
1977,13,0.00026,0.00037,0.000316
1977,14,0.000297,0.000362,0.00033
1977,15,0.000252,0.000477,0.000367
1977,16,0.000321,0.00088,0.000608
1977,17,0.000335,0.001131,0.000743
1977,18,0.000282,0.001247,0.000777
1977,19,0.000397,0.001361,0.000889
1977,20,0.000544,0.001187,0.000872
1977,21,0.000313,0.001057,0.000693
1977,22,0.00025,0.0011,0.000685
1977,23,0.000336,0.001035,0.000693
1977,24,0.000283,0.001016,0.000659
1977,25,0.000279,0.00103,0.000667
1977,26,0.000382,0.000891,0.000646
1977,27,0.000358,0.000973,0.000676
1977,28,0.000287,0.001004,0.000659
1977,29,0.000457,0.000806,0.000638
1977,30,0.000502,0.000868,0.000691
1977,31,0.000495,0.000941,0.000725
1977,32,0.000661,0.00115,0.000914
1977,33,0.000589,0.001338,0.000976
1977,34,0.000476,0.001234,0.000866
1977,35,0.000587,0.001467,0.001037
1977,36,0.000744,0.001746,0.001256
1977,37,0.000797,0.001627,0.00122
1977,38,0.000983,0.001869,0.001432
1977,39,0.001086,0.001973,0.001535
1977,40,0.001061,0.002263,0.001671
1977,41,0.000907,0.002509,0.001716
1977,42,0.001199,0.002541,0.001876
1977,43,0.001377,0.002713,0.002056
1977,44,0.001577,0.002984,0.002291
1977,45,0.001984,0.003598,0.002796
1977,46,0.001676,0.003942,0.002819
1977,47,0.001946,0.004512,0.003246
1977,48,0.002583,0.004878,0.00374
1977,49,0.003029,0.005842,0.004442
1977,50,0.00303,0.006591,0.004818
1977,51,0.003258,0.006718,0.004993
1977,52,0.003514,0.007881,0.005708
1977,53,0.003562,0.008567,0.00607
1977,54,0.004037,0.008534,0.00627
1977,55,0.004683,0.009675,0.007138
1977,56,0.005418,0.011193,0.008246
1977,57,0.005467,0.011816,0.008584
1977,58,0.005615,0.012737,0.009094
1977,59,0.006336,0.013918,0.010012
1977,60,0.006516,0.015295,0.010755
1977,61,0.007353,0.016001,0.011505
1977,62,0.008313,0.016634,0.012315
1977,63,0.009687,0.019529,0.014414
1977,64,0.010819,0.022301,0.016287
1977,65,0.010852,0.024233,0.017191
1977,66,0.012593,0.026682,0.019211
1977,67,0.014832,0.030392,0.022043
1977,68,0.016527,0.033862,0.024497
1977,69,0.018575,0.034661,0.025866
1977,70,0.019463,0.038102,0.027761
1977,71,0.022126,0.044339,0.031812
1977,72,0.025507,0.048572,0.035403
1977,73,0.028902,0.053509,0.039393
1977,74,0.03368,0.059325,0.044536
1977,75,0.03868,0.066457,0.050268
1977,76,0.043509,0.071333,0.054868
1977,77,0.047358,0.076762,0.059212
1977,78,0.054298,0.087552,0.067633
1977,79,0.061265,0.093631,0.07411
1977,80,0.068134,0.098144,0.079925
1977,81,0.077991,0.10596,0.088923
1977,82,0.087978,0.118781,0.099859
1977,83,0.097721,0.128804,0.109534
1977,84,0.109674,0.134013,0.118876
1977,85,0.123833,0.149396,0.133431
1977,86,0.137744,0.178127,0.152361
1977,87,0.151367,0.201225,0.169111
1977,88,0.164419,0.210189,0.180917
1977,89,0.179477,0.214675,0.192084
1977,90,0.200522,0.220655,0.207767
1978,0,0.007719,0.009214,0.008486
1978,1,0.000804,0.001254,0.001034
1978,2,0.00043,0.00079,0.000614
1978,3,0.00037,0.000631,0.000503
1978,4,0.000387,0.000451,0.00042
1978,5,0.000423,0.00034,0.000381
1978,6,0.000362,0.000451,0.000407
1978,7,0.000299,0.00042,0.000361
1978,8,0.000233,0.000296,0.000265
1978,9,0.000181,0.000187,0.000184
1978,10,0.000108,0.000279,0.000196
1978,11,0.000171,0.000413,0.000295
1978,12,0.00014,0.000337,0.000242
1978,13,0.000142,0.000311,0.000229
1978,14,0.000227,0.000292,0.000261
1978,15,0.000379,0.000394,0.000386
1978,16,0.000453,0.000667,0.000563
1978,17,0.000337,0.000863,0.000607
1978,18,0.000385,0.001114,0.000759
1978,19,0.000348,0.001214,0.000792
1978,20,0.000297,0.001202,0.000759
1978,21,0.000412,0.001109,0.000767
1978,22,0.000395,0.001136,0.000773
1978,23,0.000399,0.001369,0.000895
1978,24,0.000352,0.001131,0.000749
1978,25,0.0003,0.000856,0.000585
1978,26,0.000384,0.00098,0.000691
1978,27,0.000365,0.000987,0.000687
1978,28,0.000426,0.00086,0.00065
1978,29,0.000472,0.000878,0.000683
1978,30,0.000424,0.001171,0.00081
1978,31,0.00047,0.001176,0.000834
1978,32,0.000399,0.00115,0.000787
1978,33,0.000348,0.001248,0.000814
1978,34,0.000588,0.001012,0.000807
1978,35,0.000911,0.001077,0.000997
1978,36,0.000902,0.001662,0.001291
1978,37,0.000935,0.001611,0.00128
1978,38,0.000938,0.001266,0.001105
1978,39,0.001007,0.00173,0.001373
1978,40,0.001012,0.001928,0.001476
1978,41,0.00101,0.002543,0.001787
1978,42,0.001334,0.00288,0.002114
1978,43,0.001466,0.002547,0.002011
1978,44,0.00127,0.003005,0.002152
1978,45,0.001578,0.003697,0.002653
1978,46,0.00221,0.004222,0.003222
1978,47,0.002058,0.004702,0.003391
1978,48,0.002117,0.005378,0.003767
1978,49,0.002565,0.00556,0.004072
1978,50,0.002896,0.005901,0.004402
1978,51,0.003016,0.005842,0.004433
1978,52,0.003334,0.006296,0.004817
1978,53,0.003504,0.007747,0.005631
1978,54,0.004213,0.008722,0.006467
1978,55,0.004919,0.010267,0.007568
1978,56,0.005003,0.011386,0.008133
1978,57,0.005337,0.011146,0.008173
1978,58,0.005856,0.011957,0.008841
1978,59,0.006052,0.014413,0.010121
1978,60,0.006624,0.015593,0.010953
1978,61,0.007558,0.016316,0.011767
1978,62,0.008574,0.0184,0.01327
1978,63,0.009938,0.021221,0.015337
1978,64,0.010417,0.023367,0.0166
1978,65,0.011429,0.02516,0.017925
1978,66,0.012831,0.027627,0.01979
1978,67,0.014631,0.028474,0.02108
1978,68,0.016419,0.030703,0.022986
1978,69,0.018188,0.035677,0.026153
1978,70,0.020126,0.041534,0.029739
1978,71,0.022182,0.045652,0.032496
1978,72,0.025794,0.047915,0.035323
1978,73,0.02801,0.053026,0.038599
1978,74,0.031261,0.059854,0.043264
1978,75,0.038239,0.064405,0.049143
1978,76,0.043781,0.070383,0.054702
1978,77,0.049093,0.078621,0.060943
1978,78,0.057065,0.083711,0.067613
1978,79,0.063592,0.091921,0.074749
1978,80,0.068175,0.101214,0.08103
1978,81,0.075662,0.112294,0.089777
1978,82,0.085768,0.124223,0.100495
1978,83,0.096044,0.128889,0.108446
1978,84,0.109616,0.14031,0.121079
1978,85,0.125991,0.154675,0.136651
1978,86,0.13887,0.165875,0.148848
1978,87,0.150724,0.190762,0.16482
1978,88,0.171929,0.206897,0.184022
1978,89,0.189764,0.214272,0.198405
1978,90,0.194022,0.244028,0.211589
1979,0,0.006868,0.009668,0.008306
1979,1,0.000907,0.001092,0.001002
1979,2,0.000391,0.000542,0.000468
1979,3,0.000355,0.00043,0.000394
1979,4,0.0003,0.000562,0.000433
1979,5,0.000185,0.000547,0.00037
1979,6,0.000211,0.000433,0.000325
1979,7,0.00022,0.000495,0.000361
1979,8,0.000142,0.00036,0.000253
1979,9,0.000109,0.000266,0.000189
1979,10,7.6e-05,0.000344,0.000213
1979,11,0.00017,0.000308,0.000241
1979,12,0.000218,0.000221,0.000219
1979,13,0.000187,0.000249,0.000219
1979,14,0.000237,0.000459,0.000351
1979,15,0.000276,0.000631,0.000458
1979,16,0.000214,0.000676,0.00045
1979,17,0.000318,0.00092,0.000627
1979,18,0.00037,0.001198,0.000795
1979,19,0.000234,0.001367,0.000815
1979,20,0.000331,0.001323,0.00084
1979,21,0.000347,0.00106,0.000711
1979,22,0.000412,0.000872,0.000646
1979,23,0.000477,0.001024,0.000756
1979,24,0.000316,0.001145,0.000739
1979,25,0.000319,0.00092,0.000625
1979,26,0.000399,0.000886,0.000649
1979,27,0.000383,0.001208,0.000809
1979,28,0.000399,0.001295,0.000862
1979,29,0.000443,0.001099,0.000782
1979,30,0.000388,0.000987,0.000699
1979,31,0.000408,0.001004,0.000716
1979,32,0.000407,0.001161,0.000796
1979,33,0.000478,0.001211,0.000856
1979,34,0.000521,0.001103,0.000822
1979,35,0.000496,0.001269,0.000896
1979,36,0.000601,0.001627,0.001128
1979,37,0.000654,0.001513,0.001093
1979,38,0.000888,0.001772,0.001339
1979,39,0.001009,0.002285,0.001659
1979,40,0.000911,0.002248,0.001588
1979,41,0.001161,0.001881,0.001525
1979,42,0.001659,0.002398,0.002033
1979,43,0.001522,0.003334,0.002436
1979,44,0.001628,0.003368,0.002504
1979,45,0.002191,0.003486,0.002849
1979,46,0.002073,0.003709,0.002902
1979,47,0.001867,0.00424,0.003059
1979,48,0.002038,0.004797,0.003426
1979,49,0.002531,0.005217,0.003888
1979,50,0.002977,0.006016,0.004504
1979,51,0.003139,0.007272,0.005207
1979,52,0.003684,0.007654,0.00567
1979,53,0.003923,0.007825,0.005874
1979,54,0.004101,0.008962,0.006532
1979,55,0.004522,0.009701,0.007104
1979,56,0.005046,0.010104,0.007545
1979,57,0.005109,0.011535,0.00825
1979,58,0.005154,0.012946,0.008945
1979,59,0.006009,0.014502,0.010148
1979,60,0.006905,0.01613,0.011371
1979,61,0.00763,0.017062,0.012162
1979,62,0.00802,0.019239,0.013383
1979,63,0.009067,0.021605,0.015023
1979,64,0.010827,0.023652,0.016926
1979,65,0.01223,0.025119,0.018342
1979,66,0.013064,0.026907,0.019567
1979,67,0.014959,0.029574,0.021776
1979,68,0.016968,0.032088,0.02396
1979,69,0.017952,0.036195,0.026263
1979,70,0.019743,0.041557,0.029574
1979,71,0.022204,0.04556,0.032555
1979,72,0.024183,0.047279,0.034203
1979,73,0.026851,0.052078,0.037576
1979,74,0.031261,0.059511,0.043029
1979,75,0.036828,0.064286,0.048161
1979,76,0.041782,0.073101,0.054634
1979,77,0.047135,0.081878,0.061122
1979,78,0.054581,0.089437,0.068315
1979,79,0.061755,0.097318,0.075567
1979,80,0.070212,0.101475,0.082299
1979,81,0.078962,0.10767,0.089916
1979,82,0.088648,0.12089,0.100815
1979,83,0.101426,0.135272,0.114091
1979,84,0.111464,0.139575,0.121891
1979,85,0.119588,0.149551,0.130559
1979,86,0.128974,0.16194,0.141013
1979,87,0.145712,0.179527,0.157943
1979,88,0.166326,0.206694,0.180178
1979,89,0.184502,0.236232,0.201956
1979,90,0.207353,0.256086,0.224093
1980,0,0.007095,0.009032,0.008091
1980,1,0.000475,0.000827,0.000655
1980,2,0.000201,0.000497,0.000353
1980,3,0.000274,0.000747,0.000516
1980,4,0.000112,0.000287,0.000201
1980,5,0.000211,0.000408,0.000311
1980,6,6.7e-05,0.000386,0.00023
1980,7,0.00013,0.00037,0.000253
1980,8,0.00022,0.00024,0.00023
1980,9,0.000189,0.00039,0.000291
1980,10,3.1e-05,8.8e-05,6.1e-05
1980,11,0.000181,0.000258,0.000221
1980,12,0.000216,0.000293,0.000256
1980,13,0.000249,0.000265,0.000257
1980,14,0.000218,0.000439,0.000332
1980,15,0.000379,0.000444,0.000412
1980,16,0.000259,0.000768,0.00052
1980,17,0.000427,0.001069,0.000755
1980,18,0.000434,0.001268,0.000862
1980,19,0.000403,0.001629,0.001031
1980,20,0.000367,0.001016,0.0007
1980,21,0.000397,0.001355,0.000888
1980,22,0.000363,0.001234,0.000808
1980,23,0.00023,0.001616,0.000936
1980,24,0.000263,0.001195,0.000739
1980,25,0.000432,0.001112,0.000779
1980,26,0.000369,0.00103,0.000706
1980,27,0.000466,0.000981,0.00073
1980,28,0.000348,0.001077,0.000724
1980,29,0.000659,0.001132,0.000904
1980,30,0.000341,0.001241,0.000806
1980,31,0.000473,0.001254,0.000878
1980,32,0.000424,0.001187,0.000819
1980,33,0.000626,0.001295,0.000971
1980,34,0.000542,0.001346,0.000957
1980,35,0.00059,0.00159,0.001107
1980,36,0.000955,0.001271,0.001118
1980,37,0.000456,0.001649,0.001069
1980,38,0.001038,0.002033,0.001546
1980,39,0.001008,0.001613,0.001317
1980,40,0.001033,0.001723,0.001384
1980,41,0.001441,0.001876,0.001661
1980,42,0.001237,0.002996,0.002127
1980,43,0.001142,0.002834,0.001999
1980,44,0.000962,0.00316,0.002069
1980,45,0.001549,0.002851,0.002204
1980,46,0.002005,0.003788,0.00291
1980,47,0.002286,0.004002,0.003155
1980,48,0.002195,0.00535,0.003778
1980,49,0.002279,0.005456,0.003875
1980,50,0.00319,0.00584,0.004527
1980,51,0.003105,0.006697,0.004906
1980,52,0.003102,0.007113,0.005105
1980,53,0.003105,0.007272,0.005187
1980,54,0.004137,0.007955,0.006041
1980,55,0.004225,0.009634,0.006922
1980,56,0.004041,0.009851,0.006931
1980,57,0.004541,0.012197,0.008312
1980,58,0.005433,0.013007,0.009121
1980,59,0.006691,0.013417,0.009951
1980,60,0.006917,0.015359,0.011014
1980,61,0.007994,0.016771,0.012223
1980,62,0.008065,0.020143,0.013837
1980,63,0.008925,0.020819,0.014575
1980,64,0.010047,0.02434,0.016791
1980,65,0.010738,0.027362,0.018585
1980,66,0.013435,0.027958,0.020269
1980,67,0.013349,0.03077,0.021464
1980,68,0.01494,0.034524,0.023995
1980,69,0.016412,0.03507,0.024956
1980,70,0.019116,0.037737,0.027515
1980,71,0.023141,0.042839,0.031914
1980,72,0.026226,0.047868,0.035698
1980,73,0.027392,0.053684,0.038647
1980,74,0.030294,0.054641,0.040492
1980,75,0.037332,0.066672,0.049353
1980,76,0.039039,0.06907,0.051226
1980,77,0.044442,0.07548,0.056925
1980,78,0.050454,0.086429,0.064664
1980,79,0.061495,0.091439,0.073047
1980,80,0.063135,0.103367,0.07843
1980,81,0.080869,0.10753,0.090979
1980,82,0.084184,0.114024,0.095374
1980,83,0.093036,0.137322,0.109341
1980,84,0.105886,0.14072,0.118625
1980,85,0.114503,0.144575,0.12544
1980,86,0.124915,0.177752,0.143807
1980,87,0.136992,0.186851,0.154739
1980,88,0.159403,0.201975,0.174386
1980,89,0.179989,0.199664,0.186586
1980,90,0.210361,0.258096,0.226014
1981,0,0.006495,0.008492,0.007518
1981,1,0.000444,0.000687,0.000569
1981,2,0.000512,0.000563,0.000538
1981,3,0.000482,0.000267,0.000372
1981,4,0.00039,0.000484,0.000438
1981,5,0.000261,0.000322,0.000292
1981,6,0.000176,0.000543,0.000363
1981,7,0.000201,0.000289,0.000246
1981,8,0.000162,0.000247,0.000206
1981,9,9.4e-05,0.00015,0.000123
1981,10,0.000157,0.000209,0.000184
1981,11,9.3e-05,0.000413,0.000257
1981,12,0.000151,0.000229,0.000191
1981,13,0.000216,0.000176,0.000195
1981,14,0.000124,0.000412,0.000272
1981,15,0.00028,0.000673,0.000483
1981,16,0.000347,0.000591,0.000473
1981,17,0.000387,0.000737,0.000567
1981,18,0.00036,0.001413,0.000897
1981,19,0.0003,0.001045,0.000682
1981,20,0.000268,0.001084,0.000686
1981,21,0.000367,0.00111,0.000748
1981,22,0.000298,0.001637,0.000984
1981,23,0.000527,0.001106,0.000822
1981,24,0.000263,0.00079,0.000531
1981,25,0.000328,0.001035,0.000689
1981,26,0.000199,0.000666,0.000437
1981,27,0.000268,0.001157,0.000722
1981,28,0.000366,0.001138,0.000761
1981,29,0.000243,0.00075,0.000505
1981,30,0.000312,0.000905,0.000619
1981,31,0.000443,0.000827,0.000641
1981,32,0.000371,0.001129,0.000764
1981,33,0.000717,0.000913,0.000818
1981,34,0.000438,0.001177,0.000819
1981,35,0.000732,0.001287,0.001018
1981,36,0.000868,0.001494,0.001192
1981,37,0.000846,0.001754,0.001315
1981,38,0.000621,0.001493,0.001069
1981,39,0.000857,0.00156,0.001216
1981,40,0.001201,0.001939,0.001577
1981,41,0.000893,0.00168,0.001293
1981,42,0.001105,0.002162,0.001639
1981,43,0.001782,0.002713,0.002252
1981,44,0.001766,0.003552,0.002669
1981,45,0.001658,0.00338,0.002524
1981,46,0.001819,0.003443,0.002635
1981,47,0.002606,0.004066,0.003346
1981,48,0.001926,0.004323,0.003138
1981,49,0.002898,0.005474,0.004189
1981,50,0.002569,0.005155,0.003866
1981,51,0.00344,0.007405,0.005437
1981,52,0.003163,0.005784,0.004475
1981,53,0.003678,0.007965,0.005816
1981,54,0.003391,0.009451,0.006412
1981,55,0.004645,0.009334,0.006978
1981,56,0.004111,0.0103,0.007189
1981,57,0.005397,0.011024,0.008186
1981,58,0.00583,0.013664,0.009674
1981,59,0.006468,0.013903,0.010075
1981,60,0.005696,0.015379,0.010371
1981,61,0.007987,0.016168,0.01194
1981,62,0.008057,0.017877,0.012765
1981,63,0.008598,0.020553,0.014277
1981,64,0.010052,0.023774,0.016526
1981,65,0.011325,0.026432,0.0184
1981,66,0.012558,0.027554,0.019577
1981,67,0.013094,0.028567,0.020313
1981,68,0.015082,0.032825,0.023272
1981,69,0.017486,0.034813,0.025417
1981,70,0.016909,0.042125,0.028337
1981,71,0.022172,0.0451,0.032389
1981,72,0.022681,0.045455,0.032708
1981,73,0.027707,0.053126,0.038675
1981,74,0.031705,0.058407,0.042973
1981,75,0.03171,0.060704,0.043674
1981,76,0.040637,0.069504,0.052267
1981,77,0.045048,0.073625,0.056416
1981,78,0.048546,0.084153,0.062593
1981,79,0.059177,0.092562,0.072113
1981,80,0.06517,0.100049,0.078327
1981,81,0.071713,0.112301,0.086815
1981,82,0.08397,0.124161,0.0989
1981,83,0.094831,0.130439,0.107874
1981,84,0.106876,0.148695,0.121866
1981,85,0.118309,0.163365,0.134388
1981,86,0.128537,0.173593,0.144464
1981,87,0.145545,0.195485,0.16291
1981,88,0.159145,0.202801,0.174148
1981,89,0.171468,0.237795,0.194172
1981,90,0.213229,0.239817,0.22188
1982,0,0.007193,0.009041,0.00814
1982,1,0.000682,0.000881,0.000784
1982,2,0.000321,0.000571,0.00045
1982,3,0.000275,0.000599,0.000441
1982,4,0.00024,0.000495,0.000371
1982,5,0.000311,0.000335,0.000323
1982,6,0.000149,0.000107,0.000128
1982,7,0.00014,0.000339,0.000241
1982,8,3.3e-05,0.000257,0.000147
1982,9,0.000162,0.000246,0.000205
1982,10,0.000125,0.000299,0.000214
1982,11,9.4e-05,0.000359,0.00023
1982,12,0.000217,0.000236,0.000227
1982,13,0.000241,0.000515,0.000382
1982,14,0.000339,0.000205,0.00027
1982,15,0.00028,0.000558,0.000423
1982,16,0.000218,0.000848,0.000542
1982,17,0.000629,0.000945,0.000792
1982,18,0.000258,0.001412,0.000849
1982,19,0.000359,0.001473,0.000928
1982,20,0.000366,0.001455,0.000924
1982,21,0.000167,0.001083,0.000636
1982,22,0.000333,0.001139,0.000746
1982,23,0.000297,0.001288,0.000804
1982,24,0.000263,0.001039,0.000659
1982,25,0.000426,0.001039,0.000738
1982,26,0.000261,0.001158,0.00072
1982,27,0.00033,0.000853,0.000597
1982,28,0.000468,0.000706,0.000589
1982,29,0.000465,0.001041,0.00076
1982,30,0.000347,0.001042,0.000706
1982,31,0.000277,0.001065,0.000685
1982,32,0.000646,0.000826,0.000739
1982,33,0.000303,0.000877,0.000601
1982,34,0.000651,0.001125,0.000896
1982,35,0.0005,0.001206,0.000864
1982,36,0.00105,0.001317,0.001188
1982,37,0.000937,0.001137,0.00104
1982,38,0.001029,0.001789,0.001422
1982,39,0.000745,0.002242,0.001513
1982,40,0.001038,0.001779,0.001416
1982,41,0.000961,0.002171,0.001578
1982,42,0.001128,0.002593,0.001872
1982,43,0.001442,0.003389,0.002426
1982,44,0.001634,0.003011,0.002329
1982,45,0.001455,0.003968,0.002725
1982,46,0.001285,0.003494,0.002396
1982,47,0.001769,0.004413,0.003096
1982,48,0.001849,0.004607,0.003247
1982,49,0.002607,0.004851,0.003741
1982,50,0.003104,0.006453,0.004779
1982,51,0.001908,0.00714,0.004527
1982,52,0.002332,0.006635,0.004495
1982,53,0.00399,0.006974,0.005482
1982,54,0.003832,0.00841,0.00611
1982,55,0.00428,0.009683,0.006966
1982,56,0.004755,0.010612,0.007661
1982,57,0.005186,0.010945,0.008042
1982,58,0.005427,0.012324,0.008834
1982,59,0.006396,0.01277,0.009513
1982,60,0.007441,0.014101,0.010659
1982,61,0.008218,0.017372,0.012619
1982,62,0.008994,0.018662,0.013644
1982,63,0.008038,0.019242,0.013378
1982,64,0.010217,0.022058,0.015804
1982,65,0.009807,0.023247,0.016104
1982,66,0.01415,0.027252,0.020237
1982,67,0.013499,0.029084,0.020732
1982,68,0.015065,0.035295,0.024413
1982,69,0.016663,0.032659,0.023975
1982,70,0.016694,0.040784,0.027599
1982,71,0.021055,0.041409,0.030157
1982,72,0.022717,0.049425,0.03447
1982,73,0.026411,0.050399,0.036824
1982,74,0.029132,0.058482,0.041602
1982,75,0.031993,0.064325,0.045401
1982,76,0.038234,0.065089,0.049136
1982,77,0.044505,0.078302,0.057871
1982,78,0.046592,0.078211,0.058912
1982,79,0.061058,0.092713,0.07331
1982,80,0.059988,0.100108,0.075214
1982,81,0.068657,0.105383,0.082179
1982,82,0.078112,0.11637,0.092004
1982,83,0.087819,0.134534,0.104755
1982,84,0.09624,0.139621,0.111699
1982,85,0.110472,0.152568,0.125126
1982,86,0.124875,0.156286,0.135787
1982,87,0.142872,0.172542,0.15308
1982,88,0.15118,0.197836,0.166909
1982,89,0.177586,0.213598,0.189543
1982,90,0.1768,0.190252,0.181281
1983,0,0.006947,0.008736,0.007869
1983,1,0.000724,0.000807,0.000766
1983,2,0.00024,0.000458,0.000351
1983,3,0.000401,0.000456,0.000429
1983,4,0.000432,0.000261,0.000345
1983,5,0.000399,0.000456,0.000429
1983,6,0.000194,0.000297,0.000247
1983,7,0.000186,0.000321,0.000255
1983,8,0.000105,0.000271,0.00019
1983,9,0.0001,0.000224,0.000164
1983,10,0.00013,0.000246,0.000189
1983,11,6.3e-05,0.000239,0.000153
1983,12,9.4e-05,0.000239,0.000168
1983,13,0.000186,0.000383,0.000287
1983,14,0.000151,0.000429,0.000293
1983,15,0.000308,0.000351,0.00033
1983,16,0.000248,0.000763,0.000513
1983,17,0.000372,0.000876,0.000632
1983,18,0.000314,0.001447,0.000897
1983,19,0.000225,0.001472,0.000863
1983,20,0.000456,0.001158,0.000814
1983,21,0.000199,0.001518,0.000875
1983,22,0.000334,0.001495,0.000929
1983,23,0.000266,0.001106,0.000696
1983,24,0.000132,0.00069,0.000417
1983,25,9.8e-05,0.000911,0.000513
1983,26,0.000327,0.00113,0.000737
1983,27,0.000228,0.001312,0.000782
1983,28,0.000396,0.001073,0.000742
1983,29,0.000367,0.001058,0.000719
1983,30,0.000563,0.001135,0.000856
1983,31,0.000451,0.000977,0.000722
1983,32,0.00038,0.001192,0.000801
1983,33,0.000646,0.001173,0.000919
1983,34,0.000538,0.001063,0.00081
1983,35,0.000846,0.001033,0.000943
1983,36,0.000813,0.001324,0.001076
1983,37,0.000795,0.001377,0.001095
1983,38,0.000695,0.0013,0.001007
1983,39,0.001324,0.001376,0.001351
1983,40,0.001159,0.001812,0.001494
1983,41,0.001039,0.002083,0.001571
1983,42,0.001009,0.002638,0.001839
1983,43,0.001834,0.00205,0.001944
1983,44,0.001155,0.002641,0.001905
1983,45,0.001685,0.003797,0.002751
1983,46,0.001613,0.003164,0.002396
1983,47,0.002573,0.00446,0.003521
1983,48,0.002254,0.004908,0.003585
1983,49,0.001961,0.004146,0.003067
1983,50,0.003293,0.005593,0.004453
1983,51,0.002811,0.006896,0.004851
1983,52,0.003347,0.00685,0.005097
1983,53,0.003559,0.007894,0.005734
1983,54,0.003859,0.009454,0.006649
1983,55,0.004753,0.008823,0.006773
1983,56,0.004946,0.01039,0.007645
1983,57,0.005501,0.011274,0.008358
1983,58,0.005701,0.012113,0.008871
1983,59,0.00601,0.013049,0.009475
1983,60,0.006398,0.015691,0.010924
1983,61,0.007332,0.01732,0.012136
1983,62,0.007893,0.019862,0.013618
1983,63,0.008408,0.020345,0.014115
1983,64,0.007845,0.021462,0.014297
1983,65,0.011096,0.024878,0.017553
1983,66,0.011796,0.025848,0.018332
1983,67,0.012944,0.028177,0.019964
1983,68,0.014052,0.033065,0.022788
1983,69,0.015504,0.035871,0.024821
1983,70,0.019755,0.040259,0.029022
1983,71,0.023173,0.044449,0.032687
1983,72,0.022987,0.045832,0.033073
1983,73,0.025692,0.051502,0.036891
1983,74,0.026351,0.059451,0.0405
1983,75,0.035314,0.060606,0.045874
1983,76,0.037214,0.06707,0.049395
1983,77,0.042762,0.07107,0.054061
1983,78,0.048173,0.086536,0.063033
1983,79,0.051122,0.090812,0.066258
1983,80,0.062472,0.092016,0.073661
1983,81,0.072106,0.107627,0.08529
1983,82,0.078148,0.111011,0.089976
1983,83,0.087731,0.124325,0.100684
1983,84,0.09801,0.143728,0.114124
1983,85,0.116945,0.147614,0.1276
1983,86,0.126167,0.165924,0.139724
1983,87,0.137372,0.183113,0.152865
1983,88,0.145832,0.201923,0.164603
1983,89,0.170446,0.210394,0.183382
1983,90,0.196358,0.243598,0.211677
1984,0,0.008438,0.008338,0.008387
1984,1,0.000778,0.000655,0.000715
1984,2,0.000641,0.000689,0.000666
1984,3,0.000399,0.000533,0.000468
1984,4,0.00016,0.000379,0.000273
1984,5,0.000118,0.000298,0.00021
1984,6,0.000439,0.000304,0.00037
1984,7,3.9e-05,0.000185,0.000114
1984,8,1e-10,0.000214,0.000109
1984,9,7e-05,0.000169,0.00012
1984,10,6.7e-05,6.4e-05,6.5e-05
1984,11,1e-10,0.000184,9.5e-05
1984,12,0.000156,0.000389,0.000275
1984,13,0.000125,0.000209,0.000168
1984,14,0.000341,0.000323,0.000332
1984,15,0.000151,0.000314,0.000235
1984,16,0.0004,0.000672,0.00054
1984,17,0.000279,0.000704,0.000497
1984,18,0.000217,0.001226,0.000736
1984,19,0.000469,0.001269,0.00088
1984,20,0.000321,0.001073,0.000705
1984,21,0.000261,0.001003,0.000639
1984,22,0.000332,0.000949,0.000648
1984,23,0.000267,0.001495,0.000896
1984,24,0.000232,0.001296,0.000777
1984,25,0.000131,0.000939,0.000545
1984,26,0.000295,0.000879,0.000593
1984,27,0.000261,0.000942,0.000608
1984,28,0.000391,0.00128,0.000845
1984,29,0.000329,0.000789,0.000564
1984,30,0.000366,0.001025,0.000702
1984,31,0.000827,0.000819,0.000823
1984,32,0.000555,0.000976,0.000772
1984,33,0.000484,0.001288,0.0009
1984,34,0.000306,0.001205,0.000771
1984,35,0.000908,0.001189,0.001054
1984,36,0.000651,0.001642,0.001163
1984,37,0.000563,0.001442,0.001016
1984,38,0.0007,0.001258,0.000987
1984,39,0.000626,0.002049,0.001361
1984,40,0.000955,0.001928,0.001457
1984,41,0.001119,0.001301,0.001212
1984,42,0.001175,0.002086,0.001639
1984,43,0.001106,0.002918,0.00203
1984,44,0.001741,0.003149,0.002456
1984,45,0.002216,0.003309,0.002767
1984,46,0.001538,0.003761,0.002658
1984,47,0.002656,0.003735,0.003201
1984,48,0.001934,0.005062,0.003504
1984,49,0.002581,0.004767,0.003676
1984,50,0.002785,0.004966,0.003888
1984,51,0.002463,0.005213,0.003848
1984,52,0.003071,0.006631,0.004846
1984,53,0.00336,0.006364,0.004859
1984,54,0.003867,0.008495,0.006184
1984,55,0.004603,0.008265,0.006426
1984,56,0.004442,0.009494,0.006944
1984,57,0.005066,0.011402,0.008199
1984,58,0.005305,0.012854,0.009029
1984,59,0.006268,0.01424,0.010195
1984,60,0.007498,0.01377,0.010574
1984,61,0.006774,0.016707,0.011588
1984,62,0.007841,0.017311,0.012373
1984,63,0.009381,0.018828,0.013873
1984,64,0.009532,0.023033,0.015948
1984,65,0.010476,0.02303,0.016382
1984,66,0.011441,0.026834,0.018598
1984,67,0.013292,0.02883,0.02046
1984,68,0.014523,0.032808,0.022868
1984,69,0.014077,0.035392,0.023765
1984,70,0.017523,0.039023,0.027247
1984,71,0.020213,0.043464,0.030597
1984,72,0.021994,0.04835,0.033631
1984,73,0.02494,0.053812,0.037502
1984,74,0.030797,0.057296,0.042113
1984,75,0.029827,0.059081,0.042116
1984,76,0.035991,0.06781,0.049057
1984,77,0.041745,0.07726,0.05596
1984,78,0.049069,0.082033,0.06196
1984,79,0.053622,0.086288,0.065992
1984,80,0.060533,0.103031,0.07639
1984,81,0.065759,0.100271,0.078537
1984,82,0.082002,0.121875,0.096471
1984,83,0.08533,0.13173,0.101641
1984,84,0.096252,0.143577,0.11252
1984,85,0.111329,0.15008,0.124634
1984,86,0.121559,0.171393,0.138484
1984,87,0.143142,0.177156,0.154417
1984,88,0.14968,0.202411,0.167137
1984,89,0.178315,0.210643,0.188782
1984,90,0.187241,0.224637,0.199011
1985,0,0.00674,0.010331,0.008582
1985,1,0.00045,0.001047,0.000757
1985,2,0.000775,0.000499,0.000633
1985,3,0.00032,0.000343,0.000332
1985,4,0.000119,0.000266,0.000194
1985,5,0.00024,0.000379,0.000311
1985,6,0.000431,0.000298,0.000363
1985,7,0.000239,0.000152,0.000194
1985,8,0.000194,0.000259,0.000227
1985,9,7.4e-05,0.000214,0.000145
1985,10,7e-05,0.000169,0.00012
1985,11,0.000133,0.000352,0.000245
1985,12,9.7e-05,0.000307,0.000205
1985,13,0.000125,0.000269,0.000199
1985,14,0.000157,0.000328,0.000244
1985,15,0.00034,0.000617,0.000482
1985,16,0.000271,0.000828,0.000556
1985,17,0.000369,0.000877,0.000629
1985,18,0.000494,0.001524,0.001022
1985,19,0.00037,0.000962,0.000674
1985,20,0.000312,0.001238,0.000788
1985,21,0.000288,0.001225,0.000767
1985,22,0.000521,0.000939,0.000734
1985,23,0.000398,0.00101,0.000711
1985,24,0.000466,0.001048,0.000764
1985,25,0.000364,0.001135,0.000759
1985,26,0.000393,0.000875,0.00064
1985,27,0.000555,0.000783,0.000671
1985,28,0.000456,0.001002,0.000734
1985,29,0.000325,0.001465,0.000907
1985,30,0.000362,0.001259,0.00082
1985,31,0.000532,0.00115,0.000848
1985,32,0.000628,0.001007,0.000822
1985,33,0.000555,0.001105,0.000838
1985,34,0.000587,0.001255,0.000932
1985,35,0.00078,0.001553,0.00118
1985,36,0.000739,0.001314,0.001037
1985,37,0.000813,0.001125,0.000974
1985,38,0.000563,0.001883,0.001243
1985,39,0.000891,0.002067,0.001497
1985,40,0.000834,0.002279,0.00158
1985,41,0.001287,0.002276,0.001798
1985,42,0.001161,0.00217,0.001678
1985,43,0.001674,0.002435,0.002062
1985,44,0.001926,0.003344,0.002648
1985,45,0.00179,0.003295,0.002554
1985,46,0.001302,0.003176,0.002247
1985,47,0.002186,0.004064,0.003132
1985,48,0.002925,0.003954,0.003443
1985,49,0.002531,0.005511,0.004026
1985,50,0.002749,0.005977,0.004364
1985,51,0.003506,0.005422,0.004474
1985,52,0.003363,0.007217,0.005302
1985,53,0.003334,0.007079,0.005199
1985,54,0.00347,0.008945,0.006196
1985,55,0.004276,0.008866,0.006569
1985,56,0.004623,0.010123,0.007353
1985,57,0.004703,0.011072,0.007848
1985,58,0.005563,0.011595,0.008536
1985,59,0.006022,0.013358,0.009628
1985,60,0.006715,0.014022,0.010302
1985,61,0.007638,0.015522,0.011486
1985,62,0.00821,0.019204,0.013512
1985,63,0.009356,0.021016,0.014905
1985,64,0.009352,0.021189,0.014945
1985,65,0.010771,0.02231,0.016223
1985,66,0.012095,0.024178,0.01774
1985,67,0.012856,0.031417,0.021411
1985,68,0.012099,0.031469,0.020951
1985,69,0.0152,0.034894,0.024086
1985,70,0.018244,0.041058,0.028492
1985,71,0.02134,0.046591,0.032612
1985,72,0.024141,0.047195,0.034295
1985,73,0.027192,0.051252,0.037661
1985,74,0.030179,0.058363,0.042255
1985,75,0.035346,0.067098,0.048673
1985,76,0.038342,0.06903,0.051003
1985,77,0.041832,0.08097,0.057564
1985,78,0.04848,0.090621,0.064999
1985,79,0.054272,0.09332,0.069169
1985,80,0.065077,0.102182,0.078811
1985,81,0.071176,0.106982,0.084229
1985,82,0.08171,0.118857,0.09514
1985,83,0.08422,0.124237,0.098355
1985,84,0.096141,0.150146,0.114562
1985,85,0.108346,0.145365,0.12066
1985,86,0.13233,0.174243,0.146324
1985,87,0.142074,0.180217,0.154671
1985,88,0.147876,0.198545,0.164197
1985,89,0.19132,0.216734,0.199489
1985,90,0.209331,0.256487,0.22429
1986,0,0.007339,0.008439,0.007904
1986,1,0.000525,0.001154,0.000847
1986,2,0.000245,0.000464,0.000357
1986,3,0.000326,0.00023,0.000276
1986,4,0.000239,0.000305,0.000273
1986,5,0.000238,0.000342,0.000291
1986,6,0.00024,0.000264,0.000252
1986,7,7.8e-05,0.000335,0.00021
1986,8,0.000159,0.000417,0.000291
1986,9,0.000116,3.7e-05,7.6e-05
1986,10,0.000259,0.000213,0.000236
1986,11,7e-05,0.000169,0.00012
1986,12,0.000267,0.000352,0.00031
1986,13,9.7e-05,0.000245,0.000173
1986,14,0.000312,0.000388,0.000351
1986,15,0.000281,0.000507,0.000397
1986,16,0.000216,0.000881,0.000557
1986,17,0.00021,0.000884,0.000555
1986,18,0.000459,0.001488,0.000985
1986,19,0.000491,0.001785,0.001154
1986,20,0.000277,0.001222,0.000762
1986,21,0.000405,0.001471,0.000953
1986,22,0.000192,0.00104,0.000625
1986,23,0.000389,0.001404,0.000906
1986,24,0.000297,0.000974,0.000644
1986,25,0.000365,0.001423,0.000906
1986,26,0.000395,0.001036,0.000723
1986,27,0.000294,0.000684,0.000494
1986,28,0.000391,0.000935,0.000669
1986,29,0.00026,0.000936,0.000605
1986,30,0.000389,0.001088,0.000746
1986,31,0.000427,0.001288,0.000867
1986,32,0.000498,0.001371,0.000944
1986,33,0.000529,0.000942,0.00074
1986,34,0.000484,0.001038,0.00077
1986,35,0.000379,0.001381,0.000898
1986,36,0.000407,0.001426,0.000934
1986,37,0.001008,0.001626,0.001328
1986,38,0.001106,0.001459,0.001289
1986,39,0.001001,0.001589,0.001304
1986,40,0.001082,0.00186,0.001482
1986,41,0.001494,0.001827,0.001666
1986,42,0.001067,0.002555,0.001835
1986,43,0.001162,0.002764,0.001983
1986,44,0.001676,0.002614,0.002154
1986,45,0.001736,0.003771,0.002771
1986,46,0.001698,0.003808,0.002768
1986,47,0.002367,0.005038,0.003713
1986,48,0.002391,0.004522,0.003464
1986,49,0.002828,0.004177,0.003508
1986,50,0.002646,0.004842,0.003746
1986,51,0.003245,0.004709,0.003977
1986,52,0.002968,0.006588,0.004794
1986,53,0.003741,0.008,0.005879
1986,54,0.004159,0.007914,0.006024
1986,55,0.004596,0.007747,0.006161
1986,56,0.004937,0.008746,0.006836
1986,57,0.006113,0.010128,0.008101
1986,58,0.006616,0.013404,0.009957
1986,59,0.004796,0.013701,0.009167
1986,60,0.00652,0.015226,0.010782
1986,61,0.007168,0.016886,0.011917
1986,62,0.00631,0.016911,0.011455
1986,63,0.009291,0.020662,0.014745
1986,64,0.010112,0.022307,0.01588
1986,65,0.010331,0.022656,0.016119
1986,66,0.012608,0.027036,0.019382
1986,67,0.011187,0.028373,0.019147
1986,68,0.014767,0.032771,0.022985
1986,69,0.015372,0.033387,0.023517
1986,70,0.016955,0.039745,0.027124
1986,71,0.019488,0.040507,0.028813
1986,72,0.021101,0.047887,0.032897
1986,73,0.025303,0.052867,0.037276
1986,74,0.028605,0.057825,0.041123
1986,75,0.031512,0.064896,0.045571
1986,76,0.034961,0.066099,0.047791
1986,77,0.0415,0.074707,0.054909
1986,78,0.047194,0.079266,0.059825
1986,79,0.051924,0.094703,0.068284
1986,80,0.059862,0.093987,0.072579
1986,81,0.064198,0.106046,0.079294
1986,82,0.076636,0.111069,0.088911
1986,83,0.083336,0.126759,0.09866
1986,84,0.098898,0.145512,0.114921
1986,85,0.100341,0.153458,0.117879
1986,86,0.125016,0.171582,0.140029
1986,87,0.135861,0.175828,0.148854
1986,88,0.142178,0.186173,0.156265
1986,89,0.162481,0.22108,0.1807
1986,90,0.202311,0.22076,0.208069
1987,0,0.007823,0.009279,0.008568
1987,1,0.000516,0.000713,0.000617
1987,2,0.000483,0.000536,0.00051
1987,3,0.000122,0.000578,0.000356
1987,4,0.000162,0.000382,0.000275
1987,5,0.000119,0.000304,0.000214
1987,6,0.000198,0.000303,0.000252
1987,7,0.00012,0.000339,0.000232
1987,8,0.000234,0.000148,0.00019
1987,9,0.000119,3.8e-05,7.8e-05
1987,10,0.000116,0.000296,0.000208
1987,11,7.4e-05,7.1e-05,7.2e-05
1987,12,0.000105,0.000202,0.000154
1987,13,0.000133,0.000415,0.000277
1987,14,0.000226,0.000123,0.000173
1987,15,0.000156,0.000179,0.000168
1987,16,0.000312,0.000625,0.000472
1987,17,0.000369,0.000849,0.000615
1987,18,0.000507,0.001364,0.000946
1987,19,0.000365,0.001279,0.000832
1987,20,0.000275,0.001251,0.000775
1987,21,0.000398,0.001301,0.000863
1987,22,0.000372,0.001024,0.000707
1987,23,0.000318,0.001453,0.000899
1987,24,0.000387,0.001234,0.00082
1987,25,0.000295,0.001026,0.00067
1987,26,0.000297,0.001128,0.000723
1987,27,0.000492,0.000995,0.00075
1987,28,0.00052,0.001264,0.000902
1987,29,0.000324,0.00102,0.00068
1987,30,0.000389,0.000899,0.000649
1987,31,0.000679,0.001422,0.001059
1987,32,0.000556,0.001188,0.000879
1987,33,0.000464,0.00092,0.000697
1987,34,0.000495,0.001565,0.001044
1987,35,0.00038,0.001553,0.000986
1987,36,0.000413,0.001252,0.000847
1987,37,0.00061,0.001836,0.001244
1987,38,0.000807,0.001499,0.001166
1987,39,0.000911,0.00161,0.001272
1987,40,0.001001,0.002177,0.001607
1987,41,0.00105,0.00195,0.001513
1987,42,0.001078,0.002841,0.001987
1987,43,0.001802,0.002799,0.002316
1987,44,0.001453,0.002807,0.002146
1987,45,0.001859,0.003405,0.002646
1987,46,0.002123,0.003735,0.002942
1987,47,0.001796,0.002532,0.002168
1987,48,0.002274,0.004484,0.003387
1987,49,0.002699,0.005183,0.003949
1987,50,0.003044,0.004767,0.003911
1987,51,0.003359,0.006223,0.004792
1987,52,0.003039,0.007677,0.005354
1987,53,0.003418,0.007402,0.005422
1987,54,0.004336,0.007593,0.005967
1987,55,0.004382,0.010001,0.007168
1987,56,0.004616,0.010396,0.007479
1987,57,0.005061,0.010294,0.007662
1987,58,0.0061,0.01172,0.008872
1987,59,0.006315,0.013282,0.009731
1987,60,0.007571,0.015089,0.011246
1987,61,0.007493,0.016637,0.01195
1987,62,0.008171,0.018647,0.01326
1987,63,0.008233,0.01985,0.013839
1987,64,0.009169,0.021302,0.014953
1987,65,0.010974,0.024797,0.017464
1987,66,0.010935,0.024146,0.017096
1987,67,0.013063,0.030227,0.021055
1987,68,0.015006,0.03283,0.023183
1987,69,0.016683,0.036724,0.025739
1987,70,0.01931,0.037121,0.027271
1987,71,0.019781,0.045597,0.031165
1987,72,0.021865,0.049953,0.03415
1987,73,0.026403,0.049254,0.036323
1987,74,0.028248,0.056159,0.04019
1987,75,0.03554,0.061782,0.046594
1987,76,0.035395,0.067315,0.048596
1987,77,0.041746,0.073589,0.05461
1987,78,0.047688,0.080944,0.060862
1987,79,0.052791,0.093309,0.068371
1987,80,0.059596,0.102444,0.075605
1987,81,0.068332,0.101511,0.080398
1987,82,0.075455,0.127914,0.093866
1987,83,0.087754,0.125248,0.100752
1987,84,0.095536,0.15009,0.114223
1987,85,0.10263,0.147302,0.117496
1987,86,0.120997,0.172435,0.13745
1987,87,0.136862,0.20149,0.156988
1987,88,0.150051,0.187014,0.161733
1987,89,0.174694,0.205208,0.184217
1987,90,0.182818,0.230797,0.197406
1988,0,0.007262,0.009241,0.008272
1988,1,0.000693,0.00103,0.000866
1988,2,0.000355,0.000336,0.000345
1988,3,0.00028,0.00042,0.000352
1988,4,0.000202,0.00023,0.000217
1988,5,0.000162,0.00019,0.000176
1988,6,0.000119,0.000303,0.000213
1988,7,7.9e-05,0.000264,0.000174
1988,8,0.000159,0.000263,0.000212
1988,9,0.000156,0.000407,0.000285
1988,10,1e-10,0.000264,0.000135
1988,11,3.9e-05,0.000258,0.000151
1988,12,0.000111,0.000106,0.000109
1988,13,0.000174,0.000269,0.000223
1988,14,6.6e-05,0.000287,0.000179
1988,15,0.000161,0.000489,0.00033
1988,16,0.000187,0.000446,0.000319
1988,17,0.000342,0.001009,0.000683
1988,18,0.000214,0.00108,0.000658
1988,19,0.000297,0.001216,0.000767
1988,20,0.000273,0.001097,0.000695
1988,21,0.000244,0.000925,0.000593
1988,22,0.000518,0.001177,0.000858
1988,23,0.000278,0.001243,0.000776
1988,24,0.000506,0.001047,0.000784
1988,25,0.000513,0.001219,0.000875
1988,26,0.000196,0.000922,0.00057
1988,27,0.000491,0.001114,0.000812
1988,28,0.000196,0.000615,0.000412
1988,29,0.000291,0.001407,0.000864
1988,30,0.000484,0.001044,0.000771
1988,31,0.000484,0.001232,0.000867
1988,32,0.000452,0.001322,0.000897
1988,33,0.000327,0.001026,0.000685
1988,34,0.000595,0.001329,0.00097
1988,35,0.000626,0.001093,0.000865
1988,36,0.000933,0.001645,0.001301
1988,37,0.00062,0.001345,0.000996
1988,38,0.000948,0.001517,0.001242
1988,39,0.000907,0.00181,0.001375
1988,40,0.001073,0.001639,0.001366
1988,41,0.001221,0.001883,0.001562
1988,42,0.001561,0.002132,0.001855
1988,43,0.001252,0.00255,0.001921
1988,44,0.00173,0.003323,0.002551
1988,45,0.002036,0.003526,0.002798
1988,46,0.002452,0.004424,0.003456
1988,47,0.002612,0.0044,0.003521
1988,48,0.002651,0.003419,0.003039
1988,49,0.002377,0.004646,0.003519
1988,50,0.002755,0.00551,0.004138
1988,51,0.003421,0.006362,0.004899
1988,52,0.002989,0.006206,0.004596
1988,53,0.003322,0.006472,0.004891
1988,54,0.003483,0.008172,0.005837
1988,55,0.00409,0.00904,0.006564
1988,56,0.004605,0.009159,0.006856
1988,57,0.005272,0.010457,0.007833
1988,58,0.005637,0.012555,0.009063
1988,59,0.007078,0.011921,0.00946
1988,60,0.007042,0.013887,0.010384
1988,61,0.008774,0.016632,0.0126
1988,62,0.007741,0.017437,0.012443
1988,63,0.008971,0.018897,0.013767
1988,64,0.008132,0.022328,0.014939
1988,65,0.011629,0.023194,0.017103
1988,66,0.011907,0.023404,0.017267
1988,67,0.012758,0.02739,0.019527
1988,68,0.013588,0.0307,0.021484
1988,69,0.015951,0.03199,0.023242
1988,70,0.020369,0.037663,0.028101
1988,71,0.020076,0.04081,0.02924
1988,72,0.020585,0.045981,0.031623
1988,73,0.025694,0.051878,0.036979
1988,74,0.031052,0.056908,0.042112
1988,75,0.032359,0.065614,0.04636
1988,76,0.036898,0.066498,0.049138
1988,77,0.039551,0.07481,0.053862
1988,78,0.045237,0.085656,0.061244
1988,79,0.051732,0.088519,0.065973
1988,80,0.060395,0.101714,0.075872
1988,81,0.067413,0.103814,0.080708
1988,82,0.074941,0.123937,0.092261
1988,83,0.08746,0.122154,0.099303
1988,84,0.094743,0.132876,0.107595
1988,85,0.11888,0.152785,0.130174
1988,86,0.124707,0.178642,0.142104
1988,87,0.136958,0.185837,0.151949
1988,88,0.151879,0.213723,0.170405
1988,89,0.178546,0.216044,0.190035
1988,90,0.20001,0.229721,0.209059
1989,0,0.007019,0.008923,0.007995
1989,1,0.000546,0.000663,0.000606
1989,2,0.000307,0.000696,0.000506
1989,3,0.000157,0.000335,0.000249
1989,4,0.00024,0.000342,0.000292
1989,5,8.1e-05,0.000191,0.000138
1989,6,0.000202,0.00019,0.000196
1989,7,0.000119,0.000453,0.00029
1989,8,7.9e-05,0.000151,0.000115
1989,9,7.9e-05,0.00015,0.000116
1989,10,3.9e-05,0.000185,0.000114
1989,11,0.000119,0.000151,0.000135
1989,12,7.7e-05,0.000295,0.000188
1989,13,0.000111,0.000142,0.000126
1989,14,0.000278,0.000269,0.000274
1989,15,0.000232,0.000509,0.000374
1989,16,0.000257,0.000673,0.00047
1989,17,0.000124,0.000624,0.00038
1989,18,0.000435,0.001219,0.000835
1989,19,0.000276,0.001375,0.000838
1989,20,0.000297,0.001046,0.000681
1989,21,0.000243,0.00078,0.000518
1989,22,0.000305,0.001042,0.000683
1989,23,0.000244,0.001289,0.000783
1989,24,0.000462,0.00124,0.000863
1989,25,0.00041,0.000686,0.000552
1989,26,0.000479,0.000606,0.000544
1989,27,0.000228,0.000948,0.000599
1989,28,0.000359,0.000833,0.000603
1989,29,0.000423,0.001012,0.000727
1989,30,0.000581,0.000763,0.000675
1989,31,0.000451,0.001165,0.000817
1989,32,0.000774,0.001386,0.001087
1989,33,0.00058,0.001045,0.000818
1989,34,0.000946,0.001493,0.001226
1989,35,0.000563,0.001456,0.001019
1989,36,0.00056,0.001312,0.000946
1989,37,0.001002,0.001712,0.001369
1989,38,0.000724,0.001797,0.001279
1989,39,0.000915,0.001615,0.001277
1989,40,0.00084,0.001846,0.001361
1989,41,0.00101,0.002314,0.001684
1989,42,0.001285,0.002331,0.001824
1989,43,0.001468,0.00217,0.001829
1989,44,0.001673,0.002922,0.002316
1989,45,0.001622,0.003649,0.002665
1989,46,0.001498,0.003224,0.002381
1989,47,0.001911,0.004049,0.002998
1989,48,0.002182,0.003718,0.002962
1989,49,0.002562,0.004318,0.00345
1989,50,0.002822,0.004578,0.003704
1989,51,0.002912,0.005743,0.004331
1989,52,0.002958,0.006035,0.004501
1989,53,0.003052,0.006415,0.004728
1989,54,0.003606,0.008134,0.005855
1989,55,0.004108,0.00952,0.006818
1989,56,0.005282,0.008966,0.007118
1989,57,0.004783,0.010152,0.00743
1989,58,0.005403,0.010986,0.008152
1989,59,0.006726,0.01235,0.009503
1989,60,0.006879,0.01443,0.010578
1989,61,0.008624,0.015932,0.012177
1989,62,0.007837,0.016317,0.011946
1989,63,0.009312,0.019225,0.014094
1989,64,0.00896,0.021707,0.01508
1989,65,0.010079,0.021139,0.015347
1989,66,0.010926,0.02471,0.017409
1989,67,0.012482,0.029516,0.02036
1989,68,0.013507,0.030681,0.02138
1989,69,0.016245,0.035006,0.024826
1989,70,0.017144,0.035849,0.025563
1989,71,0.019247,0.038867,0.027922
1989,72,0.020134,0.046673,0.03171
1989,73,0.025222,0.05242,0.036866
1989,74,0.028286,0.05111,0.037982
1989,75,0.031021,0.059611,0.04307
1989,76,0.037415,0.060251,0.046858
1989,77,0.042011,0.073518,0.05481
1989,78,0.04501,0.083131,0.060156
1989,79,0.051299,0.091725,0.066927
1989,80,0.055025,0.097705,0.071132
1989,81,0.062478,0.108809,0.079392
1989,82,0.073913,0.121611,0.090841
1989,83,0.087114,0.129819,0.101777
1989,84,0.097084,0.140919,0.111641
1989,85,0.111313,0.145526,0.122575
1989,86,0.122756,0.17051,0.138254
1989,87,0.141331,0.171237,0.15068
1989,88,0.148617,0.200195,0.16389
1989,89,0.182788,0.238984,0.199058
1989,90,0.199494,0.230664,0.208817
1990,0,0.005684,0.008137,0.006943
1990,1,0.000496,0.001076,0.000793
1990,2,0.000291,0.000348,0.00032
1990,3,0.000307,0.000366,0.000337
1990,4,0.000197,0.000186,0.000191
1990,5,0.00012,0.000228,0.000175
1990,6,0.000202,0.000421,0.000314
1990,7,0.000161,0.000152,0.000156
1990,8,0.000158,0.000339,0.000251
1990,9,0.000236,3.8e-05,0.000134
1990,10,0.000198,0.000337,0.000269
1990,11,0.000233,0.000295,0.000265
1990,12,0.000277,0.000263,0.00027
1990,13,7.7e-05,0.000294,0.000188
1990,14,0.000147,0.000247,0.000198
1990,15,0.000243,0.000436,0.000341
1990,16,0.000398,0.000477,0.000438
1990,17,0.000257,0.000824,0.000547
1990,18,0.000279,0.001131,0.000714
1990,19,0.000405,0.001373,0.000899
1990,20,0.000215,0.000879,0.000555
1990,21,0.000179,0.000821,0.000508
1990,22,0.000243,0.000986,0.000623
1990,23,0.000275,0.001044,0.000669
1990,24,0.000335,0.000688,0.000517
1990,25,0.000523,0.000952,0.000744
1990,26,0.000346,0.001104,0.000735
1990,27,0.000479,0.001091,0.000793
1990,28,0.000487,0.00101,0.000757
1990,29,0.00062,0.001112,0.000873
1990,30,0.000293,0.000983,0.000648
1990,31,0.000484,0.000978,0.000738
1990,32,0.000355,0.001322,0.00085
1990,33,0.000549,0.001453,0.00101
1990,34,0.000773,0.001634,0.001213
1990,35,0.000816,0.001435,0.001132
1990,36,0.000828,0.001556,0.0012
1990,37,0.000758,0.001599,0.001189
1990,38,0.00083,0.001881,0.001372
1990,39,0.001069,0.001837,0.001466
1990,40,0.001425,0.001876,0.001658
1990,41,0.00091,0.002199,0.001577
1990,42,0.001338,0.001957,0.001657
1990,43,0.001098,0.002431,0.001784
1990,44,0.001599,0.003118,0.00238
1990,45,0.001432,0.003629,0.002561
1990,46,0.002143,0.003462,0.002821
1990,47,0.002086,0.003522,0.002819
1990,48,0.002419,0.003274,0.002853
1990,49,0.002286,0.004072,0.003191
1990,50,0.00238,0.004441,0.003419
1990,51,0.002732,0.0048,0.003769
1990,52,0.002318,0.005531,0.003926
1990,53,0.002807,0.006132,0.004471
1990,54,0.004156,0.006415,0.005279
1990,55,0.004555,0.008885,0.0067
1990,56,0.004295,0.009232,0.006759
1990,57,0.00461,0.009931,0.007254
1990,58,0.005015,0.01155,0.008228
1990,59,0.005779,0.011383,0.008529
1990,60,0.007626,0.011891,0.009724
1990,61,0.007782,0.014689,0.011154
1990,62,0.007798,0.017629,0.012557
1990,63,0.00814,0.01859,0.013177
1990,64,0.010401,0.020583,0.015288
1990,65,0.010784,0.022506,0.016377
1990,66,0.011259,0.023275,0.016945
1990,67,0.012729,0.027746,0.019736
1990,68,0.013734,0.032199,0.02219
1990,69,0.015233,0.031684,0.022704
1990,70,0.018145,0.038443,0.027336
1990,71,0.019763,0.040798,0.029125
1990,72,0.023261,0.045751,0.033079
1990,73,0.024914,0.049778,0.035604
1990,74,0.030713,0.058926,0.042609
1990,75,0.033008,0.059582,0.044129
1990,76,0.035179,0.06969,0.049481
1990,77,0.042601,0.072983,0.054944
1990,78,0.049904,0.080009,0.061912
1990,79,0.050444,0.087767,0.064937
1990,80,0.060314,0.098986,0.074913
1990,81,0.065552,0.108954,0.081481
1990,82,0.07887,0.120223,0.09354
1990,83,0.084192,0.125797,0.09856
1990,84,0.10019,0.14333,0.114573
1990,85,0.111109,0.157274,0.126023
1990,86,0.121977,0.161612,0.134637
1990,87,0.137592,0.190189,0.154163
1990,88,0.151456,0.212805,0.169987
1990,89,0.181371,0.223011,0.193249
1990,90,0.187207,0.252893,0.205611
1991,0,0.005711,0.00666,0.006198
1991,1,0.000814,0.000999,0.000909
1991,2,0.000353,0.000201,0.000275
1991,3,0.000254,0.000313,0.000284
1991,4,0.00023,0.000219,0.000224
1991,5,0.000274,0.00026,0.000267
1991,6,0.000239,0.000265,0.000253
1991,7,0.000161,0.000115,0.000137
1991,8,0.000241,7.6e-05,0.000156
1991,9,0.000197,0.000151,0.000173
1991,10,3.9e-05,0.000112,7.7e-05
1991,11,4e-05,0.000112,7.7e-05
1991,12,0.000155,0.00011,0.000132
1991,13,0.000237,7.5e-05,0.000154
1991,14,7.7e-05,0.00044,0.000263
1991,15,0.000147,0.000176,0.000162
1991,16,0.000278,0.000603,0.000443
1991,17,0.000231,0.000539,0.000388
1991,18,0.000607,0.000914,0.000764
1991,19,9.3e-05,0.001159,0.000637
1991,20,0.00031,0.0011,0.000714
1991,21,0.000398,0.000993,0.000703
1991,22,0.000297,0.000792,0.000551
1991,23,0.000242,0.000954,0.000607
1991,24,0.000183,0.001012,0.000608
1991,25,0.000274,0.0012,0.000751
1991,26,0.000337,0.000835,0.000594
1991,27,0.000314,0.000953,0.000642
1991,28,0.000414,0.000878,0.000652
1991,29,0.000389,0.001009,0.000708
1991,30,0.000424,0.001019,0.00073
1991,31,0.000715,0.00086,0.00079
1991,32,0.000678,0.001192,0.000942
1991,33,0.000516,0.001138,0.000834
1991,34,0.000742,0.001207,0.000979
1991,35,0.000708,0.001544,0.001135
1991,36,0.000653,0.001655,0.001165
1991,37,0.000895,0.001879,0.001397
1991,38,0.001055,0.00154,0.001304
1991,39,0.001038,0.001592,0.001324
1991,40,0.000932,0.001777,0.001369
1991,41,0.001121,0.001785,0.001464
1991,42,0.00091,0.001765,0.001352
1991,43,0.001404,0.002302,0.001867
1991,44,0.001666,0.002409,0.002048
1991,45,0.001313,0.002675,0.002011
1991,46,0.001749,0.002982,0.002382
1991,47,0.001889,0.003546,0.00274
1991,48,0.002426,0.00402,0.003238
1991,49,0.002516,0.004449,0.003496
1991,50,0.002535,0.004383,0.003469
1991,51,0.003483,0.005075,0.004285
1991,52,0.003132,0.005662,0.004398
1991,53,0.003031,0.007092,0.005059
1991,54,0.003347,0.00607,0.004707
1991,55,0.003512,0.006742,0.005115
1991,56,0.004629,0.00891,0.006745
1991,57,0.005098,0.01171,0.008388
1991,58,0.005009,0.010646,0.007802
1991,59,0.005613,0.01179,0.00864
1991,60,0.006012,0.014018,0.009927
1991,61,0.006509,0.013907,0.010136
1991,62,0.007384,0.016429,0.011779
1991,63,0.009006,0.017079,0.012893
1991,64,0.009341,0.019099,0.014021
1991,65,0.009695,0.021824,0.015483
1991,66,0.011651,0.022233,0.016668
1991,67,0.012524,0.026542,0.019107
1991,68,0.015181,0.030708,0.022363
1991,69,0.015853,0.033617,0.023914
1991,70,0.016475,0.034604,0.024625
1991,71,0.020233,0.043479,0.030642
1991,72,0.020543,0.039865,0.02904
1991,73,0.024318,0.047678,0.034393
1991,74,0.025883,0.04954,0.035908
1991,75,0.030654,0.060267,0.042947
1991,76,0.036727,0.064312,0.048066
1991,77,0.040948,0.071112,0.053219
1991,78,0.04315,0.079484,0.057643
1991,79,0.052017,0.086076,0.065319
1991,80,0.057197,0.093295,0.070927
1991,81,0.063407,0.111104,0.080958
1991,82,0.077438,0.112042,0.089795
1991,83,0.08164,0.129124,0.098047
1991,84,0.090306,0.151233,0.110639
1991,85,0.104859,0.144162,0.117616
1991,86,0.109195,0.164821,0.126528
1991,87,0.13697,0.185986,0.152111
1991,88,0.151608,0.186402,0.162193
1991,89,0.167499,0.231907,0.186268
1991,90,0.190387,0.23085,0.201586
1992,0,0.005215,0.006243,0.005745
1992,1,0.000504,0.000796,0.000654
1992,2,0.000338,0.000513,0.000428
1992,3,0.000352,0.000334,0.000343
1992,4,0.000181,6.9e-05,0.000124
1992,5,0.000153,0.000182,0.000168
1992,6,0.000156,0.000148,0.000152
1992,7,0.000159,0.000151,0.000155
1992,8,0.0002,0.000152,0.000176
1992,9,0.00016,0.000151,0.000155
1992,10,0.000157,0.000413,0.000288
1992,11,3.9e-05,0.000112,7.7e-05
1992,12,7.9e-05,0.000224,0.000153
1992,13,7.7e-05,0.000257,0.00017
1992,14,7.9e-05,0.0003,0.000192
1992,15,0.000153,0.000366,0.000262
1992,16,0.000257,0.000492,0.000377
1992,17,0.000173,0.000801,0.000493
1992,18,0.000329,0.001074,0.000709
1992,19,0.000319,0.001277,0.00081
1992,20,0.000339,0.001184,0.000771
1992,21,0.000278,0.000978,0.000635
1992,22,0.000275,0.00099,0.000641
1992,23,0.000296,0.000956,0.000634
1992,24,0.000301,0.00115,0.000736
1992,25,0.000182,0.000776,0.000487
1992,26,0.000545,0.000966,0.000762
1992,27,0.000305,0.00129,0.000813
1992,28,0.000376,0.000948,0.00067
1992,29,0.00054,0.001085,0.00082
1992,30,0.000388,0.001098,0.000753
1992,31,0.000618,0.001354,0.000996
1992,32,0.000487,0.001439,0.000977
1992,33,0.000677,0.00116,0.000925
1992,34,0.00058,0.001198,0.000896
1992,35,0.000418,0.001454,0.000947
1992,36,0.000708,0.000864,0.000787
1992,37,0.000881,0.001343,0.001117
1992,38,0.000762,0.001561,0.001169
1992,39,0.000692,0.001446,0.001078
1992,40,0.001004,0.001725,0.001376
1992,41,0.00107,0.002135,0.00162
1992,42,0.000984,0.001756,0.001382
1992,43,0.00145,0.002053,0.001761
1992,44,0.00121,0.002552,0.001901
1992,45,0.002076,0.002774,0.002434
1992,46,0.001955,0.003443,0.002718
1992,47,0.002067,0.003457,0.00278
1992,48,0.002077,0.0037,0.00291
1992,49,0.001716,0.004037,0.002898
1992,50,0.002245,0.005273,0.003778
1992,51,0.003079,0.004693,0.003894
1992,52,0.002868,0.005577,0.00423
1992,53,0.003582,0.005598,0.00459
1992,54,0.003445,0.005762,0.0046
1992,55,0.003998,0.008681,0.006333
1992,56,0.003965,0.007524,0.005727
1992,57,0.005369,0.010139,0.00772
1992,58,0.006985,0.010126,0.008543
1992,59,0.005253,0.012703,0.008933
1992,60,0.006378,0.011554,0.008906
1992,61,0.007251,0.014205,0.01064
1992,62,0.006759,0.015522,0.011036
1992,63,0.009479,0.018334,0.013762
1992,64,0.009136,0.019485,0.014094
1992,65,0.010171,0.019551,0.014644
1992,66,0.011979,0.022456,0.01695
1992,67,0.012261,0.02353,0.017568
1992,68,0.012828,0.027877,0.019847
1992,69,0.014358,0.031765,0.02234
1992,70,0.01673,0.035369,0.025105
1992,71,0.017893,0.036634,0.026223
1992,72,0.020957,0.04628,0.032156
1992,73,0.024436,0.047208,0.034327
1992,74,0.027027,0.049917,0.036764
1992,75,0.030178,0.060238,0.042732
1992,76,0.03428,0.063976,0.046388
1992,77,0.040657,0.070532,0.05273
1992,78,0.043925,0.077108,0.057159
1992,79,0.047914,0.084664,0.062258
1992,80,0.054944,0.094757,0.070147
1992,81,0.064355,0.104458,0.079229
1992,82,0.073038,0.115249,0.08817
1992,83,0.077074,0.131438,0.095968
1992,84,0.093601,0.135365,0.107527
1992,85,0.100974,0.160588,0.120309
1992,86,0.117964,0.161404,0.131558
1992,87,0.128612,0.184197,0.145345
1992,88,0.15789,0.206797,0.17249
1992,89,0.174226,0.192693,0.17965
1992,90,0.193548,0.26035,0.212423
1993,0,0.004384,0.005664,0.005043
1993,1,0.000579,0.000575,0.000577
1993,2,0.000401,0.000412,0.000406
1993,3,0.000303,0.00032,0.000311
1993,4,0.000175,0.000199,0.000188
1993,5,0.000144,0.000172,0.000158
1993,6,0.000152,0.000145,0.000148
1993,7,3.9e-05,0.000184,0.000114
1993,8,0.000198,0.00015,0.000173
1993,9,1e-10,0.000151,7.8e-05
1993,10,0.00012,0.000226,0.000174
1993,11,3.9e-05,0.00015,9.6e-05
1993,12,1e-10,0.000298,0.000153
1993,13,0.000275,0.000223,0.000248
1993,14,0.000154,0.00022,0.000188
1993,15,0.000236,0.000448,0.000345
1993,16,0.000229,0.000621,0.000429
1993,17,0.000365,0.000631,0.000501
1993,18,0.000309,0.001031,0.000676
1993,19,0.000295,0.000915,0.000611
1993,20,0.000413,0.000819,0.00062
1993,21,0.000338,0.000739,0.000542
1993,22,0.000246,0.00068,0.000467
1993,23,0.000273,0.00084,0.000563
1993,24,0.000176,0.001008,0.000602
1993,25,0.00027,0.000944,0.000615
1993,26,0.000452,0.000715,0.000587
1993,27,0.000301,0.00082,0.000569
1993,28,0.000274,0.000799,0.000545
1993,29,0.000437,0.001035,0.000744
1993,30,0.000379,0.000933,0.000663
1993,31,0.000644,0.001186,0.000923
1993,32,0.000454,0.001228,0.000852
1993,33,0.000389,0.001225,0.000818
1993,34,0.000676,0.001311,0.001002
1993,35,0.000674,0.001567,0.00113
1993,36,0.00061,0.002009,0.001323
1993,37,0.000738,0.001295,0.001022
1993,38,0.000716,0.001313,0.001021
1993,39,0.000761,0.001306,0.001038
1993,40,0.001087,0.002392,0.001754
1993,41,0.001003,0.001987,0.00151
1993,42,0.001551,0.001943,0.001753
1993,43,0.001017,0.002398,0.001728
1993,44,0.001718,0.00234,0.002039
1993,45,0.00134,0.003296,0.002347
1993,46,0.001605,0.00299,0.002315
1993,47,0.001539,0.003271,0.002425
1993,48,0.001857,0.003234,0.002563
1993,49,0.002783,0.003925,0.003368
1993,50,0.003227,0.004416,0.003832
1993,51,0.002525,0.004356,0.003451
1993,52,0.003131,0.00476,0.003953
1993,53,0.002491,0.005695,0.004101
1993,54,0.003296,0.00721,0.005249
1993,55,0.004169,0.006566,0.005362
1993,56,0.004386,0.007448,0.00591
1993,57,0.004201,0.008544,0.006347
1993,58,0.005727,0.009664,0.007662
1993,59,0.005601,0.011163,0.008351
1993,60,0.006151,0.01274,0.009395
1993,61,0.007521,0.014373,0.010855
1993,62,0.007096,0.016295,0.011558
1993,63,0.008615,0.017185,0.01278
1993,64,0.010438,0.020838,0.015443
1993,65,0.010138,0.020837,0.015234
1993,66,0.012926,0.02274,0.01758
1993,67,0.012168,0.024465,0.017967
1993,68,0.013765,0.028266,0.020546
1993,69,0.016041,0.032743,0.023764
1993,70,0.015594,0.034311,0.024097
1993,71,0.019031,0.041094,0.028837
1993,72,0.020339,0.047143,0.032105
1993,73,0.024969,0.051529,0.036553
1993,74,0.02548,0.049568,0.035794
1993,75,0.029773,0.058507,0.041816
1993,76,0.035849,0.066819,0.04855
1993,77,0.040225,0.067422,0.051136
1993,78,0.04356,0.077669,0.057087
1993,79,0.053398,0.091093,0.068121
1993,80,0.060926,0.097005,0.074689
1993,81,0.06285,0.105322,0.078676
1993,82,0.073886,0.117605,0.089668
1993,83,0.085109,0.127205,0.099776
1993,84,0.093987,0.141682,0.110029
1993,85,0.108374,0.174187,0.129574
1993,86,0.116727,0.1806,0.136643
1993,87,0.142073,0.199133,0.159277
1993,88,0.162195,0.202376,0.173874
1993,89,0.177632,0.231471,0.19324
1993,90,0.189045,0.23645,0.202635
1994,0,0.004579,0.005841,0.005227
1994,1,0.000652,0.000712,0.000683
1994,2,0.000271,9.5e-05,0.00018
1994,3,0.000299,9.5e-05,0.000194
1994,4,3.4e-05,0.000191,0.000114
1994,5,0.000279,6.6e-05,0.00017
1994,6,7.2e-05,0.000206,0.00014
1994,7,0.000151,0.000108,0.000129
1994,8,0.000117,0.00011,0.000113
1994,9,0.000158,0.000112,0.000134
1994,10,0.000199,0.000189,0.000194
1994,11,0.000119,0.00015,0.000135
1994,12,0.000156,0.000298,0.000229
1994,13,0.000234,0.00026,0.000247
1994,14,0.000118,0.00026,0.000191
1994,15,0.000192,0.000256,0.000225
1994,16,0.000157,0.000671,0.00042
1994,17,0.000304,0.000546,0.000427
1994,18,0.000327,0.000908,0.000623
1994,19,0.000446,0.000863,0.000658
1994,20,0.000326,0.000756,0.000545
1994,21,0.000285,0.000576,0.000433
1994,22,0.000122,0.000915,0.000525
1994,23,0.000336,0.000942,0.000645
1994,24,0.000482,0.000722,0.000605
1994,25,0.000175,0.000809,0.0005
1994,26,0.000209,0.00057,0.000394
1994,27,0.00024,0.000855,0.000555
1994,28,0.00039,0.001129,0.00077
1994,29,0.000515,0.001225,0.000881
1994,30,0.000497,0.000886,0.000696
1994,31,0.000598,0.001021,0.000815
1994,32,0.000353,0.001094,0.000734
1994,33,0.000582,0.001321,0.000961
1994,34,0.000355,0.000705,0.000535
1994,35,0.000546,0.001067,0.000813
1994,36,0.000545,0.001014,0.000784
1994,37,0.000641,0.001484,0.00107
1994,38,0.000641,0.001357,0.001006
1994,39,0.000618,0.001845,0.001243
1994,40,0.001486,0.001785,0.001638
1994,41,0.001086,0.00211,0.001609
1994,42,0.001036,0.001891,0.001476
1994,43,0.000998,0.002205,0.00162
1994,44,0.001356,0.002626,0.002009
1994,45,0.001482,0.002438,0.001975
1994,46,0.001864,0.002624,0.002255
1994,47,0.001984,0.00315,0.002581
1994,48,0.002503,0.003585,0.003057
1994,49,0.002527,0.004149,0.003357
1994,50,0.002937,0.004149,0.003557
1994,51,0.002562,0.005416,0.004011
1994,52,0.002898,0.005593,0.004259
1994,53,0.003871,0.004734,0.004305
1994,54,0.003458,0.005581,0.004523
1994,55,0.003994,0.007006,0.005494
1994,56,0.004131,0.007229,0.00567
1994,57,0.005045,0.008536,0.006779
1994,58,0.005275,0.00873,0.006979
1994,59,0.005474,0.011449,0.008402
1994,60,0.006883,0.012172,0.00949
1994,61,0.00668,0.012672,0.009621
1994,62,0.007939,0.013562,0.010664
1994,63,0.007957,0.015671,0.011684
1994,64,0.008843,0.019207,0.013857
1994,65,0.010321,0.020759,0.015314
1994,66,0.01133,0.023878,0.017272
1994,67,0.010857,0.025783,0.017891
1994,68,0.012114,0.027071,0.019116
1994,69,0.014697,0.030082,0.021832
1994,70,0.016813,0.034833,0.02507
1994,71,0.018313,0.037725,0.027041
1994,72,0.020846,0.04132,0.029836
1994,73,0.021883,0.041352,0.030315
1994,74,0.027414,0.053049,0.038444
1994,75,0.029556,0.050977,0.038595
1994,76,0.035188,0.060973,0.045819
1994,77,0.032267,0.063879,0.045009
1994,78,0.039408,0.075096,0.053452
1994,79,0.047595,0.078922,0.059769
1994,80,0.050962,0.092434,0.066799
1994,81,0.060277,0.09504,0.073217
1994,82,0.069746,0.11605,0.086543
1994,83,0.078316,0.125861,0.095008
1994,84,0.087995,0.138141,0.104929
1994,85,0.099857,0.142528,0.113738
1994,86,0.112292,0.158458,0.126637
1994,87,0.131499,0.17891,0.145739
1994,88,0.147321,0.200223,0.162674
1994,89,0.166786,0.207241,0.178117
1994,90,0.179821,0.211036,0.188638
1995,0,0.00314,0.004896,0.004043
1995,1,0.000377,0.000488,0.000434
1995,2,0.000171,0.000226,0.000199
1995,3,0.000203,0.000317,0.000262
1995,4,0.000299,6.3e-05,0.000178
1995,5,0.000134,0.000222,0.000179
1995,6,0.000139,0.000198,0.00017
1995,7,0.000107,0.000137,0.000123
1995,8,0.000189,0.000216,0.000203
1995,9,7.8e-05,0.00011,9.4e-05
1995,10,7.9e-05,0.000187,0.000134
1995,11,0.000119,0.000151,0.000135
1995,12,1e-10,3.7e-05,1.9e-05
1995,13,1e-10,0.000298,0.000152
1995,14,0.000272,0.000483,0.00038
1995,15,0.000195,0.000482,0.000342
1995,16,0.000307,0.000511,0.000412
1995,17,0.000195,0.001003,0.000608
1995,18,0.000453,0.001016,0.00074
1995,19,0.000362,0.000977,0.000675
1995,20,0.000307,0.000763,0.000538
1995,21,0.00026,0.000976,0.000624
1995,22,0.000252,0.000697,0.000479
1995,23,0.000456,0.001149,0.000808
1995,24,0.000213,0.000911,0.000568
1995,25,0.00021,0.000894,0.000559
1995,26,0.000146,0.000863,0.000512
1995,27,0.000268,0.000712,0.000495
1995,28,0.000389,0.001081,0.000744
1995,29,0.000299,0.000817,0.000566
1995,30,0.000543,0.00074,0.000645
1995,31,0.000341,0.000914,0.000635
1995,32,0.000472,0.001291,0.000891
1995,33,0.000481,0.001156,0.000827
1995,34,0.000646,0.001538,0.001103
1995,35,0.000709,0.001225,0.000974
1995,36,0.000513,0.001097,0.000813
1995,37,0.000544,0.001476,0.001019
1995,38,0.001089,0.001577,0.001337
1995,39,0.000641,0.001605,0.001132
1995,40,0.001592,0.00144,0.001514
1995,41,0.001024,0.002137,0.00159
1995,42,0.000987,0.001703,0.001353
1995,43,0.001071,0.001991,0.001544
1995,44,0.001205,0.002014,0.001622
1995,45,0.001118,0.003272,0.002225
1995,46,0.001955,0.00324,0.002617
1995,47,0.0019,0.003314,0.002627
1995,48,0.002177,0.003611,0.002911
1995,49,0.002637,0.003631,0.003145
1995,50,0.002358,0.004299,0.003351
1995,51,0.002869,0.004777,0.003844
1995,52,0.00261,0.005034,0.00384
1995,53,0.002903,0.005581,0.004252
1995,54,0.003388,0.005485,0.004443
1995,55,0.003853,0.006339,0.005098
1995,56,0.004055,0.006854,0.005447
1995,57,0.004402,0.009476,0.006918
1995,58,0.005339,0.010588,0.007941
1995,59,0.00519,0.010259,0.007683
1995,60,0.005612,0.010939,0.008213
1995,61,0.006463,0.012376,0.009368
1995,62,0.007771,0.015083,0.011347
1995,63,0.008796,0.015121,0.011851
1995,64,0.009297,0.017039,0.01302
1995,65,0.011391,0.019916,0.015494
1995,66,0.01053,0.022651,0.016294
1995,67,0.011341,0.025411,0.017953
1995,68,0.013892,0.02836,0.02066
1995,69,0.015402,0.030472,0.022401
1995,70,0.016468,0.032632,0.023899
1995,71,0.017883,0.03691,0.026516
1995,72,0.020326,0.039514,0.028864
1995,73,0.024389,0.045336,0.033477
1995,74,0.026478,0.047736,0.035577
1995,75,0.031631,0.057482,0.042606
1995,76,0.031279,0.061491,0.043838
1995,77,0.03588,0.066823,0.048415
1995,78,0.040607,0.077672,0.055235
1995,79,0.046982,0.086023,0.062015
1995,80,0.053112,0.088396,0.066522
1995,81,0.058702,0.104197,0.075653
1995,82,0.067218,0.111409,0.083237
1995,83,0.076149,0.134625,0.096714
1995,84,0.086962,0.134144,0.10296
1995,85,0.103288,0.154934,0.120199
1995,86,0.113843,0.167014,0.130575
1995,87,0.134866,0.200109,0.154439
1995,88,0.152252,0.210211,0.168936
1995,89,0.177956,0.227234,0.191732
1995,90,0.177287,0.255543,0.198412
1996,0,0.003594,0.004543,0.004083
1996,1,0.000339,0.000546,0.000445
1996,2,0.000205,0.000389,0.000299
1996,3,0.000102,0.000225,0.000165
1996,4,0.000168,0.000253,0.000212
1996,5,3.3e-05,0.000126,8.1e-05
1996,6,0.000167,0.000159,0.000163
1996,7,7e-05,0.000132,0.000102
1996,8,0.000107,0.00024,0.000175
1996,9,1e-10,0.000108,5.5e-05
1996,10,1e-10,0.00011,5.6e-05
1996,11,7.8e-05,0.000187,0.000134
1996,12,7.9e-05,0.000113,9.7e-05
1996,13,0.000198,0.000262,0.000231
1996,14,0.000195,0.000298,0.000247
1996,15,0.000155,0.000334,0.000247
1996,16,0.000312,0.000629,0.000475
1996,17,0.000229,0.000401,0.000317
1996,18,0.000349,0.000667,0.000511
1996,19,0.000226,0.000653,0.000443
1996,20,0.000252,0.000871,0.000567
1996,21,0.000374,0.000996,0.000689
1996,22,0.000325,0.000787,0.000559
1996,23,9.4e-05,0.000605,0.000354
1996,24,0.000273,0.000823,0.000552
1996,25,0.000182,0.000909,0.000551
1996,26,0.000328,0.001296,0.000821
1996,27,0.000435,0.001029,0.000738
1996,28,0.000415,0.000995,0.000711
1996,29,0.000268,0.001137,0.000713
1996,30,0.000507,0.000817,0.000666
1996,31,0.000301,0.001051,0.000687
1996,32,0.000526,0.001414,0.000981
1996,33,0.000503,0.001021,0.000768
1996,34,0.000544,0.001004,0.00078
1996,35,0.000549,0.000984,0.000772
1996,36,0.000709,0.000949,0.000832
1996,37,0.000769,0.001526,0.001156
1996,38,0.000767,0.001508,0.001145
1996,39,0.001057,0.001579,0.001322
1996,40,0.001378,0.001299,0.001338
1996,41,0.000975,0.002006,0.0015
1996,42,0.000793,0.001535,0.00117
1996,43,0.001447,0.001959,0.001708
1996,44,0.001244,0.002487,0.001882
1996,45,0.001758,0.002574,0.002177
1996,46,0.001323,0.002864,0.002114
1996,47,0.001959,0.002867,0.002426
1996,48,0.001936,0.003202,0.002586
1996,49,0.002561,0.003838,0.003214
1996,50,0.002902,0.004825,0.003884
1996,51,0.003034,0.004253,0.003657
1996,52,0.002803,0.004982,0.003915
1996,53,0.003758,0.005105,0.00444
1996,54,0.003741,0.005564,0.004658
1996,55,0.004637,0.006546,0.005596
1996,56,0.004204,0.005608,0.004906
1996,57,0.004668,0.007362,0.006005
1996,58,0.004423,0.008671,0.006524
1996,59,0.005857,0.011308,0.008553
1996,60,0.005828,0.011482,0.0086
1996,61,0.005642,0.013753,0.009588
1996,62,0.007594,0.012793,0.010138
1996,63,0.00749,0.015348,0.01132
1996,64,0.009558,0.015066,0.012207
1996,65,0.010166,0.018687,0.014248
1996,66,0.010499,0.020333,0.015206
1996,67,0.011113,0.021161,0.01586
1996,68,0.012473,0.026049,0.018808
1996,69,0.014753,0.027291,0.020575
1996,70,0.016718,0.031947,0.023736
1996,71,0.016338,0.036217,0.025385
1996,72,0.019396,0.038847,0.028132
1996,73,0.021291,0.045878,0.032094
1996,74,0.02361,0.050766,0.035241
1996,75,0.026948,0.053544,0.038162
1996,76,0.03417,0.064043,0.046643
1996,77,0.034053,0.062137,0.045527
1996,78,0.039801,0.072266,0.052693
1996,79,0.040251,0.079507,0.055403
1996,80,0.0527,0.086053,0.065259
1996,81,0.05988,0.102525,0.075686
1996,82,0.068485,0.104689,0.081613
1996,83,0.077251,0.118862,0.091929
1996,84,0.084851,0.139804,0.103507
1996,85,0.093766,0.143697,0.110145
1996,86,0.110141,0.158251,0.125372
1996,87,0.126043,0.18118,0.142739
1996,88,0.14326,0.188011,0.15613
1996,89,0.159742,0.215168,0.175114
1996,90,0.185826,0.236568,0.199476
1997,0,0.003695,0.004407,0.004062
1997,1,0.000612,0.000545,0.000578
1997,2,0.000237,0.000256,0.000246
1997,3,0.000204,0.000323,0.000265
1997,4,6.8e-05,0.000193,0.000132
1997,5,0.000201,0.000284,0.000244
1997,6,0.000265,0.000157,0.000209
1997,7,0.000133,0.000253,0.000195
1997,8,0.000104,0.000231,0.000169
1997,9,0.000107,0.000137,0.000122
1997,10,3.8e-05,0.000108,7.4e-05
1997,11,0.000193,0.000146,0.000169
1997,12,1e-10,0.000112,5.7e-05
1997,13,0.000159,0.000301,0.000231
1997,14,7.9e-05,0.000299,0.000192
1997,15,0.000117,0.000297,0.000209
1997,16,0.000194,0.000592,0.000397
1997,17,0.000271,0.000627,0.000454
1997,18,0.000532,0.000762,0.00065
1997,19,0.000501,0.000926,0.000718
1997,20,0.000299,0.000687,0.000497
1997,21,0.000108,0.000731,0.000424
1997,22,0.000237,0.000993,0.000619
1997,23,0.000258,0.001224,0.000748
1997,24,0.000249,0.000603,0.000429
1997,25,0.000542,0.000733,0.000639
1997,26,0.000421,0.00114,0.000786
1997,27,0.000297,0.00109,0.0007
1997,28,0.000404,0.000859,0.000636
1997,29,0.000443,0.00085,0.000651
1997,30,0.000535,0.000907,0.000725
1997,31,0.000267,0.000899,0.000592
1997,32,0.000421,0.000879,0.000656
1997,33,0.000494,0.001558,0.001039
1997,34,0.000376,0.001291,0.000843
1997,35,0.00064,0.001065,0.000858
1997,36,0.000548,0.001353,0.00096
1997,37,0.000933,0.001164,0.001051
1997,38,0.000544,0.00113,0.000844
1997,39,0.000672,0.001293,0.000988
1997,40,0.000961,0.001891,0.001433
1997,41,0.00125,0.001766,0.001512
1997,42,0.001365,0.002197,0.001788
1997,43,0.001222,0.002146,0.001691
1997,44,0.001218,0.001899,0.001565
1997,45,0.001211,0.002592,0.00192
1997,46,0.001865,0.002679,0.002283
1997,47,0.001631,0.003259,0.002466
1997,48,0.002029,0.003002,0.00253
1997,49,0.002268,0.003745,0.003026
1997,50,0.00244,0.00413,0.003303
1997,51,0.003136,0.004161,0.003659
1997,52,0.003432,0.004239,0.003844
1997,53,0.002811,0.004971,0.003912
1997,54,0.003897,0.00584,0.004879
1997,55,0.003618,0.005825,0.004728
1997,56,0.005347,0.006835,0.006094
1997,57,0.004559,0.007155,0.005855
1997,58,0.00574,0.008184,0.006951
1997,59,0.005121,0.010088,0.007572
1997,60,0.004901,0.010533,0.007677
1997,61,0.006644,0.012866,0.009682
1997,62,0.007211,0.013038,0.010036
1997,63,0.007645,0.016188,0.011811
1997,64,0.009171,0.016187,0.012576
1997,65,0.009055,0.01749,0.013099
1997,66,0.00995,0.018541,0.014044
1997,67,0.011521,0.021523,0.016283
1997,68,0.013011,0.026518,0.019351
1997,69,0.01333,0.027366,0.019832
1997,70,0.016074,0.032397,0.023595
1997,71,0.017099,0.035406,0.025455
1997,72,0.019369,0.038003,0.027765
1997,73,0.022034,0.043204,0.031427
1997,74,0.025376,0.047572,0.035004
1997,75,0.02761,0.053438,0.038504
1997,76,0.029373,0.058227,0.041341
1997,77,0.037403,0.065189,0.048807
1997,78,0.039265,0.066622,0.050252
1997,79,0.045421,0.083625,0.060274
1997,80,0.050574,0.090472,0.065616
1997,81,0.05995,0.102451,0.075557
1997,82,0.06752,0.109982,0.082834
1997,83,0.078876,0.117898,0.092696
1997,84,0.08625,0.132059,0.101917
1997,85,0.099947,0.145806,0.114994
1997,86,0.112615,0.162667,0.128531
1997,87,0.125697,0.188887,0.144961
1997,88,0.144773,0.204486,0.162141
1997,89,0.1616,0.215845,0.176586
1997,90,0.193749,0.239243,0.205902
1998,0,0.003355,0.004512,0.003949
1998,1,0.000538,0.000254,0.000392
1998,2,0.000169,0.000255,0.000213
1998,3,0.000168,0.000191,0.00018
1998,4,0.000136,0.000226,0.000182
1998,5,0.000135,0.00016,0.000148
1998,6,1e-10,0.000189,9.7e-05
1998,7,3.3e-05,0.000156,9.6e-05
1998,8,3.3e-05,6.3e-05,4.9e-05
1998,9,0.000173,0.000132,0.000152
1998,10,0.000142,3.4e-05,8.7e-05
1998,11,0.000113,0.000215,0.000165
1998,12,0.00027,0.000218,0.000243
1998,13,7.8e-05,0.000112,9.5e-05
1998,14,4e-05,0.000225,0.000135
1998,15,0.000198,0.000149,0.000173
1998,16,0.000233,0.000592,0.000417
1998,17,0.000269,0.000442,0.000358
1998,18,0.000424,0.001028,0.000734
1998,19,0.000376,0.000616,0.000498
1998,20,0.000115,0.001217,0.000675
1998,21,0.000372,0.000504,0.000439
1998,22,0.000285,0.001178,0.000738
1998,23,0.000269,0.001416,0.000848
1998,24,0.000608,0.001342,0.00098
1998,25,0.000155,0.001079,0.000624
1998,26,0.000299,0.001048,0.000678
1998,27,0.000299,0.000871,0.000589
1998,28,0.000324,0.001026,0.000681
1998,29,0.000489,0.001214,0.000859
1998,30,0.000324,0.00124,0.000792
1998,31,0.000592,0.001327,0.000968
1998,32,0.000533,0.00084,0.000691
1998,33,0.000749,0.001102,0.000931
1998,34,0.000555,0.001291,0.000932
1998,35,0.000657,0.001228,0.000949
1998,36,0.00083,0.00161,0.001229
1998,37,0.00074,0.001383,0.001068
1998,38,0.000803,0.001317,0.001066
1998,39,0.000671,0.001709,0.001202
1998,40,0.001054,0.002155,0.001615
1998,41,0.001248,0.001739,0.001497
1998,42,0.001089,0.002107,0.001606
1998,43,0.001333,0.00198,0.001662
1998,44,0.001388,0.002244,0.001822
1998,45,0.001153,0.002442,0.00181
1998,46,0.001835,0.002729,0.002294
1998,47,0.00197,0.002849,0.002422
1998,48,0.00177,0.003233,0.00252
1998,49,0.001762,0.003204,0.002503
1998,50,0.002833,0.003821,0.00334
1998,51,0.002956,0.00445,0.003719
1998,52,0.003211,0.004644,0.003942
1998,53,0.003904,0.005962,0.004954
1998,54,0.004024,0.005252,0.00465
1998,55,0.003316,0.006164,0.004754
1998,56,0.004285,0.007019,0.005657
1998,57,0.004275,0.007876,0.006078
1998,58,0.004288,0.008094,0.006185
1998,59,0.005116,0.010058,0.007559
1998,60,0.006235,0.010245,0.008208
1998,61,0.005635,0.011893,0.00871
1998,62,0.006516,0.01376,0.01004
1998,63,0.006626,0.016042,0.01117
1998,64,0.009166,0.015169,0.012079
1998,65,0.008015,0.017592,0.012648
1998,66,0.009353,0.017749,0.013358
1998,67,0.011158,0.020487,0.015581
1998,68,0.011766,0.024311,0.017704
1998,69,0.01399,0.02974,0.021324
1998,70,0.015637,0.030969,0.022685
1998,71,0.016277,0.033816,0.024281
1998,72,0.018634,0.036989,0.026928
1998,73,0.020968,0.041409,0.030082
1998,74,0.021664,0.044211,0.031549
1998,75,0.026181,0.053269,0.03777
1998,76,0.030424,0.053282,0.039918
1998,77,0.0342,0.066094,0.047207
1998,78,0.043238,0.074625,0.055909
1998,79,0.044256,0.075859,0.056698
1998,80,0.052932,0.08528,0.065228
1998,81,0.05812,0.101105,0.073938
1998,82,0.064995,0.108691,0.080611
1998,83,0.072769,0.119262,0.089078
1998,84,0.08377,0.137499,0.102241
1998,85,0.097592,0.138064,0.111022
1998,86,0.107238,0.15373,0.122027
1998,87,0.129297,0.179991,0.144851
1998,88,0.140849,0.191566,0.155712
1998,89,0.165083,0.211209,0.177953
1998,90,0.169962,0.235246,0.187403
1999,0,0.00339,0.00448,0.003949
1999,1,0.000554,0.000724,0.000641
1999,2,0.000167,0.000473,0.000324
1999,3,0.000168,0.000318,0.000245
1999,4,0.000168,0.000127,0.000147
1999,5,0.000135,0.000161,0.000148
1999,6,0.000202,0.000191,0.000197
1999,7,0.000134,9.4e-05,0.000113
1999,8,0.000132,9.3e-05,0.000112
1999,9,6.6e-05,3.1e-05,4.8e-05
1999,10,0.000173,0.000197,0.000185
1999,11,0.000106,6.8e-05,8.7e-05
1999,12,0.000187,7.1e-05,0.000128
1999,13,0.000153,3.6e-05,9.3e-05
1999,14,3.9e-05,0.000259,0.000152
1999,15,0.000276,0.000485,0.000383
1999,16,0.000315,0.000259,0.000286
1999,17,0.000308,0.000662,0.000489
1999,18,0.000497,0.001172,0.000842
1999,19,0.000342,0.00095,0.000652
1999,20,0.000335,0.001007,0.000677
1999,21,0.000227,0.001173,0.000707
1999,22,0.000332,0.000931,0.000636
1999,23,0.000282,0.000963,0.000627
1999,24,0.000266,0.001437,0.000857
1999,25,0.000349,0.001207,0.000783
1999,26,0.000552,0.000803,0.000679
1999,27,0.000208,0.000953,0.000585
1999,28,0.000296,0.001095,0.000701
1999,29,0.000351,0.001162,0.000764
1999,30,0.000286,0.000823,0.00056
1999,31,0.000526,0.000869,0.000701
1999,32,0.000589,0.001237,0.000921
1999,33,0.000531,0.000892,0.000717
1999,34,0.000507,0.001239,0.000884
1999,35,0.000706,0.001052,0.000883
1999,36,0.000467,0.001164,0.000823
1999,37,0.000541,0.001151,0.000853
1999,38,0.000706,0.001502,0.001113
1999,39,0.001058,0.00162,0.001346
1999,40,0.000893,0.001678,0.001294
1999,41,0.001148,0.001385,0.001269
1999,42,0.000991,0.001768,0.001385
1999,43,0.001024,0.001827,0.001432
1999,44,0.00143,0.00223,0.001837
1999,45,0.001222,0.002503,0.001872
1999,46,0.001613,0.002858,0.002247
1999,47,0.001974,0.002932,0.002465
1999,48,0.002387,0.003476,0.002946
1999,49,0.002318,0.00321,0.002775
1999,50,0.002306,0.004723,0.003547
1999,51,0.002872,0.004434,0.003672
1999,52,0.003089,0.004986,0.004056
1999,53,0.00309,0.005324,0.004228
1999,54,0.003204,0.00568,0.004466
1999,55,0.003471,0.006558,0.005042
1999,56,0.003968,0.006285,0.005137
1999,57,0.003832,0.006458,0.005149
1999,58,0.004587,0.007633,0.00611
1999,59,0.006217,0.007466,0.006838
1999,60,0.005642,0.009689,0.007637
1999,61,0.007257,0.010944,0.009066
1999,62,0.007709,0.013414,0.010504
1999,63,0.007245,0.014266,0.010646
1999,64,0.008748,0.01631,0.012381
1999,65,0.009313,0.017771,0.013401
1999,66,0.010873,0.021354,0.015917
1999,67,0.011826,0.021736,0.016527
1999,68,0.012464,0.023468,0.017652
1999,69,0.013609,0.025892,0.019379
1999,70,0.014568,0.028214,0.020875
1999,71,0.016651,0.033748,0.024441
1999,72,0.019554,0.037983,0.027878
1999,73,0.020913,0.04055,0.029694
1999,74,0.024418,0.044921,0.033449
1999,75,0.025678,0.050098,0.036247
1999,76,0.029812,0.057632,0.041541
1999,77,0.034082,0.064282,0.046422
1999,78,0.040018,0.06991,0.051996
1999,79,0.044273,0.079818,0.058361
1999,80,0.052485,0.085687,0.06529
1999,81,0.060013,0.09642,0.073539
1999,82,0.065142,0.111257,0.081688
1999,83,0.074146,0.122048,0.09073
1999,84,0.088525,0.138451,0.105468
1999,85,0.095477,0.157822,0.116232
1999,86,0.113814,0.165839,0.130466
1999,87,0.124367,0.182228,0.142164
1999,88,0.143571,0.198257,0.159771
1999,89,0.160427,0.227148,0.179144
1999,90,0.183502,0.25609,0.202877
2000,0,0.003282,0.004256,0.003782
2000,1,0.000277,0.000593,0.000439
2000,2,0.000309,0.000229,0.000268
2000,3,0.000133,0.000157,0.000145
2000,4,0.000168,0.000221,0.000195
2000,5,3.3e-05,0.000189,0.000114
2000,6,0.000135,0.000128,0.000131
2000,7,0.000168,0.000127,0.000147
2000,8,6.7e-05,9.4e-05,8.1e-05
2000,9,0.000197,0.000217,0.000207
2000,10,6.6e-05,3.1e-05,4.8e-05
2000,11,0.000138,9.8e-05,0.000117
2000,12,0.000212,0.000102,0.000156
2000,13,0.000186,0.000107,0.000146
2000,14,3.8e-05,0.000217,0.00013
2000,15,0.000388,0.000295,0.00034
2000,16,0.000313,0.000706,0.000515
2000,17,0.000508,0.000624,0.000568
2000,18,0.000115,0.001023,0.000579
2000,19,0.000302,0.00124,0.000779
2000,20,0.000567,0.001163,0.000871
2000,21,0.000222,0.001109,0.000673
2000,22,0.000263,0.001419,0.00085
2000,23,0.000365,0.000959,0.000666
2000,24,0.00028,0.000783,0.000535
2000,25,0.000231,0.001198,0.000719
2000,26,0.000472,0.001196,0.000839
2000,27,0.000365,0.001358,0.000869
2000,28,0.000531,0.001003,0.00077
2000,29,0.000265,0.001232,0.000755
2000,30,0.00032,0.001379,0.000859
2000,31,0.000341,0.001282,0.000821
2000,32,0.000436,0.001368,0.000912
2000,33,0.000528,0.00098,0.000759
2000,34,0.000735,0.000917,0.000829
2000,35,0.000536,0.001741,0.001156
2000,36,0.000765,0.001575,0.00118
2000,37,0.000652,0.001846,0.001262
2000,38,0.00092,0.001239,0.001083
2000,39,0.000993,0.00144,0.001221
2000,40,0.0008,0.001832,0.001328
2000,41,0.000988,0.001768,0.001387
2000,42,0.001435,0.002122,0.001785
2000,43,0.001181,0.002482,0.001841
2000,44,0.000736,0.002138,0.001448
2000,45,0.001235,0.002454,0.001854
2000,46,0.001585,0.002667,0.002134
2000,47,0.001779,0.002578,0.002186
2000,48,0.001942,0.002872,0.002418
2000,49,0.002461,0.003157,0.002818
2000,50,0.00215,0.003707,0.002948
2000,51,0.00214,0.003551,0.002864
2000,52,0.002713,0.005115,0.003942
2000,53,0.003512,0.005011,0.004275
2000,54,0.003785,0.005885,0.004854
2000,55,0.004215,0.006024,0.005136
2000,56,0.004092,0.007005,0.005572
2000,57,0.004926,0.006705,0.005823
2000,58,0.004832,0.008006,0.006421
2000,59,0.005114,0.008607,0.006857
2000,60,0.005905,0.008478,0.007183
2000,61,0.006946,0.010631,0.008758
2000,62,0.007098,0.011734,0.009367
2000,63,0.006883,0.011921,0.009344
2000,64,0.008507,0.01473,0.01151
2000,65,0.007669,0.017229,0.012243
2000,66,0.009811,0.018112,0.013801
2000,67,0.009379,0.018973,0.013973
2000,68,0.013032,0.023325,0.017885
2000,69,0.012248,0.024616,0.018041
2000,70,0.014361,0.026775,0.020155
2000,71,0.018274,0.030782,0.024013
2000,72,0.018955,0.034671,0.026048
2000,73,0.021743,0.038666,0.029311
2000,74,0.02264,0.043049,0.031665
2000,75,0.025255,0.047429,0.034904
2000,76,0.028497,0.052094,0.038563
2000,77,0.034189,0.060349,0.045046
2000,78,0.037872,0.066192,0.049248
2000,79,0.041066,0.074503,0.054206
2000,80,0.049594,0.086528,0.063933
2000,81,0.05926,0.093875,0.072323
2000,82,0.062767,0.107907,0.079127
2000,83,0.070883,0.118366,0.087391
2000,84,0.08841,0.133307,0.103476
2000,85,0.090201,0.145427,0.108308
2000,86,0.113707,0.159024,0.128246
2000,87,0.128959,0.172193,0.142337
2000,88,0.144142,0.191446,0.158173
2000,89,0.166065,0.203069,0.17663
2000,90,0.174631,0.228395,0.189126
2001,0,0.003431,0.004235,0.003843
2001,1,0.000274,0.000391,0.000334
2001,2,6.9e-05,0.000328,0.000202
2001,3,0.000172,0.000327,0.000251
2001,4,0.0001,0.000126,0.000113
2001,5,0.0001,6.3e-05,8.1e-05
2001,6,0.000167,0.000221,0.000195
2001,7,3.4e-05,9.6e-05,6.6e-05
2001,8,0.000134,9.5e-05,0.000114
2001,9,3.3e-05,9.4e-05,6.4e-05
2001,10,3.3e-05,0.000124,8e-05
2001,11,9.9e-05,3.1e-05,6.4e-05
2001,12,3.4e-05,0.000163,0.0001
2001,13,0.000106,0.000101,0.000104
2001,14,7.4e-05,7.1e-05,7.3e-05
2001,15,0.000115,0.000324,0.000222
2001,16,0.000232,0.000331,0.000283
2001,17,0.00039,0.000774,0.000587
2001,18,0.000349,0.000912,0.00064
2001,19,0.000341,0.001239,0.000799
2001,20,0.000601,0.001564,0.001091
2001,21,0.00015,0.001449,0.000812
2001,22,0.000515,0.001104,0.000814
2001,23,0.000522,0.001085,0.000808
2001,24,0.000217,0.000952,0.00059
2001,25,0.000347,0.001183,0.00077
2001,26,0.00036,0.000771,0.000568
2001,27,0.00025,0.00122,0.000741
2001,28,0.000424,0.001115,0.000775
2001,29,0.000499,0.000999,0.000753
2001,30,0.000264,0.00114,0.000709
2001,31,0.000407,0.001177,0.000799
2001,32,0.000595,0.00098,0.000791
2001,33,0.00058,0.001032,0.00081
2001,34,0.000586,0.001202,0.000901
2001,35,0.000558,0.00136,0.000971
2001,36,0.000773,0.001432,0.001112
2001,37,0.000428,0.001488,0.00097
2001,38,0.000528,0.001608,0.001079
2001,39,0.000888,0.001664,0.001285
2001,40,0.000865,0.001531,0.001205
2001,41,0.00112,0.001498,0.001313
2001,42,0.00102,0.002166,0.001606
2001,43,0.001116,0.00188,0.001504
2001,44,0.00115,0.002145,0.001654
2001,45,0.001569,0.001989,0.001782
2001,46,0.001757,0.002681,0.002226
2001,47,0.001654,0.002707,0.002188
2001,48,0.001947,0.003385,0.002678
2001,49,0.00205,0.003313,0.002697
2001,50,0.002397,0.003433,0.002928
2001,51,0.002736,0.004115,0.003441
2001,52,0.002657,0.003567,0.003123
2001,53,0.003053,0.004955,0.004024
2001,54,0.003588,0.005444,0.004533
2001,55,0.003538,0.005859,0.004718
2001,56,0.003804,0.006377,0.005113
2001,57,0.004149,0.006982,0.005587
2001,58,0.004649,0.00663,0.005646
2001,59,0.005901,0.007944,0.006921
2001,60,0.005903,0.009094,0.007493
2001,61,0.005846,0.009675,0.007744
2001,62,0.006794,0.010444,0.008585
2001,63,0.008485,0.013851,0.011104
2001,64,0.008793,0.01607,0.012334
2001,65,0.008526,0.0163,0.012262
2001,66,0.009846,0.016318,0.012927
2001,67,0.010216,0.019578,0.014696
2001,68,0.012281,0.022115,0.016961
2001,69,0.012349,0.024361,0.017976
2001,70,0.014173,0.028654,0.020906
2001,71,0.016016,0.029404,0.022223
2001,72,0.02038,0.033175,0.026205
2001,73,0.019056,0.034873,0.026134
2001,74,0.022033,0.04253,0.031103
2001,75,0.026091,0.044974,0.034352
2001,76,0.028534,0.053818,0.039393
2001,77,0.031719,0.061754,0.044337
2001,78,0.037454,0.068116,0.049955
2001,79,0.04506,0.074785,0.056779
2001,80,0.048153,0.078502,0.059853
2001,81,0.056239,0.097997,0.072103
2001,82,0.064476,0.105483,0.079572
2001,83,0.071823,0.120948,0.089093
2001,84,0.082213,0.133023,0.099323
2001,85,0.098125,0.146789,0.113909
2001,86,0.109239,0.155661,0.123981
2001,87,0.12036,0.168305,0.135307
2001,88,0.134229,0.188717,0.150543
2001,89,0.153493,0.201117,0.167114
2001,90,0.174205,0.257955,0.197224
2002,0,0.003591,0.003288,0.003436
2002,1,0.000525,0.000367,0.000445
2002,2,0.000239,0.000292,0.000266
2002,3,0.000138,0.00036,0.000252
2002,4,0.00024,0.00013,0.000184
2002,5,9.9e-05,0.000313,0.000209
2002,6,0.0001,9.4e-05,9.7e-05
2002,7,0.0001,0.000157,0.000129
2002,8,0.0001,0.000159,0.000131
2002,9,0.0001,0.000253,0.000179
2002,10,3.3e-05,6.2e-05,4.8e-05
2002,11,0.000196,9.3e-05,0.000143
2002,12,0.000164,0.000156,0.00016
2002,13,0.000137,0.00013,0.000133
2002,14,0.000246,0.000269,0.000258
2002,15,0.000185,0.000247,0.000217
2002,16,0.000228,0.000466,0.00035
2002,17,0.000231,0.00062,0.00043
2002,18,0.00031,0.000879,0.000602
2002,19,0.000422,0.001054,0.000747
2002,20,0.000301,0.0008,0.000555
2002,21,0.000336,0.000834,0.000588
2002,22,0.000409,0.001046,0.000733
2002,23,0.000255,0.001202,0.000735
2002,24,0.000479,0.00115,0.000819
2002,25,0.00025,0.001086,0.000672
2002,26,0.000377,0.001243,0.000814
2002,27,0.000389,0.000895,0.000644
2002,28,0.000248,0.001061,0.00066
2002,29,0.000482,0.001168,0.00083
2002,30,0.00038,0.001308,0.00085
2002,31,0.00035,0.000936,0.000648
2002,32,0.000491,0.00134,0.000923
2002,33,0.000564,0.001223,0.0009
2002,34,0.000521,0.000975,0.000752
2002,35,0.000614,0.001256,0.000942
2002,36,0.000498,0.001081,0.000798
2002,37,0.0008,0.001514,0.001167
2002,38,0.000732,0.001371,0.001059
2002,39,0.000434,0.001757,0.001108
2002,40,0.000824,0.001845,0.001346
2002,41,0.001023,0.001164,0.001095
2002,42,0.000991,0.001437,0.001219
2002,43,0.000923,0.001771,0.001356
2002,44,0.00121,0.002284,0.001755
2002,45,0.00147,0.001992,0.001734
2002,46,0.001217,0.002615,0.001926
2002,47,0.001759,0.002592,0.002182
2002,48,0.001358,0.002552,0.001963
2002,49,0.002049,0.00282,0.00244
2002,50,0.001566,0.002859,0.002227
2002,51,0.002994,0.003975,0.003497
2002,52,0.002674,0.004263,0.003486
2002,53,0.003313,0.004464,0.003902
2002,54,0.003628,0.006326,0.005005
2002,55,0.004245,0.005792,0.005031
2002,56,0.003916,0.006247,0.0051
2002,57,0.004829,0.006632,0.005745
2002,58,0.004894,0.007928,0.006431
2002,59,0.00559,0.00819,0.006897
2002,60,0.005749,0.009598,0.007669
2002,61,0.007158,0.010076,0.008607
2002,62,0.006139,0.012292,0.009182
2002,63,0.006591,0.012538,0.009499
2002,64,0.009094,0.013385,0.011182
2002,65,0.008418,0.01447,0.011352
2002,66,0.010602,0.018881,0.014565
2002,67,0.011671,0.021522,0.016337
2002,68,0.011854,0.021785,0.016577
2002,69,0.011315,0.025624,0.018081
2002,70,0.014527,0.025425,0.019595
2002,71,0.017291,0.030404,0.023345
2002,72,0.017582,0.032061,0.024244
2002,73,0.020728,0.038156,0.028597
2002,74,0.021881,0.041705,0.030655
2002,75,0.026955,0.045997,0.035294
2002,76,0.02895,0.052963,0.039325
2002,77,0.031098,0.059254,0.043018
2002,78,0.038974,0.06378,0.049224
2002,79,0.042893,0.073522,0.055166
2002,80,0.045477,0.081928,0.059573
2002,81,0.054647,0.089148,0.067659
2002,82,0.065549,0.100839,0.07865
2002,83,0.070238,0.117218,0.08708
2002,84,0.087367,0.120054,0.098526
2002,85,0.094329,0.14516,0.110905
2002,86,0.111368,0.157937,0.12599
2002,87,0.124178,0.176041,0.140149
2002,88,0.145108,0.204217,0.162867
2002,89,0.157775,0.219621,0.175575
2002,90,0.17612,0.248826,0.195954
2003,0,0.003087,0.003706,0.003405
2003,1,0.000434,0.000486,0.00046
2003,2,0.000278,0.000166,0.000221
2003,3,0.000136,0.000129,0.000133
2003,4,0.00024,0.000229,0.000234
2003,5,3.4e-05,9.7e-05,6.7e-05
2003,6,9.9e-05,0.000343,0.000224
2003,7,0.0001,0.000125,0.000113
2003,8,0.000166,3.1e-05,9.7e-05
2003,9,3.3e-05,0.000127,8.1e-05
2003,10,0.000133,0.000126,0.00013
2003,11,9.9e-05,0.000124,0.000112
2003,12,0.00013,0.000308,0.000221
2003,13,3.3e-05,0.000217,0.000128
2003,14,0.000273,0.000162,0.000216
2003,15,0.000175,0.000335,0.000257
2003,16,0.000295,0.000526,0.000414
2003,17,0.000189,0.000604,0.000403
2003,18,0.000382,0.001086,0.000743
2003,19,0.000306,0.000729,0.000522
2003,20,0.000419,0.000905,0.000668
2003,21,0.000373,0.000615,0.000496
2003,22,0.000258,0.000939,0.000602
2003,23,0.000294,0.000788,0.000544
2003,24,0.000395,0.001196,0.0008
2003,25,0.000401,0.000749,0.000577
2003,26,0.000459,0.000973,0.000718
2003,27,0.000339,0.001137,0.000741
2003,28,0.000322,0.000952,0.000639
2003,29,0.0004,0.000965,0.000686
2003,30,0.000269,0.00093,0.000604
2003,31,0.000436,0.001133,0.000789
2003,32,0.000436,0.00099,0.000717
2003,33,0.000374,0.000976,0.00068
2003,34,0.000618,0.001303,0.000966
2003,35,0.000404,0.000973,0.000693
2003,36,0.00035,0.001366,0.000869
2003,37,0.000759,0.001191,0.000981
2003,38,0.000621,0.001176,0.000906
2003,39,0.000882,0.001487,0.001191
2003,40,0.001144,0.001162,0.001153
2003,41,0.000949,0.001634,0.001299
2003,42,0.001149,0.001594,0.001376
2003,43,0.001181,0.002202,0.001703
2003,44,0.001208,0.002109,0.001667
2003,45,0.00121,0.002412,0.00182
2003,46,0.001502,0.002495,0.002004
2003,47,0.001378,0.002403,0.001897
2003,48,0.002021,0.002565,0.002297
2003,49,0.001857,0.00298,0.002425
2003,50,0.00225,0.003148,0.002706
2003,51,0.002335,0.003971,0.003171
2003,52,0.002409,0.004025,0.003236
2003,53,0.002853,0.004381,0.003633
2003,54,0.002981,0.004653,0.003835
2003,55,0.004076,0.00585,0.004981
2003,56,0.00391,0.005826,0.004883
2003,57,0.004363,0.00642,0.005407
2003,58,0.004597,0.007034,0.005833
2003,59,0.005037,0.008033,0.006553
2003,60,0.005494,0.009043,0.007275
2003,61,0.005547,0.009031,0.00728
2003,62,0.006445,0.011765,0.009082
2003,63,0.007692,0.012261,0.009944
2003,64,0.008001,0.011624,0.009768
2003,65,0.007718,0.015821,0.011647
2003,66,0.008557,0.017983,0.013106
2003,67,0.011139,0.019093,0.014927
2003,68,0.011441,0.020471,0.015692
2003,69,0.012245,0.023011,0.017332
2003,70,0.013607,0.024392,0.018673
2003,71,0.015567,0.028172,0.021391
2003,72,0.017533,0.028676,0.02264
2003,73,0.02023,0.035608,0.027253
2003,74,0.022041,0.038586,0.029434
2003,75,0.025045,0.040408,0.031781
2003,76,0.029212,0.047582,0.037164
2003,77,0.031253,0.053833,0.040878
2003,78,0.035124,0.056509,0.04405
2003,79,0.039671,0.065477,0.050176
2003,80,0.045862,0.070972,0.05575
2003,81,0.052957,0.089668,0.06686
2003,82,0.056416,0.098843,0.072044
2003,83,0.068307,0.113397,0.084599
2003,84,0.073697,0.112704,0.087311
2003,85,0.090626,0.134366,0.105141
2003,86,0.106889,0.153021,0.121447
2003,87,0.117723,0.176971,0.135729
2003,88,0.136205,0.181263,0.149505
2003,89,0.159435,0.209242,0.17383
2003,90,0.176266,0.23341,0.191991
2004,0,0.003089,0.003373,0.003235
2004,1,0.000289,0.00052,0.000407
2004,2,0.000144,0.000138,0.000141
2004,3,6.9e-05,0.000232,0.000153
2004,4,0.000102,0.000129,0.000116
2004,5,0.000103,6.5e-05,8.3e-05
2004,6,0.000238,3.2e-05,0.000133
2004,7,0.000131,0.000155,0.000144
2004,8,6.6e-05,6.3e-05,6.4e-05
2004,9,9.9e-05,3.1e-05,6.4e-05
2004,10,0.0001,6.3e-05,8.1e-05
2004,11,0.000232,9.4e-05,0.000161
2004,12,6.6e-05,6.2e-05,6.4e-05
2004,13,0.000194,9.2e-05,0.000142
2004,14,9.8e-05,0.000186,0.000143
2004,15,0.00017,0.00029,0.000232
2004,16,0.000174,0.000466,0.000324
2004,17,0.000221,0.000557,0.000393
2004,18,0.000376,0.000706,0.000546
2004,19,0.000453,0.000974,0.00072
2004,20,0.000494,0.000943,0.000723
2004,21,0.000227,0.001154,0.000701
2004,22,0.000185,0.000902,0.000548
2004,23,0.000328,0.001329,0.000833
2004,24,0.000473,0.000997,0.000738
2004,25,0.000498,0.000978,0.00074
2004,26,0.000504,0.001522,0.001018
2004,27,0.00035,0.000726,0.000539
2004,28,0.00037,0.000731,0.000552
2004,29,0.000319,0.001201,0.000762
2004,30,0.000214,0.00054,0.000379
2004,31,0.000626,0.000782,0.000705
2004,32,0.00026,0.000706,0.000486
2004,33,0.000665,0.001129,0.0009
2004,34,0.000487,0.001225,0.000861
2004,35,0.000645,0.000704,0.000675
2004,36,0.000632,0.000944,0.000791
2004,37,0.000669,0.001393,0.001039
2004,38,0.000495,0.001383,0.000951
2004,39,0.000855,0.001541,0.001207
2004,40,0.000759,0.00137,0.001071
2004,41,0.000989,0.001281,0.001138
2004,42,0.001074,0.001605,0.001345
2004,43,0.000926,0.001563,0.001251
2004,44,0.001276,0.002234,0.001765
2004,45,0.001304,0.002144,0.001732
2004,46,0.001751,0.00192,0.001837
2004,47,0.001247,0.002467,0.001864
2004,48,0.001828,0.002626,0.002232
2004,49,0.002513,0.002476,0.002494
2004,50,0.00196,0.003669,0.002824
2004,51,0.002254,0.003967,0.003122
2004,52,0.002795,0.004055,0.003438
2004,53,0.002519,0.004211,0.003385
2004,54,0.003481,0.0051,0.004307
2004,55,0.003094,0.005205,0.004171
2004,56,0.00369,0.00608,0.004907
2004,57,0.004447,0.006501,0.005488
2004,58,0.004951,0.006954,0.005966
2004,59,0.004914,0.007343,0.006144
2004,60,0.005455,0.008977,0.007234
2004,61,0.005352,0.009304,0.007333
2004,62,0.005632,0.009533,0.007567
2004,63,0.005868,0.011336,0.008569
2004,64,0.008106,0.013159,0.010589
2004,65,0.008125,0.014063,0.011013
2004,66,0.009421,0.016168,0.012677
2004,67,0.009118,0.018838,0.013789
2004,68,0.010298,0.019155,0.014494
2004,69,0.012318,0.021219,0.016486
2004,70,0.012471,0.024761,0.018246
2004,71,0.01338,0.028112,0.020252
2004,72,0.017355,0.029152,0.022766
2004,73,0.017694,0.031162,0.023826
2004,74,0.019779,0.037273,0.027687
2004,75,0.023278,0.038614,0.030075
2004,76,0.027061,0.044522,0.034642
2004,77,0.031021,0.049512,0.038943
2004,78,0.033847,0.053299,0.042041
2004,79,0.037155,0.063195,0.047865
2004,80,0.045822,0.077443,0.058491
2004,81,0.049802,0.088576,0.064772
2004,82,0.057059,0.095636,0.071326
2004,83,0.064756,0.096758,0.076259
2004,84,0.076615,0.117015,0.090845
2004,85,0.084825,0.121404,0.097276
2004,86,0.09519,0.140967,0.109949
2004,87,0.111165,0.152116,0.123689
2004,88,0.12752,0.187712,0.145144
2004,89,0.148099,0.201507,0.163294
2004,90,0.167164,0.206539,0.178116
2005,0,0.002838,0.003283,0.003066
2005,1,0.000353,0.000338,0.000345
2005,2,3.6e-05,0.000449,0.000246
2005,3,0.000143,0.000172,0.000158
2005,4,6.9e-05,0.000132,0.000101
2005,5,0.000169,0.000161,0.000165
2005,6,0.000102,0.000162,0.000133
2005,7,0.000136,6.4e-05,9.9e-05
2005,8,3.3e-05,0.000155,9.5e-05
2005,9,1e-10,0.000156,8e-05
2005,10,9.9e-05,0.000186,0.000144
2005,11,6.6e-05,0.000158,0.000113
2005,12,6.6e-05,3.1e-05,4.8e-05
2005,13,9.8e-05,6.2e-05,7.9e-05
2005,14,0.000129,0.000275,0.000204
2005,15,0.000163,0.000124,0.000143
2005,16,0.000271,0.000514,0.000396
2005,17,0.000139,0.000596,0.000373
2005,18,0.000293,0.000451,0.000374
2005,19,0.000335,0.000669,0.000507
2005,20,0.000375,0.001222,0.000807
2005,21,0.00049,0.001049,0.000775
2005,22,0.000299,0.001077,0.000696
2005,23,0.000328,0.000717,0.000524
2005,24,0.000397,0.000998,0.000699
2005,25,0.000359,0.000706,0.000534
2005,26,0.000456,0.000692,0.000575
2005,27,0.000427,0.000877,0.000654
2005,28,0.000277,0.000925,0.000602
2005,29,0.0003,0.001054,0.000679
2005,30,0.000569,0.00069,0.00063
2005,31,0.000335,0.000775,0.000557
2005,32,0.000267,0.000748,0.000511
2005,33,0.000489,0.001095,0.000796
2005,34,0.000518,0.001096,0.000811
2005,35,0.000457,0.001136,0.000802
2005,36,0.000642,0.001053,0.000851
2005,37,0.00086,0.001356,0.001112
2005,38,0.000551,0.001445,0.001007
2005,39,0.000902,0.00116,0.001034
2005,40,0.001089,0.001566,0.001334
2005,41,0.000727,0.001457,0.001099
2005,42,0.000987,0.001369,0.001181
2005,43,0.001231,0.001541,0.001389
2005,44,0.001116,0.001624,0.001375
2005,45,0.001307,0.002019,0.001671
2005,46,0.001367,0.002114,0.001747
2005,47,0.001784,0.002291,0.002041
2005,48,0.001408,0.0025,0.00196
2005,49,0.002216,0.003412,0.002822
2005,50,0.002058,0.003308,0.002691
2005,51,0.002597,0.003712,0.003161
2005,52,0.002691,0.003333,0.003016
2005,53,0.003011,0.004036,0.003534
2005,54,0.003158,0.004767,0.00398
2005,55,0.003284,0.005458,0.004392
2005,56,0.003345,0.005434,0.00441
2005,57,0.004345,0.006153,0.005264
2005,58,0.004794,0.006583,0.0057
2005,59,0.00461,0.007598,0.006122
2005,60,0.005562,0.008446,0.00702
2005,61,0.006462,0.00841,0.007445
2005,62,0.006355,0.010561,0.008456
2005,63,0.0062,0.010086,0.008123
2005,64,0.00783,0.013449,0.010599
2005,65,0.008889,0.013929,0.011359
2005,66,0.008773,0.013723,0.011171
2005,67,0.009241,0.015788,0.01239
2005,68,0.010433,0.021113,0.015541
2005,69,0.011751,0.019918,0.015599
2005,70,0.014628,0.023767,0.018883
2005,71,0.013413,0.025199,0.018918
2005,72,0.014687,0.028608,0.021138
2005,73,0.0185,0.032078,0.024682
2005,74,0.019782,0.035936,0.027069
2005,75,0.022489,0.041637,0.031072
2005,76,0.026777,0.043625,0.034169
2005,77,0.028975,0.05016,0.038078
2005,78,0.032788,0.059098,0.043929
2005,79,0.038469,0.063181,0.048732
2005,80,0.04189,0.071701,0.05394
2005,81,0.047075,0.083584,0.061398
2005,82,0.053239,0.090632,0.06735
2005,83,0.061951,0.100593,0.075897
2005,84,0.066784,0.115056,0.08368
2005,85,0.088365,0.132466,0.103476
2005,86,0.092817,0.142077,0.109114
2005,87,0.10488,0.156194,0.120918
2005,88,0.129031,0.183482,0.145069
2005,89,0.142562,0.208196,0.161134
2005,90,0.159517,0.224193,0.177101
2006,0,0.002623,0.003749,0.0032
2006,1,0.000248,0.000237,0.000242
2006,2,0.00014,0.000134,0.000137
2006,3,7.1e-05,0.000241,0.000158
2006,4,0.000143,0.00024,0.000192
2006,5,6.9e-05,0.000132,0.000101
2006,6,0.000169,6.4e-05,0.000115
2006,7,0.000136,9.7e-05,0.000116
2006,8,0.000101,3.2e-05,6.6e-05
2006,9,0.000196,0.000185,0.00019
2006,10,3.3e-05,0.000124,8e-05
2006,11,1e-10,0.000155,8e-05
2006,12,1e-10,3.1e-05,1.6e-05
2006,13,3.3e-05,0.000125,8e-05
2006,14,3.3e-05,9.2e-05,6.3e-05
2006,15,0.000257,0.000244,0.00025
2006,16,0.000162,0.000461,0.000315
2006,17,0.000337,0.00032,0.000328
2006,18,0.000276,0.000495,0.000388
2006,19,0.000145,0.001003,0.000584
2006,20,0.000369,0.000806,0.000593
2006,21,0.00026,0.000894,0.000583
2006,22,0.000224,0.000861,0.000549
2006,23,0.000147,0.000924,0.000543
2006,24,0.000431,0.000815,0.000624
2006,25,0.00032,0.000808,0.000565
2006,26,0.000318,0.000834,0.000578
2006,27,0.00038,0.001397,0.000891
2006,28,0.000245,0.000934,0.000591
2006,29,0.000137,0.000843,0.000492
2006,30,0.000296,0.000812,0.000556
2006,31,0.000345,0.000899,0.000624
2006,32,0.000453,0.001092,0.000776
2006,33,0.000619,0.000884,0.000754
2006,34,0.000401,0.001059,0.000734
2006,35,0.000573,0.001059,0.000819
2006,36,0.000398,0.001157,0.000783
2006,37,0.000584,0.000966,0.000779
2006,38,0.000657,0.001156,0.000911
2006,39,0.000723,0.001134,0.000933
2006,40,0.000726,0.001128,0.000932
2006,41,0.000764,0.00131,0.001044
2006,42,0.000756,0.001306,0.001037
2006,43,0.001048,0.001423,0.001239
2006,44,0.001198,0.001416,0.00131
2006,45,0.001402,0.002109,0.001763
2006,46,0.001721,0.002107,0.001918
2006,47,0.001336,0.002416,0.001886
2006,48,0.002358,0.002598,0.00248
2006,49,0.001922,0.002625,0.002278
2006,50,0.002121,0.002976,0.002554
2006,51,0.002389,0.003631,0.003018
2006,52,0.002402,0.003686,0.003051
2006,53,0.002629,0.004965,0.003812
2006,54,0.002808,0.004219,0.003528
2006,55,0.003271,0.005294,0.004304
2006,56,0.004059,0.005284,0.004683
2006,57,0.004017,0.005962,0.005008
2006,58,0.003889,0.005997,0.004959
2006,59,0.004782,0.007593,0.006203
2006,60,0.005641,0.008317,0.006993
2006,61,0.005816,0.009645,0.007749
2006,62,0.005993,0.010364,0.008193
2006,63,0.008536,0.011439,0.009984
2006,64,0.006591,0.012456,0.009488
2006,65,0.006951,0.013264,0.010052
2006,66,0.007777,0.013966,0.0108
2006,67,0.009439,0.016571,0.012882
2006,68,0.010839,0.019779,0.01512
2006,69,0.010075,0.019026,0.014333
2006,70,0.011634,0.020558,0.015815
2006,71,0.014519,0.023607,0.018729
2006,72,0.015609,0.029498,0.022058
2006,73,0.017546,0.030243,0.023382
2006,74,0.020879,0.032402,0.026086
2006,75,0.021773,0.036406,0.028317
2006,76,0.02832,0.042194,0.034483
2006,77,0.027845,0.043195,0.034517
2006,78,0.031595,0.055641,0.041797
2006,79,0.038324,0.060062,0.047401
2006,80,0.041359,0.065074,0.051057
2006,81,0.048767,0.07429,0.058907
2006,82,0.055956,0.091183,0.069525
2006,83,0.066474,0.097551,0.077946
2006,84,0.0752,0.111268,0.087888
2006,85,0.085923,0.130528,0.101086
2006,86,0.093945,0.137713,0.108493
2006,87,0.106358,0.149846,0.120296
2006,88,0.128924,0.174465,0.142647
2006,89,0.142069,0.177869,0.152294
2006,90,0.171082,0.225683,0.185895
2007,0,0.002903,0.003229,0.00307
2007,1,0.00028,0.000267,0.000273
2007,2,0.00028,0.000168,0.000223
2007,3,7e-05,6.7e-05,6.8e-05
2007,4,7.1e-05,6.8e-05,7e-05
2007,5,0.000106,6.8e-05,8.7e-05
2007,6,3.4e-05,1e-10,1.7e-05
2007,7,0.000101,9.6e-05,9.8e-05
2007,8,0.000101,9.7e-05,9.9e-05
2007,9,6.7e-05,6.4e-05,6.6e-05
2007,10,0.00013,9.2e-05,0.00011
2007,11,6.5e-05,0.000216,0.000143
2007,12,0.000131,0.000185,0.000158
2007,13,0.000131,9.4e-05,0.000112
2007,14,3.3e-05,0.000155,9.6e-05
2007,15,6.5e-05,1e-10,3.2e-05
2007,16,0.00016,0.000455,0.000311
2007,17,0.000193,0.000428,0.000314
2007,18,0.000369,0.00035,0.000359
2007,19,0.000137,0.000821,0.000486
2007,20,0.000395,0.00072,0.000561
2007,21,0.000365,0.000625,0.000499
2007,22,0.000293,0.000916,0.000611
2007,23,0.000366,0.000845,0.00061
2007,24,0.000216,0.000835,0.000531
2007,25,0.000282,0.000933,0.000611
2007,26,0.000382,0.000785,0.000585
2007,27,0.000345,0.001047,0.0007
2007,28,0.000439,0.001062,0.000753
2007,29,0.00031,0.00091,0.000613
2007,30,0.000269,0.000658,0.000466
2007,31,0.00026,0.000827,0.000547
2007,32,0.000435,0.000882,0.00066
2007,33,0.000389,0.000841,0.000619
2007,34,0.000351,0.000758,0.000559
2007,35,0.000568,0.000879,0.000726
2007,36,0.000683,0.000936,0.000811
2007,37,0.000537,0.001116,0.000832
2007,38,0.000664,0.000691,0.000678
2007,39,0.000739,0.000873,0.000807
2007,40,0.000634,0.000986,0.000815
2007,41,0.000752,0.0012,0.000983
2007,42,0.001025,0.001133,0.001081
2007,43,0.000906,0.001585,0.001253
2007,44,0.001199,0.001765,0.001488
2007,45,0.0017,0.002036,0.001872
2007,46,0.001273,0.001793,0.001539
2007,47,0.001466,0.0024,0.001944
2007,48,0.001684,0.002863,0.002286
2007,49,0.001594,0.00296,0.002289
2007,50,0.002339,0.002836,0.002591
2007,51,0.00209,0.003158,0.002632
2007,52,0.002425,0.004235,0.003343
2007,53,0.003006,0.004213,0.003616
2007,54,0.002635,0.004096,0.003374
2007,55,0.003659,0.004365,0.004019
2007,56,0.003352,0.00538,0.004387
2007,57,0.004037,0.005477,0.00477
2007,58,0.003997,0.005793,0.004912
2007,59,0.005298,0.007355,0.006341
2007,60,0.005467,0.008298,0.006896
2007,61,0.005199,0.008752,0.006992
2007,62,0.006331,0.009927,0.008142
2007,63,0.005921,0.010912,0.008428
2007,64,0.007706,0.013113,0.010397
2007,65,0.007673,0.014108,0.01084
2007,66,0.009322,0.015099,0.01215
2007,67,0.009876,0.017107,0.013395
2007,68,0.010292,0.018103,0.014047
2007,69,0.010613,0.020431,0.01529
2007,70,0.013522,0.019752,0.016471
2007,71,0.012955,0.026124,0.019093
2007,72,0.015308,0.027213,0.020788
2007,73,0.018144,0.028472,0.022905
2007,74,0.020814,0.034091,0.026876
2007,75,0.024613,0.03924,0.031171
2007,76,0.02391,0.040273,0.031166
2007,77,0.029427,0.053147,0.039863
2007,78,0.031978,0.052362,0.040732
2007,79,0.036941,0.060672,0.04688
2007,80,0.043291,0.074525,0.056134
2007,81,0.046921,0.076818,0.058932
2007,82,0.05762,0.089619,0.070114
2007,83,0.06566,0.098729,0.078131
2007,84,0.070198,0.107196,0.083558
2007,85,0.089317,0.131501,0.103782
2007,86,0.093148,0.140008,0.108602
2007,87,0.110821,0.162863,0.127571
2007,88,0.118985,0.166713,0.133795
2007,89,0.147486,0.194549,0.161224
2007,90,0.163832,0.213552,0.177524
2008,0,0.002139,0.003297,0.002734
2008,1,0.000207,0.000296,0.000252
2008,2,0.000207,0.00033,0.00027
2008,3,6.9e-05,0.0001,8.5e-05
2008,4,0.000104,3.3e-05,6.8e-05
2008,5,0.000106,0.000136,0.000121
2008,6,7e-05,0.000102,8.6e-05
2008,7,6.8e-05,0.000163,0.000116
2008,8,6.7e-05,9.5e-05,8.1e-05
2008,9,0.000134,3.2e-05,8.2e-05
2008,10,6.7e-05,6.3e-05,6.5e-05
2008,11,3.2e-05,9.1e-05,6.3e-05
2008,12,0.00013,9.2e-05,0.000111
2008,13,9.7e-05,6.1e-05,7.9e-05
2008,14,0.000131,0.000218,0.000175
2008,15,0.000163,0.000247,0.000206
2008,16,9.7e-05,0.000212,0.000157
2008,17,0.000255,0.000512,0.000387
2008,18,0.00032,0.00073,0.00053
2008,19,0.000299,0.000758,0.000534
2008,20,0.000169,0.00117,0.000679
2008,21,0.000141,0.000609,0.00038
2008,22,0.00043,0.000886,0.000664
2008,23,0.000358,0.000792,0.000579
2008,24,0.000285,0.001164,0.000733
2008,25,0.00028,0.000876,0.000583
2008,26,0.000478,0.000801,0.000641
2008,27,0.000202,0.000824,0.000516
2008,28,0.000369,0.000946,0.000661
2008,29,0.000561,0.000835,0.0007
2008,30,0.000371,0.00049,0.000431
2008,31,0.00043,0.000737,0.000586
2008,32,0.000385,0.000744,0.000567
2008,33,0.00046,0.001041,0.000755
2008,34,0.000415,0.000881,0.000653
2008,35,0.000579,0.000827,0.000706
2008,36,0.000479,0.000892,0.00069
2008,37,0.000706,0.00065,0.000677
2008,38,0.000505,0.001342,0.000933
2008,39,0.000743,0.001313,0.001035
2008,40,0.000735,0.00132,0.001035
2008,41,0.000631,0.001301,0.000975
2008,42,0.000922,0.001133,0.001031
2008,43,0.001022,0.001917,0.001484
2008,44,0.000873,0.001884,0.001391
2008,45,0.001073,0.00175,0.00142
2008,46,0.001193,0.001842,0.001527
2008,47,0.001397,0.002082,0.001749
2008,48,0.001814,0.002567,0.0022
2008,49,0.00146,0.002819,0.002155
2008,50,0.002135,0.002854,0.002502
2008,51,0.002116,0.002858,0.002492
2008,52,0.002864,0.003937,0.003408
2008,53,0.002557,0.00433,0.003457
2008,54,0.002777,0.004641,0.00372
2008,55,0.002439,0.004493,0.003479
2008,56,0.003031,0.005091,0.004081
2008,57,0.004104,0.006115,0.00513
2008,58,0.003668,0.006148,0.004929
2008,59,0.004781,0.007003,0.005912
2008,60,0.005255,0.007612,0.006449
2008,61,0.005426,0.008136,0.006792
2008,62,0.006484,0.010044,0.008276
2008,63,0.007196,0.011411,0.009313
2008,64,0.007155,0.01195,0.009558
2008,65,0.008309,0.013067,0.01067
2008,66,0.009226,0.016326,0.012709
2008,67,0.009357,0.016025,0.012609
2008,68,0.010923,0.018044,0.014374
2008,69,0.011434,0.017194,0.014191
2008,70,0.013064,0.02172,0.017169
2008,71,0.01424,0.023393,0.01855
2008,72,0.015729,0.025857,0.020423
2008,73,0.01686,0.030263,0.022996
2008,74,0.019132,0.032608,0.025298
2008,75,0.021207,0.036731,0.028242
2008,76,0.02498,0.041187,0.032183
2008,77,0.028278,0.045943,0.036029
2008,78,0.031611,0.05574,0.042099
2008,79,0.036203,0.0648,0.048309
2008,80,0.041781,0.06801,0.052595
2008,81,0.048693,0.071667,0.057987
2008,82,0.052257,0.08973,0.067067
2008,83,0.063946,0.093436,0.075241
2008,84,0.074632,0.109819,0.087608
2008,85,0.077815,0.120024,0.092682
2008,86,0.096787,0.145915,0.113135
2008,87,0.102132,0.163346,0.121599
2008,88,0.123765,0.175342,0.139805
2008,89,0.122166,0.185822,0.141239
2008,90,0.158659,0.204569,0.171573
2009,0,0.002455,0.003773,0.003133
2009,1,0.000136,0.00029,0.000215
2009,2,0.000136,0.000195,0.000166
2009,3,0.000171,9.8e-05,0.000134
2009,4,0.000138,6.6e-05,0.000101
2009,5,0.000103,0.000197,0.000151
2009,6,7e-05,0.000135,0.000103
2009,7,0.00014,0.000101,0.00012
2009,8,1e-10,3.2e-05,1.7e-05
2009,9,0.000166,0.000126,0.000145
2009,10,6.7e-05,9.5e-05,8.1e-05
2009,11,9.9e-05,6.3e-05,8.1e-05
2009,12,6.4e-05,0.000182,0.000125
2009,13,9.7e-05,3e-05,6.3e-05
2009,14,0.000161,9.1e-05,0.000125
2009,15,6.5e-05,0.000124,9.5e-05
2009,16,0.000227,0.000398,0.000315
2009,17,0.000354,0.000511,0.000435
2009,18,0.000253,0.000717,0.000491
2009,19,0.00038,0.000844,0.000618
2009,20,0.000393,0.000846,0.000625
2009,21,0.000266,0.000674,0.000474
2009,22,0.000138,0.000667,0.000407
2009,23,0.000349,0.0005,0.000426
2009,24,0.000243,0.000973,0.000614
2009,25,0.000378,0.000764,0.000574
2009,26,0.000271,0.000587,0.000432
2009,27,0.000298,0.000971,0.000638
2009,28,0.000426,0.001088,0.000761
2009,29,0.000458,0.000982,0.000724
2009,30,0.00042,0.000688,0.000556
2009,31,0.000232,0.001149,0.000699
2009,32,0.000554,0.000971,0.000767
2009,33,0.000316,0.000761,0.000543
2009,34,0.000363,0.000906,0.00064
2009,35,0.000528,0.000952,0.000745
2009,36,0.000488,0.001198,0.000852
2009,37,0.000447,0.001014,0.000737
2009,38,0.000785,0.000991,0.00089
2009,39,0.000641,0.00109,0.000871
2009,40,0.000547,0.001145,0.000853
2009,41,0.000506,0.00155,0.001041
2009,42,0.000827,0.001506,0.001176
2009,43,0.001004,0.00185,0.001441
2009,44,0.000959,0.00147,0.001223
2009,45,0.001138,0.001674,0.001413
2009,46,0.001589,0.001653,0.001622
2009,47,0.001502,0.002012,0.001765
2009,48,0.001553,0.002525,0.002052
2009,49,0.001525,0.002621,0.002088
2009,50,0.002124,0.002931,0.002537
2009,51,0.002484,0.003096,0.002796
2009,52,0.002629,0.003762,0.003204
2009,53,0.002575,0.003939,0.003267
2009,54,0.00348,0.004498,0.003996
2009,55,0.002578,0.005013,0.003809
2009,56,0.003246,0.005199,0.004233
2009,57,0.003321,0.005893,0.00463
2009,58,0.00426,0.006458,0.00538
2009,59,0.004205,0.007404,0.005829
2009,60,0.00438,0.008,0.00622
2009,61,0.004798,0.008342,0.00659
2009,62,0.006357,0.009883,0.008132
2009,63,0.007215,0.01009,0.00866
2009,64,0.007357,0.011322,0.009344
2009,65,0.007933,0.012139,0.010036
2009,66,0.008381,0.014511,0.011414
2009,67,0.00936,0.016481,0.012841
2009,68,0.00934,0.017689,0.013394
2009,69,0.012261,0.018656,0.015348
2009,70,0.013326,0.017828,0.015472
2009,71,0.013862,0.023674,0.018494
2009,72,0.014061,0.024378,0.018891
2009,73,0.016439,0.030222,0.022792
2009,74,0.018393,0.032146,0.024642
2009,75,0.022178,0.035688,0.028315
2009,76,0.02303,0.038083,0.029803
2009,77,0.027195,0.045655,0.035319
2009,78,0.028278,0.053998,0.039432
2009,79,0.036467,0.054079,0.044012
2009,80,0.042464,0.063814,0.051375
2009,81,0.047365,0.072143,0.057437
2009,82,0.052712,0.083659,0.065003
2009,83,0.06395,0.095557,0.076235
2009,84,0.070433,0.100235,0.08163
2009,85,0.084257,0.125863,0.099238
2009,86,0.089782,0.131663,0.104111
2009,87,0.108737,0.150186,0.12207
2009,88,0.119339,0.164162,0.133121
2009,89,0.142396,0.185264,0.155255
2009,90,0.13861,0.213629,0.160141
2010,0,0.002456,0.003052,0.002762
2010,1,0.000398,0.000156,0.000274
2010,2,1e-10,9.6e-05,4.9e-05
2010,3,0.000101,0.000129,0.000115
2010,4,6.8e-05,3.2e-05,5e-05
2010,5,0.000103,6.5e-05,8.4e-05
2010,6,3.4e-05,9.8e-05,6.7e-05
2010,7,0.000139,6.7e-05,0.000102
2010,8,3.5e-05,0.000134,8.5e-05
2010,9,0.000168,9.6e-05,0.000131
2010,10,3.3e-05,0.000125,8e-05
2010,11,3.3e-05,3.2e-05,3.2e-05
2010,12,1e-10,0.000157,8e-05
2010,13,0.000127,0.000151,0.000139
2010,14,3.2e-05,0.000242,0.00014
2010,15,0.000161,0.000121,0.00014
2010,16,0.000161,0.000306,0.000236
2010,17,0.000258,0.000332,0.000296
2010,18,0.000415,0.000416,0.000416
2010,19,0.000281,0.000651,0.000471
2010,20,0.000312,0.001164,0.000747
2010,21,0.000354,0.000587,0.000473
2010,22,0.000519,0.00079,0.000656
2010,23,0.000336,0.000684,0.000513
2010,24,0.000236,0.000811,0.000529
2010,25,0.000335,0.000879,0.000611
2010,26,0.000299,0.00103,0.00067
2010,27,9.8e-05,0.000822,0.000467
2010,28,0.000258,0.001164,0.000716
2010,29,0.000736,0.000779,0.000758
2010,30,0.000321,0.000836,0.000583
2010,31,0.000382,0.000858,0.000624
2010,32,0.000327,0.000563,0.000448
2010,33,0.000354,0.000769,0.000566
2010,34,0.000437,0.000989,0.000719
2010,35,0.000449,0.000838,0.000647
2010,36,0.000465,0.000913,0.000694
2010,37,0.000455,0.000809,0.000637
2010,38,0.000693,0.0009,0.000799
2010,39,0.00039,0.00085,0.000625
2010,40,0.000748,0.001267,0.001014
2010,41,0.000489,0.001164,0.000835
2010,42,0.001118,0.001115,0.001117
2010,43,0.00088,0.001525,0.001212
2010,44,0.001,0.001601,0.001311
2010,45,0.00084,0.001735,0.001302
2010,46,0.001285,0.001695,0.001495
2010,47,0.001431,0.002228,0.00184
2010,48,0.001437,0.002391,0.001927
2010,49,0.001868,0.002675,0.002282
2010,50,0.002094,0.002648,0.002378
2010,51,0.002345,0.003444,0.002908
2010,52,0.002517,0.003619,0.003078
2010,53,0.002824,0.003702,0.00327
2010,54,0.002675,0.004136,0.003416
2010,55,0.003089,0.005216,0.004167
2010,56,0.003253,0.005396,0.004335
2010,57,0.003722,0.004956,0.004346
2010,58,0.004465,0.00647,0.005485
2010,59,0.004307,0.007116,0.005736
2010,60,0.0051,0.0068,0.005962
2010,61,0.005351,0.008403,0.0069
2010,62,0.006202,0.009529,0.007882
2010,63,0.006229,0.010919,0.008585
2010,64,0.007261,0.011641,0.009457
2010,65,0.008962,0.013655,0.011308
2010,66,0.008074,0.014794,0.011423
2010,67,0.009883,0.015729,0.012766
2010,68,0.010611,0.017792,0.014107
2010,69,0.010309,0.01726,0.013671
2010,70,0.012021,0.020041,0.015878
2010,71,0.013052,0.024821,0.018638
2010,72,0.015263,0.023511,0.019134
2010,73,0.018742,0.027591,0.02286
2010,74,0.018944,0.029112,0.023602
2010,75,0.021962,0.037204,0.028837
2010,76,0.024859,0.040408,0.031871
2010,77,0.025979,0.045787,0.034799
2010,78,0.029374,0.049371,0.038076
2010,79,0.034103,0.053254,0.042311
2010,80,0.041342,0.063829,0.050868
2010,81,0.045367,0.072872,0.056689
2010,82,0.048481,0.081865,0.061793
2010,83,0.062397,0.092767,0.07424
2010,84,0.067428,0.10359,0.081196
2010,85,0.079865,0.114914,0.092748
2010,86,0.083933,0.130144,0.100142
2010,87,0.103355,0.142327,0.116306
2010,88,0.120689,0.158851,0.132661
2010,89,0.132093,0.183197,0.147332
2010,90,0.156759,0.211856,0.172709
2011,0,0.00168,0.002928,0.002321
2011,1,0.000229,0.000217,0.000223
2011,2,6.6e-05,6.2e-05,6.4e-05
2011,3,0.000167,9.5e-05,0.00013
2011,4,0.000101,0.00016,0.000131
2011,5,6.8e-05,0.000161,0.000115
2011,6,6.8e-05,3.3e-05,5e-05
2011,7,3.4e-05,6.5e-05,5e-05
2011,8,6.9e-05,0.0002,0.000136
2011,9,1e-10,1e-10,1e-10
2011,10,0.000167,3.2e-05,9.8e-05
2011,11,0.000164,9.3e-05,0.000128
2011,12,6.6e-05,3.1e-05,4.8e-05
2011,13,0.000131,0.000187,0.00016
2011,14,0.000127,9e-05,0.000108
2011,15,0.000256,0.000211,0.000233
2011,16,0.000223,0.000389,0.000309
2011,17,0.000514,0.000603,0.00056
2011,18,0.000577,0.000955,0.000773
2011,19,0.000252,0.000706,0.000487
2011,20,0.000369,0.000614,0.000495
2011,21,0.000336,0.001058,0.000705
2011,22,0.000219,0.000907,0.00057
2011,23,0.000157,0.000738,0.000451
2011,24,0.000195,0.00063,0.000416
2011,25,0.000358,0.000595,0.000479
2011,26,0.000258,0.000659,0.000462
2011,27,0.000225,0.000869,0.000553
2011,28,0.000287,0.000948,0.000624
2011,29,0.000472,0.000671,0.000573
2011,30,0.000313,0.00094,0.000632
2011,31,0.000347,0.001117,0.000741
2011,32,0.000534,0.001017,0.000781
2011,33,0.000451,0.000857,0.000659
2011,34,0.000476,0.000845,0.000665
2011,35,0.000402,0.001178,0.000799
2011,36,0.000504,0.001052,0.000784
2011,37,0.000518,0.000847,0.000687
2011,38,0.000311,0.000746,0.000535
2011,39,0.000716,0.001204,0.000966
2011,40,0.000581,0.001237,0.000917
2011,41,0.000743,0.00136,0.00106
2011,42,0.000595,0.001155,0.000882
2011,43,0.000863,0.001609,0.001246
2011,44,0.000763,0.001329,0.001055
2011,45,0.001253,0.001806,0.001539
2011,46,0.001096,0.002157,0.001644
2011,47,0.0014,0.002308,0.001867
2011,48,0.001642,0.002276,0.001967
2011,49,0.001715,0.002827,0.002287
2011,50,0.001612,0.002819,0.002231
2011,51,0.002442,0.002885,0.002669
2011,52,0.001933,0.00329,0.002628
2011,53,0.002136,0.003863,0.003016
2011,54,0.003244,0.003674,0.003462
2011,55,0.003131,0.004896,0.004026
2011,56,0.003423,0.004877,0.004159
2011,57,0.004642,0.005681,0.005166
2011,58,0.003734,0.006197,0.004978
2011,59,0.004623,0.006717,0.005687
2011,60,0.004826,0.007539,0.006205
2011,61,0.005584,0.00733,0.006468
2011,62,0.006055,0.009271,0.007684
2011,63,0.006102,0.009426,0.007776
2011,64,0.006908,0.01063,0.008774
2011,65,0.006623,0.012342,0.009483
2011,66,0.007963,0.013885,0.010914
2011,67,0.009085,0.015607,0.012324
2011,68,0.010208,0.014829,0.01248
2011,69,0.010417,0.019466,0.014806
2011,70,0.011238,0.018473,0.014722
2011,71,0.012062,0.023267,0.017424
2011,72,0.014019,0.024009,0.018736
2011,73,0.01556,0.029942,0.022273
2011,74,0.017433,0.029907,0.023199
2011,75,0.02004,0.037316,0.027896
2011,76,0.024447,0.036208,0.029713
2011,77,0.026562,0.044043,0.034376
2011,78,0.029427,0.047126,0.037227
2011,79,0.035361,0.058124,0.045154
2011,80,0.038781,0.059061,0.047384
2011,81,0.043313,0.07303,0.055718
2011,82,0.052493,0.075862,0.061958
2011,83,0.058164,0.085952,0.069067
2011,84,0.064285,0.112969,0.082848
2011,85,0.075964,0.113656,0.089984
2011,86,0.094456,0.130261,0.107322
2011,87,0.099322,0.151051,0.116915
2011,88,0.112752,0.156637,0.126935
2011,89,0.135416,0.18012,0.148975
2011,90,0.155188,0.193158,0.16614
2012,0,0.002141,0.002798,0.002479
2012,1,0.000298,0.000251,0.000274
2012,2,0.000129,9.2e-05,0.00011
2012,3,6.5e-05,0.000153,0.00011
2012,4,9.9e-05,1e-10,4.8e-05
2012,5,6.7e-05,0.000222,0.000146
2012,6,3.4e-05,1e-10,1.6e-05
2012,7,6.8e-05,6.5e-05,6.6e-05
2012,8,0.000101,9.7e-05,9.9e-05
2012,9,0.000137,3.3e-05,8.4e-05
2012,10,0.000137,0.000132,0.000135
2012,11,0.000133,9.5e-05,0.000114
2012,12,6.5e-05,9.3e-05,7.9e-05
2012,13,0.000197,6.2e-05,0.000128
2012,14,9.8e-05,0.000217,0.000159
2012,15,0.000126,0.000178,0.000153
2012,16,0.000222,0.000269,0.000246
2012,17,0.000158,0.000208,0.000184
2012,18,0.000127,0.000539,0.000339
2012,19,0.000127,0.000296,0.000214
2012,20,0.00028,0.000669,0.000481
2012,21,0.000212,0.000692,0.000458
2012,22,0.000209,0.000721,0.00047
2012,23,9.2e-05,0.000501,0.0003
2012,24,0.000183,0.000567,0.000377
2012,25,0.000219,0.00082,0.000524
2012,26,0.000377,0.000633,0.000507
2012,27,0.000156,0.000575,0.000369
2012,28,0.00025,0.000659,0.000459
2012,29,0.000249,0.000651,0.000455
2012,30,0.000308,0.001036,0.000679
2012,31,0.00034,0.000648,0.000497
2012,32,0.000249,0.000911,0.000589
2012,33,0.000186,0.000729,0.000465
2012,34,0.00035,0.000867,0.000616
2012,35,0.000345,0.000767,0.000562
2012,36,0.000489,0.000983,0.000743
2012,37,0.000647,0.000783,0.000717
2012,38,0.000514,0.001159,0.000846
2012,39,0.00042,0.001236,0.000841
2012,40,0.000465,0.00101,0.000745
2012,41,0.000853,0.001433,0.001151
2012,42,0.000876,0.000985,0.000932
2012,43,0.000942,0.001299,0.001126
2012,44,0.000776,0.00131,0.00105
2012,45,0.000902,0.001719,0.001323
2012,46,0.001447,0.001903,0.001683
2012,47,0.001409,0.002041,0.001736
2012,48,0.001397,0.001934,0.001673
2012,49,0.001608,0.001895,0.001755
2012,50,0.001868,0.002822,0.002359
2012,51,0.001768,0.003023,0.002412
2012,52,0.001838,0.003752,0.002821
2012,53,0.002314,0.00392,0.003137
2012,54,0.002903,0.003833,0.003377
2012,55,0.002927,0.004458,0.003705
2012,56,0.00388,0.004528,0.004208
2012,57,0.003102,0.005087,0.004107
2012,58,0.003238,0.005672,0.004466
2012,59,0.004118,0.006895,0.005519
2012,60,0.00532,0.007764,0.00656
2012,61,0.004522,0.009337,0.006965
2012,62,0.005793,0.008615,0.00722
2012,63,0.005947,0.009779,0.007885
2012,64,0.007048,0.010796,0.008933
2012,65,0.007807,0.011028,0.009418
2012,66,0.007999,0.01394,0.010962
2012,67,0.009187,0.015554,0.012348
2012,68,0.010984,0.015774,0.013355
2012,69,0.011307,0.016301,0.013755
2012,70,0.011928,0.018614,0.015158
2012,71,0.014706,0.021871,0.018142
2012,72,0.016253,0.025331,0.020576
2012,73,0.016415,0.025785,0.020816
2012,74,0.019207,0.026307,0.0225
2012,75,0.021706,0.033123,0.026951
2012,76,0.022633,0.033951,0.02774
2012,77,0.025964,0.041618,0.032924
2012,78,0.03201,0.048674,0.039389
2012,79,0.033636,0.056353,0.043529
2012,80,0.037922,0.060084,0.047362
2012,81,0.044849,0.068927,0.054912
2012,82,0.051643,0.082729,0.064421
2012,83,0.064511,0.092754,0.07576
2012,84,0.064884,0.101437,0.078887
2012,85,0.075239,0.111208,0.088631
2012,86,0.091665,0.124104,0.10348
2012,87,0.099993,0.142328,0.114825
2012,88,0.12019,0.157173,0.132378
2012,89,0.127603,0.185445,0.145768
2012,90,0.168013,0.216943,0.182333
2013,0,0.002695,0.002213,0.002448
2013,1,0.000268,0.000222,0.000244
2013,2,6.5e-05,0.000124,9.5e-05
2013,3,0.000128,3e-05,7.8e-05
2013,4,6.4e-05,9.1e-05,7.8e-05
2013,5,9.8e-05,6.2e-05,8e-05
2013,6,3.3e-05,9.4e-05,6.4e-05
2013,7,6.7e-05,1e-10,3.3e-05
2013,8,6.7e-05,9.6e-05,8.2e-05
2013,9,6.7e-05,6.4e-05,6.5e-05
2013,10,6.8e-05,6.6e-05,6.7e-05
2013,11,6.8e-05,9.9e-05,8.4e-05
2013,12,1e-10,9.5e-05,4.8e-05
2013,13,3.2e-05,3.1e-05,3.1e-05
2013,14,3.3e-05,3.1e-05,3.2e-05
2013,15,6.5e-05,9.2e-05,7.9e-05
2013,16,6.3e-05,0.000206,0.000137
2013,17,0.000252,0.000384,0.00032
2013,18,0.000283,0.000559,0.000426
2013,19,0.000315,0.000504,0.000413
2013,20,0.000219,0.000614,0.000423
2013,21,0.000245,0.000402,0.000326
2013,22,0.000208,0.000709,0.000464
2013,23,0.000205,0.000451,0.00033
2013,24,0.000238,0.000862,0.000555
2013,25,0.000266,0.000694,0.000482
2013,26,0.000182,0.000647,0.000418
2013,27,0.000182,0.000787,0.000491
2013,28,0.000304,0.000587,0.000448
2013,29,0.000152,0.000871,0.00052
2013,30,0.000274,0.00069,0.000488
2013,31,0.000273,0.000721,0.000503
2013,32,0.000334,0.000633,0.000488
2013,33,0.000429,0.000719,0.000579
2013,34,0.000367,0.001114,0.000753
2013,35,0.000533,0.000939,0.000743
2013,36,0.00062,0.001017,0.000825
2013,37,0.000454,0.000799,0.000632
2013,38,0.000496,0.001024,0.000767
2013,39,0.000594,0.001013,0.00081
2013,40,0.000779,0.00099,0.000888
2013,41,0.000817,0.001387,0.00111
2013,42,0.000739,0.001475,0.001117
2013,43,0.0006,0.001391,0.001007
2013,44,0.001127,0.001419,0.001277
2013,45,0.000995,0.001305,0.001154
2013,46,0.001209,0.001503,0.001361
2013,47,0.001415,0.001766,0.001597
2013,48,0.001177,0.002413,0.001816
2013,49,0.001543,0.002547,0.00206
2013,50,0.001819,0.002556,0.002197
2013,51,0.002147,0.002733,0.002449
2013,52,0.002684,0.002905,0.002797
2013,53,0.001965,0.003394,0.002699
2013,54,0.002854,0.004349,0.00362
2013,55,0.003513,0.004708,0.004121
2013,56,0.002997,0.004411,0.003715
2013,57,0.003144,0.005843,0.004511
2013,58,0.002978,0.006446,0.004731
2013,59,0.004941,0.007443,0.0062
2013,60,0.004474,0.007281,0.005888
2013,61,0.004767,0.008283,0.006547
2013,62,0.006026,0.008547,0.007302
2013,63,0.006434,0.009404,0.007933
2013,64,0.006632,0.009987,0.008326
2013,65,0.006642,0.011299,0.008979
2013,66,0.008786,0.013538,0.011156
2013,67,0.009056,0.014549,0.011786
2013,68,0.010677,0.015809,0.013217
2013,69,0.0109,0.017744,0.014279
2013,70,0.011052,0.017344,0.014125
2013,71,0.012801,0.020034,0.016283
2013,72,0.016166,0.023241,0.019544
2013,73,0.015159,0.025973,0.020282
2013,74,0.018512,0.030926,0.02431
2013,75,0.02157,0.030311,0.025605
2013,76,0.023632,0.038507,0.03042
2013,77,0.023748,0.04047,0.03123
2013,78,0.03065,0.048259,0.038406
2013,79,0.033976,0.052504,0.042093
2013,80,0.038671,0.058842,0.047357
2013,81,0.046171,0.067018,0.05494
2013,82,0.047963,0.07832,0.060462
2013,83,0.049757,0.086007,0.06441
2013,84,0.064738,0.103793,0.079925
2013,85,0.080141,0.10689,0.09018
2013,86,0.089187,0.125524,0.102432
2013,87,0.09997,0.135737,0.11272
2013,88,0.110252,0.144905,0.122093
2013,89,0.130126,0.184895,0.147658
2013,90,0.146245,0.190169,0.159613
2014,0,0.002207,0.002621,0.00242
2014,1,6.7e-05,0.000257,0.000164
2014,2,9.9e-05,0.000157,0.000129
2014,3,3.2e-05,0.000123,7.9e-05
2014,4,0.000127,6e-05,9.3e-05
2014,5,6.4e-05,0.000211,0.00014
2014,6,3.3e-05,9.2e-05,6.3e-05
2014,7,3.3e-05,9.4e-05,6.4e-05
2014,8,9.9e-05,6.3e-05,8.1e-05
2014,9,3.3e-05,6.4e-05,4.9e-05
2014,10,1e-10,9.5e-05,4.9e-05
2014,11,3.4e-05,9.8e-05,6.7e-05
2014,12,3.4e-05,9.8e-05,6.7e-05
2014,13,9.8e-05,9.4e-05,9.6e-05
2014,14,3.2e-05,9.2e-05,6.3e-05
2014,15,0.000162,0.000123,0.000142
2014,16,0.000129,0.000213,0.000172
2014,17,0.000155,0.000262,0.00021
2014,18,0.000157,0.000264,0.000212
2014,19,0.000156,0.000438,0.000302
2014,20,9.4e-05,0.000441,0.000272
2014,21,0.000154,0.000548,0.000358
2014,22,0.000271,0.000594,0.000438
2014,23,0.000319,0.000806,0.000568
2014,24,0.000171,0.000468,0.000322
2014,25,0.00026,0.000644,0.000455
2014,26,0.000287,0.000506,0.000398
2014,27,0.000148,0.000942,0.000551
2014,28,0.000119,0.000624,0.000377
2014,29,0.000119,0.000913,0.000524
2014,30,0.000239,0.000709,0.00048
2014,31,0.00042,0.000816,0.000625
2014,32,0.000359,0.001019,0.000699
2014,33,0.00027,0.000481,0.000379
2014,34,0.000455,0.000792,0.000629
2014,35,0.000272,0.000986,0.000641
2014,36,0.000342,0.000522,0.000435
2014,37,0.000645,0.001236,0.00095
2014,38,0.000421,0.000959,0.000699
2014,39,0.000405,0.001397,0.000915
2014,40,0.000422,0.001084,0.000763
2014,41,0.000664,0.000905,0.000789
2014,42,0.000677,0.001098,0.000894
2014,43,0.000681,0.001262,0.00098
2014,44,0.000897,0.001412,0.001162
2014,45,0.000963,0.001743,0.001364
2014,46,0.00102,0.001562,0.001299
2014,47,0.001319,0.00142,0.001371
2014,48,0.001243,0.002237,0.001758
2014,49,0.001835,0.00217,0.002008
2014,50,0.001987,0.002408,0.002203
2014,51,0.002243,0.003162,0.002715
2014,52,0.002148,0.002943,0.002557
2014,53,0.0024,0.003331,0.002878
2014,54,0.002728,0.004004,0.003383
2014,55,0.00308,0.004032,0.003567
2014,56,0.003072,0.005191,0.00415
2014,57,0.003296,0.004843,0.00408
2014,58,0.00338,0.00521,0.004306
2014,59,0.003883,0.005276,0.004586
2014,60,0.004586,0.007228,0.005914
2014,61,0.004423,0.007304,0.005872
2014,62,0.005581,0.00867,0.007142
2014,63,0.005334,0.008524,0.006946
2014,64,0.006292,0.009745,0.008031
2014,65,0.007182,0.010735,0.008972
2014,66,0.008817,0.012214,0.010518
2014,67,0.008549,0.012784,0.010655
2014,68,0.009209,0.015138,0.012146
2014,69,0.010509,0.017322,0.01387
2014,70,0.010799,0.0182,0.014438
2014,71,0.012763,0.019739,0.016158
2014,72,0.013499,0.022655,0.017888
2014,73,0.014853,0.025507,0.019914
2014,74,0.015906,0.028893,0.022017
2014,75,0.019024,0.032885,0.025457
2014,76,0.022851,0.034723,0.028299
2014,77,0.025261,0.040021,0.03194
2014,78,0.02802,0.042931,0.034634
2014,79,0.032049,0.049904,0.039842
2014,80,0.035312,0.05539,0.044011
2014,81,0.044968,0.065971,0.053905
2014,82,0.044207,0.074644,0.056819
2014,83,0.057027,0.079426,0.066099
2014,84,0.06476,0.093007,0.075967
2014,85,0.075006,0.104117,0.086115
2014,86,0.081107,0.112568,0.092696
2014,87,0.093117,0.137048,0.108752
2014,88,0.108589,0.147231,0.122015
2014,89,0.124937,0.161977,0.137276
2014,90,0.14214,0.202837,0.160985
2015,0,0.002048,0.002623,0.002344
2015,1,0.000204,0.000194,0.000199
2015,2,0.000133,0.000159,0.000147
2015,3,3.3e-05,0.000155,9.6e-05
2015,4,3.2e-05,0.000122,7.8e-05
2015,5,6.3e-05,6e-05,6.1e-05
2015,6,1e-10,6e-05,3.1e-05
2015,7,1e-10,0.000123,6.3e-05
2015,8,1e-10,1e-10,1e-10
2015,9,1e-10,1e-10,1e-10
2015,10,1e-10,0.000159,8.1e-05
2015,11,6.6e-05,1e-10,3.2e-05
2015,12,0.000101,9.7e-05,9.9e-05
2015,13,0.000135,6.5e-05,9.9e-05
2015,14,3.3e-05,6.2e-05,4.8e-05
2015,15,6.4e-05,0.000151,0.000109
2015,16,9.6e-05,9.1e-05,9.4e-05
2015,17,9.6e-05,0.00018,0.000139
2015,18,0.000247,0.000463,0.000358
2015,19,0.000186,0.000524,0.000361
2015,20,0.000154,0.000376,0.000269
2015,21,0.000154,0.000579,0.000373
2015,22,0.000243,0.000626,0.000441
2015,23,0.000237,0.000501,0.000373
2015,24,0.000256,0.0006,0.000432
2015,25,0.000251,0.000674,0.000466
2015,26,0.000338,0.000518,0.00043
2015,27,0.000477,0.000658,0.000569
2015,28,0.000232,0.000698,0.000469
2015,29,0.000291,0.000638,0.000469
2015,30,0.000293,0.000559,0.000429
2015,31,0.000325,0.000641,0.000487
2015,32,0.000357,0.000749,0.00056
2015,33,0.000297,0.000866,0.00059
2015,34,0.000238,0.000699,0.000476
2015,35,0.00039,0.000755,0.000579
2015,36,0.00051,0.000698,0.000607
2015,37,0.000463,0.000689,0.00058
2015,38,0.000458,0.000797,0.000633
2015,39,0.000538,0.000588,0.000564
2015,40,0.000691,0.001306,0.001007
2015,41,0.000672,0.001131,0.000908
2015,42,0.000441,0.001056,0.000759
2015,43,0.000567,0.001197,0.000891
2015,44,0.000951,0.001362,0.001162
2015,45,0.000948,0.001384,0.001172
2015,46,0.001443,0.001312,0.001376
2015,47,0.000936,0.00182,0.00139
2015,48,0.00098,0.001787,0.001397
2015,49,0.001469,0.002342,0.001921
2015,50,0.001604,0.002252,0.001939
2015,51,0.001898,0.002609,0.002263
2015,52,0.001606,0.002736,0.002185
2015,53,0.002087,0.003835,0.002985
2015,54,0.002561,0.003491,0.003038
2015,55,0.003178,0.004019,0.003609
2015,56,0.003374,0.004325,0.00386
2015,57,0.003111,0.004566,0.00385
2015,58,0.0035,0.005122,0.004321
2015,59,0.003683,0.006102,0.004904
2015,60,0.004298,0.00636,0.005338
2015,61,0.00515,0.007789,0.006474
2015,62,0.005471,0.007778,0.006629
2015,63,0.005248,0.008328,0.006801
2015,64,0.005986,0.009646,0.007832
2015,65,0.006042,0.009815,0.007938
2015,66,0.007126,0.011437,0.009293
2015,67,0.007744,0.012268,0.010004
2015,68,0.009179,0.015308,0.012218
2015,69,0.010448,0.016271,0.013323
2015,70,0.011369,0.018047,0.01465
2015,71,0.013526,0.019691,0.016548
2015,72,0.013797,0.021711,0.017631
2015,73,0.014598,0.023711,0.018945
2015,74,0.017172,0.029113,0.022811
2015,75,0.019533,0.029818,0.024341
2015,76,0.021427,0.033918,0.027186
2015,77,0.02512,0.039204,0.031539
2015,78,0.027672,0.043545,0.034799
2015,79,0.035128,0.045418,0.039658
2015,80,0.037238,0.05641,0.04553
2015,81,0.043615,0.061882,0.051441
2015,82,0.049002,0.073253,0.059182
2015,83,0.055062,0.085607,0.06751
2015,84,0.057247,0.089658,0.070159
2015,85,0.070789,0.112034,0.086824
2015,86,0.084402,0.114383,0.095593
2015,87,0.093705,0.129855,0.106736
2015,88,0.107719,0.153141,0.123455
2015,89,0.129019,0.16948,0.14271
2015,90,0.149766,0.20121,0.166314
2016,0,0.001974,0.002311,0.002148
2016,1,0.00024,0.00013,0.000184
2016,2,0.000203,6.4e-05,0.000132
2016,3,6.6e-05,3.2e-05,4.9e-05
2016,4,1e-10,9.3e-05,4.8e-05
2016,5,3.2e-05,6.1e-05,4.7e-05
2016,6,6.3e-05,3e-05,4.6e-05
2016,7,6.3e-05,8.9e-05,7.7e-05
2016,8,1e-10,1e-10,1e-10
2016,9,3.2e-05,1e-10,1.6e-05
2016,10,6.5e-05,6.2e-05,6.4e-05
2016,11,6.6e-05,1e-10,3.2e-05
2016,12,3.3e-05,0.000157,9.6e-05
2016,13,6.7e-05,0.000193,0.000131
2016,14,0.000101,0.000225,0.000164
2016,15,0.000259,0.000123,0.000189
2016,16,0.000158,0.000238,0.000199
2016,17,0.000223,0.000179,0.0002
2016,18,0.00019,0.000593,0.000398
2016,19,0.000215,0.000372,0.000296
2016,20,0.000463,0.000431,0.000447
2016,21,9.2e-05,0.000371,0.000236
2016,22,0.000183,0.000486,0.000339
2016,23,0.00021,0.000561,0.000391
2016,24,0.000204,0.000438,0.000325
2016,25,0.000196,0.00051,0.000356
2016,26,0.000301,0.00066,0.000484
2016,27,0.000304,0.000777,0.000545
2016,28,0.000277,0.000432,0.000355
2016,29,0.000228,0.00066,0.000448
2016,30,0.000259,0.000684,0.000477
2016,31,0.000406,0.000747,0.000581
2016,32,0.000411,0.000882,0.000654
2016,33,0.000355,0.000991,0.000684
2016,34,0.000295,0.000695,0.000501
2016,35,0.000355,0.001113,0.000745
2016,36,0.000477,0.001002,0.000749
2016,37,0.000328,0.000694,0.000518
2016,38,0.000521,0.00083,0.000681
2016,39,0.000577,0.00088,0.000734
2016,40,0.000417,0.000782,0.000605
2016,41,0.000659,0.001141,0.000907
2016,42,0.000948,0.00105,0.001001
2016,43,0.000659,0.001209,0.000943
2016,44,0.000726,0.001299,0.00102
2016,45,0.000758,0.001517,0.001147
2016,46,0.00111,0.001383,0.00125
2016,47,0.001147,0.001995,0.001583
2016,48,0.001237,0.001927,0.001591
2016,49,0.001036,0.002107,0.001588
2016,50,0.001467,0.002374,0.001936
2016,51,0.001977,0.002151,0.002067
2016,52,0.002135,0.003067,0.002613
2016,53,0.002001,0.003614,0.002827
2016,54,0.002464,0.003646,0.00307
2016,55,0.003103,0.00381,0.003465
2016,56,0.002613,0.003615,0.003126
2016,57,0.003222,0.005176,0.004219
2016,58,0.003732,0.005092,0.004422
2016,59,0.003706,0.005825,0.004776
2016,60,0.00435,0.006532,0.00545
2016,61,0.004785,0.007702,0.006253
2016,62,0.005176,0.007798,0.006489
2016,63,0.005674,0.008473,0.007076
2016,64,0.006481,0.009308,0.007904
2016,65,0.006907,0.011132,0.009033
2016,66,0.008086,0.011708,0.009902
2016,67,0.008349,0.01331,0.010835
2016,68,0.00943,0.014047,0.011729
2016,69,0.01166,0.016303,0.013955
2016,70,0.010664,0.016407,0.01349
2016,71,0.012743,0.019137,0.015873
2016,72,0.012317,0.021965,0.017025
2016,73,0.015503,0.023465,0.019342
2016,74,0.017438,0.026099,0.021551
2016,75,0.018481,0.028926,0.023388
2016,76,0.020564,0.032332,0.02603
2016,77,0.024837,0.035992,0.029947
2016,78,0.030492,0.038391,0.034067
2016,79,0.032948,0.045813,0.038685
2016,80,0.036596,0.05035,0.042602
2016,81,0.041425,0.058422,0.048702
2016,82,0.046692,0.070685,0.056848
2016,83,0.056547,0.078176,0.065496
2016,84,0.059991,0.089432,0.07179
2016,85,0.066193,0.096408,0.077981
2016,86,0.082221,0.120432,0.096732
2016,87,0.093864,0.136333,0.10934
2016,88,0.109908,0.150991,0.12433
2016,89,0.12363,0.158566,0.135437
2016,90,0.143372,0.179243,0.155181
2017,0,0.002244,0.002241,0.002242
2017,1,6.9e-05,0.000225,0.000149
2017,2,0.000136,0.000193,0.000165
2017,3,6.7e-05,0.00016,0.000115
2017,4,0.000132,9.5e-05,0.000113
2017,5,0.000163,6.2e-05,0.000111
2017,6,6.4e-05,9.1e-05,7.8e-05
2017,7,3.1e-05,5.9e-05,4.6e-05
2017,8,6.3e-05,1e-10,3.1e-05
2017,9,3.2e-05,6.1e-05,4.7e-05
2017,10,1e-10,9.2e-05,4.7e-05
2017,11,3.2e-05,6.2e-05,4.8e-05
2017,12,6.5e-05,0.000125,9.6e-05
2017,13,0.000163,1e-10,8e-05
2017,14,0.0002,9.6e-05,0.000147
2017,15,0.0001,0.000222,0.000163
2017,16,0.000161,0.000303,0.000234
2017,17,0.000252,0.000175,0.000212
2017,18,0.000127,0.000264,0.000198
2017,19,0.000126,0.000558,0.00035
2017,20,0.000122,0.000596,0.000367
2017,21,0.000184,0.000569,0.000383
2017,22,0.000181,0.000987,0.000598
2017,23,0.00018,0.00048,0.000335
2017,24,8.9e-05,0.000637,0.000371
2017,25,0.000257,0.000405,0.000333
2017,26,0.000247,0.000581,0.000417
2017,27,0.000269,0.000782,0.00053
2017,28,0.000191,0.000608,0.000403
2017,29,0.000356,0.000347,0.000351
2017,30,0.000396,0.000463,0.00043
2017,31,0.000172,0.000842,0.000516
2017,32,0.000173,0.000576,0.00038
2017,33,0.000379,0.000467,0.000424
2017,34,0.000294,0.000878,0.000596
2017,35,0.000499,0.000416,0.000456
2017,36,0.000235,0.000693,0.000471
2017,37,0.000356,0.000778,0.000574
2017,38,0.000534,0.000861,0.000703
2017,39,0.000641,0.000829,0.000738
2017,40,0.000363,0.000852,0.000615
2017,41,0.000801,0.000838,0.00082
2017,42,0.000857,0.000978,0.000919
2017,43,0.000807,0.001051,0.000932
2017,44,0.000548,0.001082,0.000823
2017,45,0.00086,0.001019,0.000942
2017,46,0.001083,0.00144,0.001266
2017,47,0.00119,0.001617,0.001409
2017,48,0.001093,0.001468,0.001285
2017,49,0.001565,0.002218,0.0019
2017,50,0.001119,0.002218,0.001684
2017,51,0.001976,0.002409,0.002199
2017,52,0.001577,0.002698,0.002154
2017,53,0.001899,0.003137,0.002533
2017,54,0.003007,0.003079,0.003043
2017,55,0.002561,0.003335,0.002957
2017,56,0.002728,0.003615,0.003181
2017,57,0.003289,0.004888,0.004106
2017,58,0.003168,0.005331,0.00427
2017,59,0.003162,0.006324,0.004763
2017,60,0.004108,0.006125,0.005125
2017,61,0.004106,0.006553,0.005338
2017,62,0.004939,0.006738,0.005842
2017,63,0.005341,0.009011,0.007175
2017,64,0.005601,0.00877,0.007183
2017,65,0.006817,0.009813,0.008321
2017,66,0.007734,0.011781,0.009766
2017,67,0.008118,0.01298,0.010548
2017,68,0.009419,0.013912,0.011664
2017,69,0.010362,0.015506,0.012917
2017,70,0.011712,0.015837,0.013745
2017,71,0.012842,0.017538,0.015145
2017,72,0.014415,0.020902,0.017579
2017,73,0.016653,0.022314,0.019405
2017,74,0.018507,0.023695,0.020999
2017,75,0.020808,0.027512,0.023979
2017,76,0.021855,0.029224,0.0253
2017,77,0.024274,0.035438,0.029431
2017,78,0.027331,0.044169,0.034994
2017,79,0.029422,0.046676,0.03717
2017,80,0.0374,0.053188,0.044384
2017,81,0.042935,0.062563,0.051424
2017,82,0.043145,0.067238,0.05334
2017,83,0.048375,0.076028,0.059914
2017,84,0.062086,0.089259,0.073166
2017,85,0.070275,0.099707,0.081861
2017,86,0.081099,0.114802,0.093975
2017,87,0.095101,0.12793,0.107299
2017,88,0.104993,0.141417,0.117904
2017,89,0.132502,0.164505,0.143487
2017,90,0.14432,0.196501,0.161552
2018,0,0.002167,0.002419,0.002297
2018,1,0.000106,0.000132,0.000119
2018,2,3.4e-05,3.2e-05,3.3e-05
2018,3,1e-10,1e-10,1e-10
2018,4,6.7e-05,6.4e-05,6.5e-05
2018,5,9.9e-05,3.1e-05,6.4e-05
2018,6,3.2e-05,0.000123,7.9e-05
2018,7,9.5e-05,1e-10,4.6e-05
2018,8,1e-10,8.9e-05,4.5e-05
2018,9,1e-10,8.9e-05,4.6e-05
2018,10,1e-10,3e-05,1.5e-05
2018,11,0.000128,6.1e-05,9.4e-05
2018,12,6.5e-05,0.000123,9.5e-05
2018,13,0.000163,0.000124,0.000143
2018,14,0.00013,0.000155,0.000143
2018,15,3.3e-05,0.000159,9.7e-05
2018,16,0.000166,0.000126,0.000145
2018,17,0.000128,0.00012,0.000124
2018,18,0.000281,0.000347,0.000315
2018,19,0.000158,0.000526,0.000349
2018,20,3.1e-05,0.000584,0.000318
2018,21,0.000121,0.000592,0.000365
2018,22,0.000151,0.00048,0.000321
2018,23,0.00015,0.000727,0.000448
2018,24,0.000207,0.000531,0.000374
2018,25,0.00029,0.000573,0.000436
2018,26,0.000112,0.000798,0.000464
2018,27,0.000189,0.000626,0.000412
2018,28,0.000319,0.000592,0.000458
2018,29,0.000297,0.00055,0.000426
2018,30,0.000326,0.000741,0.000536
2018,31,0.000112,0.000595,0.000358
2018,32,0.000285,0.000675,0.000485
2018,33,0.000259,0.00071,0.00049
2018,34,0.000349,0.000876,0.00062
2018,35,0.000322,0.000602,0.000466
2018,36,0.000467,0.000775,0.000625
2018,37,0.000439,0.000859,0.000654
2018,38,0.000591,0.001194,0.000902
2018,39,0.000354,0.001221,0.000801
2018,40,0.000456,0.000944,0.000707
2018,41,0.000753,0.00091,0.000834
2018,42,0.00068,0.00109,0.000891
2018,43,0.00074,0.001115,0.000932
2018,44,0.000777,0.001367,0.00108
2018,45,0.001067,0.001264,0.001168
2018,46,0.000993,0.001479,0.001242
2018,47,0.001081,0.00152,0.001306
2018,48,0.001027,0.001543,0.001291
2018,49,0.001359,0.001978,0.001676
2018,50,0.001647,0.002434,0.00205
2018,51,0.00179,0.002198,0.002
2018,52,0.001553,0.002494,0.002038
2018,53,0.002009,0.00287,0.002452
2018,54,0.001872,0.00295,0.002424
2018,55,0.002495,0.004025,0.003276
2018,56,0.002847,0.003348,0.003103
2018,57,0.003307,0.004397,0.003863
2018,58,0.003268,0.005257,0.004283
2018,59,0.003627,0.005771,0.004718
2018,60,0.003559,0.006308,0.004948
2018,61,0.004748,0.006304,0.005531
2018,62,0.00528,0.0069,0.006094
2018,63,0.005133,0.007947,0.006542
2018,64,0.006167,0.009626,0.007891
2018,65,0.006056,0.009495,0.00777
2018,66,0.007714,0.010549,0.009134
2018,67,0.007948,0.012122,0.010039
2018,68,0.008891,0.013457,0.011167
2018,69,0.010737,0.014868,0.012795
2018,70,0.011539,0.015937,0.013718
2018,71,0.011817,0.018447,0.015077
2018,72,0.013562,0.021352,0.017368
2018,73,0.013809,0.02113,0.017368
2018,74,0.016069,0.02303,0.019439
2018,75,0.019103,0.030646,0.024626
2018,76,0.019979,0.029844,0.024623
2018,77,0.023219,0.036563,0.029424
2018,78,0.028721,0.041883,0.034755
2018,79,0.033973,0.045296,0.039088
2018,80,0.033542,0.05043,0.041064
2018,81,0.039698,0.060233,0.048696
2018,82,0.045569,0.066206,0.054384
2018,83,0.0577,0.074178,0.064591
2018,84,0.059747,0.089508,0.071993
2018,85,0.06478,0.089824,0.074822
2018,86,0.076755,0.114982,0.091513
2018,87,0.088464,0.126283,0.102615
2018,88,0.108889,0.14159,0.120732
2018,89,0.12582,0.175616,0.143084
2018,90,0.144113,0.180928,0.156424
2019,0,0.00168,0.002425,0.002064
2019,1,0.000145,0.000239,0.000194
2019,2,7e-05,0.000164,0.000119
2019,3,6.8e-05,6.4e-05,6.6e-05
2019,4,0.000102,0.000128,0.000115
2019,5,1e-10,0.000127,6.5e-05
2019,6,6.6e-05,3.1e-05,4.8e-05
2019,7,1e-10,0.000123,6.3e-05
2019,8,9.5e-05,1e-10,4.6e-05
2019,9,6.2e-05,0.000147,0.000106
2019,10,9.3e-05,1e-10,4.5e-05
2019,11,6.3e-05,6e-05,6.2e-05
2019,12,0.00016,0.000182,0.000171
2019,13,1e-10,9.2e-05,4.7e-05
2019,14,0.000162,6.2e-05,0.000111
2019,15,0.000129,0.000246,0.000189
2019,16,0.000132,0.000252,0.000194
2019,17,6.6e-05,0.000251,0.000161
2019,18,0.000191,0.000536,0.000369
2019,19,0.000249,0.00049,0.000374
2019,20,0.000439,0.000698,0.000574
2019,21,0.000187,0.00032,0.000256
2019,22,0.00045,0.000532,0.000492
2019,23,0.00012,0.000643,0.00039
2019,24,0.000294,0.000828,0.00057
2019,25,0.000145,0.000606,0.000382
2019,26,0.000142,0.000673,0.000415
2019,27,0.000331,0.000577,0.000457
2019,28,0.000133,0.000695,0.000419
2019,29,0.000289,0.000611,0.000452
2019,30,0.000214,0.000621,0.000421
2019,31,0.000404,0.000575,0.000491
2019,32,0.000335,0.000697,0.00052
2019,33,0.000452,0.000509,0.000481
2019,34,0.000371,0.000596,0.000487
2019,35,0.000346,0.00068,0.000518
2019,36,0.000407,0.000789,0.000604
2019,37,0.000378,0.000937,0.000665
2019,38,0.000349,0.000883,0.000623
2019,39,0.000383,0.000941,0.000671
2019,40,0.0005,0.001106,0.000813
2019,41,0.000515,0.0008,0.000661
2019,42,0.00072,0.000936,0.000831
2019,43,0.00056,0.001451,0.001017
2019,44,0.000596,0.001359,0.000986
2019,45,0.001107,0.001104,0.001105
2019,46,0.000655,0.001623,0.001153
2019,47,0.001018,0.00158,0.001306
2019,48,0.001242,0.001571,0.00141
2019,49,0.001242,0.001621,0.001436
2019,50,0.001438,0.001929,0.001689
2019,51,0.001729,0.00228,0.002011
2019,52,0.001903,0.0026,0.002261
2019,53,0.001667,0.00258,0.002138
2019,54,0.002327,0.003258,0.002805
2019,55,0.00244,0.003416,0.002939
2019,56,0.002621,0.004037,0.003344
2019,57,0.002948,0.004597,0.00379
2019,58,0.002838,0.004235,0.00355
2019,59,0.00315,0.0055,0.004348
2019,60,0.003025,0.005809,0.004438
2019,61,0.004418,0.00664,0.005539
2019,62,0.005201,0.007586,0.0064
2019,63,0.005939,0.008686,0.007315
2019,64,0.005332,0.0085,0.006915
2019,65,0.006796,0.010468,0.008622
2019,66,0.006835,0.010126,0.008472
2019,67,0.007701,0.011425,0.009563
2019,68,0.007144,0.01183,0.009484
2019,69,0.009902,0.014891,0.012382
2019,70,0.010245,0.015673,0.012943
2019,71,0.012487,0.018525,0.015471
2019,72,0.014728,0.018914,0.01678
2019,73,0.016135,0.02226,0.019119
2019,74,0.016323,0.024356,0.020212
2019,75,0.019373,0.02878,0.023907
2019,76,0.021024,0.029846,0.025222
2019,77,0.025232,0.033623,0.029162
2019,78,0.024753,0.037838,0.030794
2019,79,0.031581,0.043934,0.037206
2019,80,0.03397,0.046686,0.039673
2019,81,0.039143,0.055429,0.046339
2019,82,0.044723,0.060543,0.05158
2019,83,0.053818,0.078948,0.064432
2019,84,0.062932,0.081717,0.070687
2019,85,0.065295,0.095992,0.077722
2019,86,0.076601,0.105145,0.087839
2019,87,0.089932,0.125928,0.103562
2019,88,0.103965,0.143072,0.118239
2019,89,0.111109,0.152331,0.125658
2019,90,0.135328,0.18649,0.152624
2020,0,0.001332,0.002062,0.001706
2020,1,0.000148,0.000174,0.000161
2020,2,7.2e-05,0.000204,0.00014
2020,3,3.5e-05,3.3e-05,3.4e-05
2020,4,3.4e-05,6.4e-05,4.9e-05
2020,5,3.4e-05,3.2e-05,3.3e-05
2020,6,6.7e-05,9.6e-05,8.2e-05
2020,7,0.000131,9.4e-05,0.000112
2020,8,3.2e-05,1e-10,1.6e-05
2020,9,6.3e-05,1e-10,3.1e-05
2020,10,0.000124,1e-10,6e-05
2020,11,0.000124,1e-10,6e-05
2020,12,9.5e-05,6e-05,7.7e-05
2020,13,0.000191,0.000151,0.000171
2020,14,9.6e-05,0.000153,0.000125
2020,15,0.000162,0.000185,0.000174
2020,16,0.000129,0.000367,0.000251
2020,17,0.000296,0.000439,0.000369
2020,18,0.000164,0.000592,0.000383
2020,19,6.3e-05,0.000445,0.000261
2020,20,0.000187,0.000576,0.000389
2020,21,0.000219,0.000581,0.000406
2020,22,0.000186,0.000318,0.000255
2020,23,0.000208,0.000472,0.000345
2020,24,0.000148,0.000443,0.0003
2020,25,0.000319,0.00071,0.00052
2020,26,0.0002,0.000897,0.000558
2020,27,0.000252,0.000478,0.000368
2020,28,0.000218,0.000544,0.000385
2020,29,0.000369,0.00061,0.000492
2020,30,0.000208,0.000503,0.000358
2020,31,0.000319,0.000641,0.000483
2020,32,0.000375,0.000569,0.000474
2020,33,0.000305,0.000744,0.00053
2020,34,0.000225,0.00085,0.000546
2020,35,0.000398,0.00062,0.000512
2020,36,0.000316,0.000839,0.000586
2020,37,0.000435,0.000731,0.000588
2020,38,0.000666,0.000961,0.000818
2020,39,0.000522,0.00077,0.000649
2020,40,0.000529,0.000911,0.000726
2020,41,0.000705,0.001298,0.00101
2020,42,0.000905,0.001026,0.000968
2020,43,0.000628,0.001416,0.001033
2020,44,0.0005,0.00106,0.000787
2020,45,0.000708,0.001166,0.000942
2020,46,0.001022,0.001443,0.001238
2020,47,0.001063,0.001776,0.001429
2020,48,0.001552,0.001707,0.001632
2020,49,0.001457,0.002114,0.001793
2020,50,0.001457,0.001879,0.001673
2020,51,0.001305,0.00216,0.001742
2020,52,0.001455,0.002966,0.002228
2020,53,0.002212,0.002206,0.002209
2020,54,0.002406,0.00261,0.002511
2020,55,0.002359,0.00313,0.002755
2020,56,0.002505,0.004311,0.003428
2020,57,0.002627,0.004318,0.003489
2020,58,0.002641,0.004344,0.00351
2020,59,0.003006,0.005058,0.00405
2020,60,0.003578,0.005905,0.004763
2020,61,0.003908,0.005625,0.004778
2020,62,0.005028,0.006364,0.005701
2020,63,0.005096,0.007948,0.006527
2020,64,0.005374,0.00793,0.006653
2020,65,0.006494,0.00831,0.0074
2020,66,0.006703,0.011325,0.008997
2020,67,0.007279,0.012622,0.009931
2020,68,0.008058,0.012968,0.010506
2020,69,0.009255,0.013793,0.011516
2020,70,0.009962,0.015738,0.012826
2020,71,0.012575,0.016839,0.014687
2020,72,0.014304,0.018783,0.016512
2020,73,0.015757,0.021143,0.01839
2020,74,0.016503,0.02453,0.020398
2020,75,0.016818,0.028131,0.022267
2020,76,0.018948,0.028446,0.023503
2020,77,0.024454,0.03174,0.027907
2020,78,0.026567,0.036709,0.031292
2020,79,0.028483,0.042601,0.034956
2020,80,0.035813,0.048687,0.041631
2020,81,0.034988,0.053331,0.043146
2020,82,0.044781,0.063327,0.052902
2020,83,0.05218,0.06907,0.059422
2020,84,0.060743,0.082096,0.069664
2020,85,0.068551,0.096094,0.079743
2020,86,0.067321,0.106236,0.08275
2020,87,0.084731,0.118769,0.097861
2020,88,0.101869,0.138327,0.11538
2020,89,0.118953,0.160503,0.133689
2020,90,0.135542,0.177867,0.150094
