Year,Age,Female,Male,Total
1956,0,0.015637,0.019452,0.017606
1956,1,0.001205,0.00157,0.001393
1956,2,0.001012,0.001211,0.001114
1956,3,0.000456,0.001021,0.000747
1956,4,0.000635,0.000672,0.000654
1956,5,0.00045,0.0006,0.000527
1956,6,0.000392,0.000723,0.000562
1956,7,0.000389,0.000871,0.000635
1956,8,0.000198,0.000551,0.000379
1956,9,0.000288,0.000426,0.000359
1956,10,0.000252,0.000344,0.0003
1956,11,0.000237,0.000373,0.000307
1956,12,0.00031,0.000466,0.00039
1956,13,0.000227,0.000418,0.000325
1956,14,0.000389,0.000392,0.00039
1956,15,0.000285,0.000844,0.00057
1956,16,0.000601,0.000953,0.00078
1956,17,0.000413,0.001204,0.000814
1956,18,0.000677,0.001142,0.000913
1956,19,0.000437,0.001131,0.000787
1956,20,0.000537,0.001226,0.000883
1956,21,0.000475,0.001154,0.000816
1956,22,0.000573,0.001042,0.000808
1956,23,0.000444,0.001276,0.000862
1956,24,0.000452,0.001146,0.0008
1956,25,0.000677,0.001196,0.000937
1956,26,0.000507,0.000965,0.000736
1956,27,0.000604,0.001264,0.000935
1956,28,0.000579,0.001272,0.000927
1956,29,0.000666,0.001559,0.001116
1956,30,0.000548,0.001598,0.001077
1956,31,0.000809,0.001439,0.001127
1956,32,0.000942,0.001908,0.001429
1956,33,0.001124,0.001554,0.001341
1956,34,0.001192,0.001473,0.001334
1956,35,0.001271,0.001677,0.001476
1956,36,0.001062,0.001439,0.001253
1956,37,0.001204,0.00169,0.001449
1956,38,0.001228,0.002203,0.00172
1956,39,0.001715,0.002284,0.002003
1956,40,0.001451,0.002302,0.00188
1956,41,0.001468,0.002361,0.001917
1956,42,0.002322,0.002792,0.002559
1956,43,0.001919,0.002636,0.002281
1956,44,0.002361,0.003589,0.002982
1956,45,0.002684,0.003521,0.003108
1956,46,0.002846,0.004163,0.003511
1956,47,0.00264,0.003992,0.003318
1956,48,0.003292,0.004478,0.003886
1956,49,0.003755,0.004749,0.004252
1956,50,0.003987,0.005209,0.004593
1956,51,0.003919,0.006296,0.005094
1956,52,0.005138,0.007097,0.006106
1956,53,0.004648,0.007642,0.006122
1956,54,0.005747,0.008324,0.007016
1956,55,0.005693,0.009734,0.007677
1956,56,0.007114,0.010552,0.008791
1956,57,0.007006,0.010958,0.00893
1956,58,0.008289,0.012281,0.010232
1956,59,0.008988,0.013236,0.011053
1956,60,0.009648,0.015019,0.012241
1956,61,0.011882,0.016461,0.014073
1956,62,0.011315,0.01906,0.015005
1956,63,0.01462,0.020906,0.017609
1956,64,0.015234,0.022647,0.018738
1956,65,0.017541,0.023088,0.020146
1956,66,0.02022,0.025415,0.022644
1956,67,0.022506,0.030827,0.026395
1956,68,0.025752,0.033996,0.02961
1956,69,0.02716,0.03513,0.030883
1956,70,0.032152,0.038559,0.035148
1956,71,0.034643,0.045007,0.039481
1956,72,0.041406,0.049015,0.044931
1956,73,0.045423,0.051759,0.048343
1956,74,0.050263,0.062969,0.056145
1956,75,0.057069,0.069549,0.062824
1956,76,0.063304,0.072825,0.067683
1956,77,0.070738,0.080195,0.075067
1956,78,0.07911,0.08896,0.083634
1956,79,0.086754,0.096036,0.091054
1956,80,0.101072,0.116357,0.108111
1956,81,0.107429,0.127469,0.116545
1956,82,0.12038,0.132301,0.125764
1956,83,0.143302,0.153846,0.148046
1956,84,0.153474,0.16994,0.160849
1956,85,0.164034,0.194454,0.177546
1956,86,0.175506,0.208026,0.189756
1956,87,0.20162,0.209911,0.205153
1956,88,0.224428,0.267662,0.242296
1956,89,0.235602,0.240588,0.23764
1956,90,0.262808,0.300898,0.278187
1957,0,0.015765,0.01994,0.017914
1957,1,0.001092,0.001737,0.001425
1957,2,0.000789,0.000989,0.000892
1957,3,0.000583,0.000971,0.000783
1957,4,0.000493,0.000895,0.0007
1957,5,0.000384,0.000617,0.000504
1957,6,0.00043,0.000528,0.000481
1957,7,0.000427,0.000756,0.000596
1957,8,0.000355,0.000805,0.000585
1957,9,0.000264,0.000519,0.000395
1957,10,0.000288,0.000502,0.000397
1957,11,0.00041,0.000524,0.000468
1957,12,0.000236,0.000478,0.00036
1957,13,0.000195,0.000543,0.000373
1957,14,0.000419,0.000619,0.000521
1957,15,0.000408,0.000596,0.000504
1957,16,0.000438,0.000927,0.000687
1957,17,0.000256,0.00095,0.000609
1957,18,0.000667,0.001176,0.000925
1957,19,0.000447,0.001222,0.000839
1957,20,0.000364,0.001418,0.000894
1957,21,0.000463,0.000936,0.000701
1957,22,0.000731,0.00116,0.000947
1957,23,0.000498,0.001196,0.000849
1957,24,0.000536,0.001033,0.000786
1957,25,0.000293,0.001583,0.000942
1957,26,0.00061,0.001167,0.00089
1957,27,0.00077,0.000981,0.000876
1957,28,0.000733,0.001172,0.000954
1957,29,0.000642,0.001393,0.00102
1957,30,0.000852,0.001596,0.001227
1957,31,0.000608,0.001516,0.001066
1957,32,0.000888,0.001456,0.001174
1957,33,0.000961,0.001698,0.001333
1957,34,0.00099,0.001422,0.001208
1957,35,0.001156,0.001892,0.001527
1957,36,0.000983,0.001478,0.001233
1957,37,0.000977,0.001741,0.001363
1957,38,0.001204,0.001967,0.001589
1957,39,0.0016,0.002089,0.001847
1957,40,0.001774,0.002097,0.001937
1957,41,0.001569,0.002381,0.001978
1957,42,0.001902,0.002327,0.002116
1957,43,0.002139,0.002723,0.002434
1957,44,0.002254,0.003473,0.00287
1957,45,0.002254,0.00349,0.002879
1957,46,0.002503,0.003913,0.003217
1957,47,0.002963,0.003867,0.00342
1957,48,0.003664,0.004373,0.00402
1957,49,0.00372,0.005159,0.00444
1957,50,0.003922,0.006328,0.005123
1957,51,0.0042,0.006045,0.005115
1957,52,0.004703,0.006873,0.005775
1957,53,0.005474,0.007398,0.006424
1957,54,0.005133,0.008855,0.006963
1957,55,0.006353,0.008435,0.007376
1957,56,0.00714,0.010482,0.008777
1957,57,0.007546,0.01097,0.009214
1957,58,0.008648,0.012368,0.010455
1957,59,0.008784,0.015413,0.012005
1957,60,0.010324,0.015201,0.012689
1957,61,0.01128,0.017877,0.014456
1957,62,0.012984,0.018659,0.015692
1957,63,0.014536,0.021575,0.017879
1957,64,0.01623,0.024046,0.019931
1957,65,0.016861,0.025499,0.020929
1957,66,0.019994,0.027837,0.023665
1957,67,0.022774,0.029497,0.025901
1957,68,0.023814,0.034347,0.028717
1957,69,0.029289,0.035394,0.032133
1957,70,0.032415,0.039285,0.035612
1957,71,0.038881,0.043586,0.041072
1957,72,0.038384,0.051246,0.044362
1957,73,0.044067,0.053269,0.048306
1957,74,0.051722,0.060263,0.05564
1957,75,0.059481,0.067329,0.063094
1957,76,0.066813,0.073699,0.069976
1957,77,0.074341,0.087523,0.080378
1957,78,0.076476,0.093499,0.084214
1957,79,0.086555,0.102275,0.093723
1957,80,0.105068,0.1158,0.11001
1957,81,0.11946,0.125947,0.122423
1957,82,0.12331,0.141601,0.131562
1957,83,0.134808,0.146226,0.139925
1957,84,0.144677,0.177285,0.159182
1957,85,0.174146,0.199586,0.185374
1957,86,0.190465,0.216192,0.201735
1957,87,0.212558,0.242075,0.225333
1957,88,0.235043,0.24371,0.238672
1957,89,0.265664,0.311241,0.284184
1957,90,0.264196,0.267414,0.265493
1958,0,0.013501,0.018281,0.015955
1958,1,0.001458,0.00132,0.001387
1958,2,0.000604,0.001004,0.00081
1958,3,0.000748,0.000932,0.000843
1958,4,0.000388,0.000842,0.000622
1958,5,0.000398,0.000822,0.000616
1958,6,0.000307,0.000761,0.000541
1958,7,0.000262,0.000405,0.000335
1958,8,0.000267,0.000336,0.000302
1958,9,0.000371,0.000451,0.000412
1958,10,0.000214,0.000456,0.000338
1958,11,0.000335,0.000365,0.00035
1958,12,0.00041,0.000448,0.00043
1958,13,0.000236,0.000358,0.000299
1958,14,0.00039,0.000419,0.000405
1958,15,0.000331,0.000585,0.000461
1958,16,0.000581,0.001023,0.000806
1958,17,0.000392,0.001113,0.000759
1958,18,0.000445,0.000904,0.000678
1958,19,0.000405,0.0014,0.000908
1958,20,0.000332,0.000892,0.000614
1958,21,0.000497,0.001136,0.000819
1958,22,0.000392,0.001039,0.000719
1958,23,0.00047,0.00106,0.000768
1958,24,0.000378,0.001119,0.000751
1958,25,0.000535,0.00096,0.000749
1958,26,0.000675,0.001222,0.000951
1958,27,0.000566,0.001034,0.000801
1958,28,0.000616,0.001109,0.000864
1958,29,0.000625,0.001255,0.000942
1958,30,0.000556,0.001287,0.000924
1958,31,0.000665,0.001411,0.001041
1958,32,0.000951,0.001036,0.000994
1958,33,0.000848,0.001358,0.001105
1958,34,0.000883,0.001547,0.001218
1958,35,0.001066,0.001328,0.001198
1958,36,0.001084,0.001893,0.001491
1958,37,0.001288,0.001579,0.001435
1958,38,0.001629,0.001825,0.001728
1958,39,0.001386,0.002361,0.001879
1958,40,0.00164,0.001785,0.001713
1958,41,0.001929,0.002271,0.002102
1958,42,0.001802,0.002518,0.002163
1958,43,0.002036,0.002742,0.002391
1958,44,0.002347,0.002948,0.00265
1958,45,0.002276,0.0029,0.002591
1958,46,0.003018,0.003264,0.003142
1958,47,0.002845,0.003321,0.003086
1958,48,0.00349,0.004501,0.004
1958,49,0.003749,0.004575,0.004163
1958,50,0.003997,0.005394,0.004695
1958,51,0.004462,0.005598,0.005029
1958,52,0.004892,0.006567,0.005721
1958,53,0.005112,0.00696,0.006024
1958,54,0.004724,0.007214,0.005953
1958,55,0.005898,0.008263,0.007059
1958,56,0.007013,0.009421,0.008195
1958,57,0.006904,0.011825,0.00931
1958,58,0.007897,0.011241,0.009522
1958,59,0.009139,0.012518,0.010777
1958,60,0.009609,0.015584,0.012504
1958,61,0.011673,0.016244,0.013883
1958,62,0.011692,0.01733,0.014399
1958,63,0.013309,0.020264,0.016616
1958,64,0.015175,0.021523,0.018178
1958,65,0.015859,0.023334,0.019385
1958,66,0.018174,0.027074,0.022348
1958,67,0.022091,0.029778,0.025674
1958,68,0.02577,0.032524,0.028899
1958,69,0.025863,0.037311,0.031168
1958,70,0.031288,0.041115,0.035843
1958,71,0.032821,0.042053,0.037103
1958,72,0.03647,0.049255,0.042394
1958,73,0.043914,0.051445,0.047394
1958,74,0.050639,0.058098,0.054059
1958,75,0.05396,0.065962,0.059437
1958,76,0.061024,0.072319,0.066198
1958,77,0.070933,0.080806,0.075443
1958,78,0.078502,0.088032,0.082836
1958,79,0.086102,0.095263,0.090238
1958,80,0.105095,0.107627,0.106245
1958,81,0.106071,0.123782,0.114192
1958,82,0.123607,0.144166,0.132922
1958,83,0.132305,0.142441,0.136836
1958,84,0.150862,0.161131,0.155424
1958,85,0.163347,0.173747,0.16793
1958,86,0.184489,0.208196,0.194858
1958,87,0.199581,0.245018,0.219183
1958,88,0.226002,0.248626,0.235627
1958,89,0.229533,0.251075,0.238472
1958,90,0.268218,0.292659,0.278034
1959,0,0.013865,0.019415,0.016728
1959,1,0.001117,0.001376,0.00125
1959,2,0.000797,0.000991,0.000897
1959,3,0.000487,0.000914,0.000707
1959,4,0.000374,0.000708,0.000546
1959,5,0.000563,0.000659,0.000612
1959,6,0.000322,0.000608,0.000469
1959,7,0.000211,0.000544,0.000382
1959,8,0.000318,0.000528,0.000426
1959,9,0.000284,0.00052,0.000406
1959,10,0.000287,0.000499,0.000395
1959,11,0.000231,0.000314,0.000273
1959,12,0.000208,0.000395,0.000304
1959,13,0.000252,0.000419,0.000337
1959,14,0.000142,0.000418,0.000283
1959,15,0.000423,0.000729,0.00058
1959,16,0.000383,0.000885,0.000639
1959,17,0.000386,0.000929,0.000662
1959,18,0.000476,0.001235,0.000862
1959,19,0.000253,0.001066,0.000665
1959,20,0.000319,0.001085,0.000706
1959,21,0.000441,0.001212,0.00083
1959,22,0.00052,0.001309,0.000918
1959,23,0.000599,0.001329,0.000968
1959,24,0.00047,0.001311,0.000895
1959,25,0.000568,0.000909,0.000739
1959,26,0.000698,0.001053,0.000877
1959,27,0.000563,0.001291,0.000929
1959,28,0.000566,0.000993,0.000781
1959,29,0.000616,0.001523,0.001072
1959,30,0.000711,0.001129,0.000921
1959,31,0.000706,0.001457,0.001084
1959,32,0.000707,0.001454,0.001083
1959,33,0.000709,0.001197,0.000955
1959,34,0.000769,0.001477,0.001126
1959,35,0.000864,0.001794,0.001333
1959,36,0.001161,0.001611,0.001388
1959,37,0.001388,0.001369,0.001378
1959,38,0.001323,0.001681,0.001504
1959,39,0.001339,0.001812,0.001578
1959,40,0.001628,0.001932,0.001782
1959,41,0.001642,0.002,0.001823
1959,42,0.001855,0.002371,0.002115
1959,43,0.002155,0.00239,0.002273
1959,44,0.002455,0.002823,0.00264
1959,45,0.002071,0.003398,0.002739
1959,46,0.002448,0.003765,0.003113
1959,47,0.002469,0.00371,0.003096
1959,48,0.00304,0.004362,0.003709
1959,49,0.003352,0.0052,0.004284
1959,50,0.004005,0.005136,0.004571
1959,51,0.003802,0.005383,0.004591
1959,52,0.004304,0.006359,0.005329
1959,53,0.004515,0.007181,0.005834
1959,54,0.005401,0.007513,0.006442
1959,55,0.005462,0.008611,0.007013
1959,56,0.006573,0.009396,0.007957
1959,57,0.006951,0.010906,0.008889
1959,58,0.007436,0.011381,0.009361
1959,59,0.008097,0.01259,0.010276
1959,60,0.010384,0.014231,0.012245
1959,61,0.010124,0.014305,0.012145
1959,62,0.010722,0.016176,0.013352
1959,63,0.013371,0.017784,0.015483
1959,64,0.013911,0.021412,0.017466
1959,65,0.016569,0.023924,0.020036
1959,66,0.017711,0.024909,0.021093
1959,67,0.020639,0.028119,0.024132
1959,68,0.024126,0.031542,0.027568
1959,69,0.024715,0.035249,0.029572
1959,70,0.028659,0.03924,0.033531
1959,71,0.035825,0.044822,0.039975
1959,72,0.036883,0.048662,0.042314
1959,73,0.041838,0.052445,0.046725
1959,74,0.046736,0.058751,0.05226
1959,75,0.051917,0.063427,0.057163
1959,76,0.060053,0.0686,0.063934
1959,77,0.067542,0.083844,0.074955
1959,78,0.073716,0.085626,0.07912
1959,79,0.085425,0.09917,0.091636
1959,80,0.098533,0.105761,0.101783
1959,81,0.106358,0.12278,0.113782
1959,82,0.119082,0.132214,0.125045
1959,83,0.128528,0.14813,0.13732
1959,84,0.139427,0.159864,0.148488
1959,85,0.160614,0.180703,0.169465
1959,86,0.180703,0.203588,0.190684
1959,87,0.193756,0.220255,0.20519
1959,88,0.211688,0.253329,0.229259
1959,89,0.228459,0.268524,0.245211
1959,90,0.249341,0.277871,0.260967
1960,0,0.014226,0.018926,0.016642
1960,1,0.001373,0.001457,0.001416
1960,2,0.000529,0.0008,0.000668
1960,3,0.000506,0.000734,0.000623
1960,4,0.000701,0.000804,0.000754
1960,5,0.000414,0.000727,0.000575
1960,6,0.000466,0.000458,0.000462
1960,7,0.00036,0.000662,0.000515
1960,8,0.000134,0.000381,0.000261
1960,9,0.000262,0.000317,0.00029
1960,10,0.000249,0.000353,0.000302
1960,11,0.000304,0.000209,0.000255
1960,12,0.00028,0.000299,0.00029
1960,13,0.000208,0.000472,0.000343
1960,14,0.000205,0.000554,0.000384
1960,15,0.000346,0.000566,0.000459
1960,16,0.000292,0.000838,0.000571
1960,17,0.000433,0.001052,0.000749
1960,18,0.000556,0.001037,0.000801
1960,19,0.000451,0.00098,0.00072
1960,20,0.000356,0.001126,0.000745
1960,21,0.000444,0.001079,0.000765
1960,22,0.000418,0.001227,0.000827
1960,23,0.000587,0.001127,0.000859
1960,24,0.000462,0.000786,0.000626
1960,25,0.000541,0.000965,0.000756
1960,26,0.000712,0.001163,0.00094
1960,27,0.000652,0.000894,0.000774
1960,28,0.000699,0.001316,0.001009
1960,29,0.000676,0.00132,0.000999
1960,30,0.000835,0.001068,0.000952
1960,31,0.000841,0.001301,0.001073
1960,32,0.000643,0.00127,0.000959
1960,33,0.001019,0.001519,0.001271
1960,34,0.000669,0.00156,0.001118
1960,35,0.000929,0.001578,0.001256
1960,36,0.001269,0.001742,0.001508
1960,37,0.001031,0.001783,0.00141
1960,38,0.001285,0.001724,0.001506
1960,39,0.001377,0.001752,0.001566
1960,40,0.001394,0.002425,0.001915
1960,41,0.001836,0.002155,0.001997
1960,42,0.001705,0.002393,0.002052
1960,43,0.001957,0.002511,0.002236
1960,44,0.001948,0.003338,0.002648
1960,45,0.002502,0.003209,0.002857
1960,46,0.002809,0.003137,0.002974
1960,47,0.003128,0.003874,0.003505
1960,48,0.003822,0.00446,0.004144
1960,49,0.003297,0.004976,0.004146
1960,50,0.004003,0.004793,0.004401
1960,51,0.003967,0.005707,0.004838
1960,52,0.005015,0.006597,0.005805
1960,53,0.004347,0.006804,0.00557
1960,54,0.005545,0.007424,0.006474
1960,55,0.005784,0.008346,0.007045
1960,56,0.006431,0.01045,0.008408
1960,57,0.007591,0.010911,0.009216
1960,58,0.00705,0.012687,0.009808
1960,59,0.00819,0.015023,0.011516
1960,60,0.009679,0.015427,0.012459
1960,61,0.010186,0.016988,0.013467
1960,62,0.010957,0.01868,0.014679
1960,63,0.012912,0.020688,0.016649
1960,64,0.015338,0.022017,0.018524
1960,65,0.01614,0.025533,0.020575
1960,66,0.017398,0.02613,0.021496
1960,67,0.020306,0.03037,0.025017
1960,68,0.022857,0.03465,0.028335
1960,69,0.026261,0.037133,0.031277
1960,70,0.030636,0.042624,0.036127
1960,71,0.033115,0.045837,0.038942
1960,72,0.037136,0.049453,0.042777
1960,73,0.045666,0.058335,0.051464
1960,74,0.050907,0.062033,0.056
1960,75,0.055624,0.067035,0.06084
1960,76,0.061552,0.072465,0.066501
1960,77,0.071856,0.08464,0.07762
1960,78,0.082675,0.095537,0.088487
1960,79,0.083226,0.102492,0.091906
1960,80,0.094128,0.109441,0.100999
1960,81,0.112994,0.127299,0.11938
1960,82,0.123952,0.140966,0.131589
1960,83,0.132504,0.155746,0.142921
1960,84,0.149834,0.170784,0.159115
1960,85,0.163779,0.173561,0.168078
1960,86,0.18618,0.202161,0.193141
1960,87,0.214164,0.220555,0.216927
1960,88,0.227454,0.254984,0.239137
1960,89,0.238727,0.282719,0.256909
1960,90,0.275181,0.314462,0.291225
1961,0,0.01401,0.018139,0.016128
1961,1,0.000868,0.001279,0.001079
1961,2,0.000576,0.000933,0.00076
1961,3,0.000529,0.000837,0.000687
1961,4,0.000738,0.000624,0.000679
1961,5,0.000447,0.000639,0.000546
1961,6,0.000414,0.000578,0.000498
1961,7,0.000252,0.000568,0.000415
1961,8,0.00036,0.000412,0.000387
1961,9,0.000365,0.000327,0.000345
1961,10,0.000318,0.000405,0.000363
1961,11,0.000231,0.000286,0.000259
1961,12,0.000118,0.000339,0.000231
1961,13,0.000362,0.000426,0.000395
1961,14,0.000352,0.000427,0.00039
1961,15,0.000283,0.000613,0.000452
1961,16,0.000361,0.00079,0.000581
1961,17,0.000372,0.000852,0.000617
1961,18,0.000345,0.001148,0.000754
1961,19,0.000381,0.001012,0.000702
1961,20,0.000383,0.001224,0.000809
1961,21,0.000604,0.001032,0.000821
1961,22,0.000442,0.000986,0.000717
1961,23,0.000504,0.000938,0.000724
1961,24,0.000406,0.000964,0.000689
1961,25,0.000438,0.00134,0.000896
1961,26,0.000518,0.001051,0.000789
1961,27,0.000594,0.00109,0.000845
1961,28,0.000792,0.000869,0.000831
1961,29,0.000811,0.001204,0.001009
1961,30,0.00061,0.001168,0.00089
1961,31,0.000726,0.001264,0.000996
1961,32,0.000669,0.001324,0.000998
1961,33,0.000751,0.001589,0.001173
1961,34,0.000791,0.001583,0.00119
1961,35,0.000751,0.001362,0.001059
1961,36,0.00087,0.001581,0.001228
1961,37,0.001098,0.001935,0.00152
1961,38,0.001167,0.002013,0.001594
1961,39,0.001126,0.001674,0.001402
1961,40,0.001345,0.001925,0.001638
1961,41,0.001069,0.002296,0.001689
1961,42,0.001537,0.002182,0.001862
1961,43,0.00214,0.002438,0.00229
1961,44,0.001845,0.002672,0.002262
1961,45,0.002618,0.003061,0.002841
1961,46,0.002948,0.003468,0.003209
1961,47,0.002763,0.003633,0.003201
1961,48,0.00301,0.004074,0.003547
1961,49,0.003425,0.004409,0.003921
1961,50,0.003728,0.00523,0.004486
1961,51,0.00404,0.006193,0.005123
1961,52,0.004402,0.006385,0.005394
1961,53,0.004673,0.006746,0.005706
1961,54,0.005302,0.007999,0.006643
1961,55,0.005579,0.00876,0.007149
1961,56,0.005282,0.009872,0.007537
1961,57,0.0068,0.010679,0.008704
1961,58,0.007304,0.01133,0.009271
1961,59,0.008554,0.013529,0.010981
1961,60,0.00831,0.015036,0.011575
1961,61,0.01013,0.015815,0.01287
1961,62,0.010566,0.018011,0.014144
1961,63,0.012681,0.020241,0.01631
1961,64,0.014079,0.022556,0.018136
1961,65,0.015129,0.02397,0.019329
1961,66,0.017617,0.027355,0.022191
1961,67,0.019374,0.029328,0.024027
1961,68,0.021303,0.033308,0.026888
1961,69,0.024812,0.036015,0.029979
1961,70,0.030418,0.040339,0.034965
1961,71,0.031571,0.043824,0.037152
1961,72,0.036355,0.047795,0.041556
1961,73,0.042215,0.055355,0.048186
1961,74,0.045284,0.058812,0.051431
1961,75,0.050663,0.064579,0.056996
1961,76,0.058227,0.072601,0.064752
1961,77,0.070077,0.078222,0.073748
1961,78,0.075166,0.086481,0.080235
1961,79,0.088098,0.100381,0.09361
1961,80,0.094276,0.104303,0.098757
1961,81,0.10294,0.125871,0.11313
1961,82,0.123372,0.133235,0.127746
1961,83,0.132285,0.147517,0.13906
1961,84,0.153783,0.165694,0.159062
1961,85,0.154561,0.176583,0.16425
1961,86,0.187122,0.196474,0.191208
1961,87,0.198459,0.204217,0.200961
1961,88,0.211274,0.23067,0.219582
1961,89,0.238931,0.26529,0.249919
1961,90,0.240968,0.301269,0.265204
1962,0,0.013408,0.018037,0.015785
1962,1,0.000946,0.001149,0.00105
1962,2,0.000685,0.001068,0.000882
1962,3,0.000675,0.000727,0.000702
1962,4,0.000372,0.000502,0.000439
1962,5,0.000466,0.000642,0.000556
1962,6,0.000583,0.000456,0.000518
1962,7,0.000335,0.000615,0.000479
1962,8,0.00031,0.000385,0.000349
1962,9,0.000284,0.00034,0.000313
1962,10,0.00046,0.000417,0.000438
1962,11,0.000261,0.000352,0.000308
1962,12,0.000284,0.000286,0.000285
1962,13,0.000286,0.000387,0.000338
1962,14,0.000214,0.000457,0.000338
1962,15,0.000351,0.000716,0.000538
1962,16,0.000392,0.000643,0.000521
1962,17,0.000266,0.000789,0.000534
1962,18,0.00037,0.00102,0.000701
1962,19,0.000395,0.001176,0.000792
1962,20,0.000397,0.001246,0.000828
1962,21,0.000297,0.001044,0.000677
1962,22,0.00029,0.001242,0.000774
1962,23,0.000441,0.000997,0.000723
1962,24,0.000547,0.001058,0.000807
1962,25,0.00054,0.001045,0.000797
1962,26,0.000483,0.001022,0.000757
1962,27,0.000565,0.000934,0.000752
1962,28,0.000641,0.000994,0.00082
1962,29,0.000675,0.001461,0.001072
1962,30,0.000676,0.001091,0.000885
1962,31,0.000544,0.001167,0.000857
1962,32,0.000726,0.000894,0.00081
1962,33,0.000756,0.001644,0.001202
1962,34,0.000794,0.001294,0.001045
1962,35,0.000938,0.001543,0.001242
1962,36,0.000954,0.001724,0.001341
1962,37,0.001147,0.001446,0.001297
1962,38,0.00135,0.001862,0.001608
1962,39,0.001206,0.001902,0.001557
1962,40,0.001359,0.001996,0.001679
1962,41,0.001465,0.00245,0.001961
1962,42,0.002003,0.002267,0.002136
1962,43,0.0017,0.003041,0.002377
1962,44,0.002379,0.003084,0.002734
1962,45,0.00177,0.003291,0.002537
1962,46,0.002133,0.00334,0.002741
1962,47,0.002993,0.004159,0.003579
1962,48,0.002393,0.00413,0.003267
1962,49,0.003504,0.004644,0.004079
1962,50,0.003811,0.005924,0.004877
1962,51,0.003607,0.005315,0.004469
1962,52,0.004527,0.006135,0.005336
1962,53,0.004439,0.007506,0.005972
1962,54,0.00489,0.007889,0.006383
1962,55,0.00475,0.009419,0.007067
1962,56,0.005953,0.009321,0.007611
1962,57,0.006312,0.011163,0.00869
1962,58,0.007747,0.011155,0.009416
1962,59,0.008299,0.013371,0.010772
1962,60,0.008667,0.015163,0.011826
1962,61,0.00886,0.016401,0.012508
1962,62,0.010109,0.018874,0.014317
1962,63,0.013113,0.020686,0.016737
1962,64,0.01464,0.023757,0.018999
1962,65,0.015595,0.024467,0.019822
1962,66,0.017698,0.028842,0.022964
1962,67,0.020401,0.03044,0.025093
1962,68,0.021415,0.033058,0.026827
1962,69,0.023301,0.038011,0.030099
1962,70,0.02822,0.040417,0.033811
1962,71,0.032482,0.046827,0.039011
1962,72,0.035692,0.050476,0.042378
1962,73,0.041466,0.055656,0.04787
1962,74,0.049219,0.059467,0.053844
1962,75,0.053173,0.068832,0.060235
1962,76,0.05971,0.076982,0.067504
1962,77,0.064871,0.086425,0.074578
1962,78,0.07944,0.09686,0.087225
1962,79,0.08306,0.103533,0.09215
1962,80,0.099631,0.113423,0.105768
1962,81,0.110682,0.122167,0.115778
1962,82,0.122215,0.144642,0.132076
1962,83,0.132471,0.145099,0.138024
1962,84,0.156415,0.16608,0.16068
1962,85,0.161846,0.187804,0.173234
1962,86,0.174542,0.21105,0.190394
1962,87,0.203886,0.228192,0.214415
1962,88,0.219343,0.250272,0.232655
1962,89,0.245965,0.289582,0.264362
1962,90,0.268673,0.298597,0.280882
1963,0,0.013674,0.018152,0.015977
1963,1,0.000805,0.001044,0.000927
1963,2,0.000503,0.000957,0.000735
1963,3,0.000524,0.000534,0.000529
1963,4,0.000437,0.000541,0.00049
1963,5,0.000352,0.000706,0.000534
1963,6,0.000349,0.000568,0.000462
1963,7,0.000272,0.000566,0.000424
1963,8,0.000256,0.000466,0.000364
1963,9,0.000232,0.000348,0.000292
1963,10,0.000265,0.000393,0.000331
1963,11,0.000192,0.000417,0.000308
1963,12,0.000261,0.00037,0.000317
1963,13,0.00039,0.000319,0.000354
1963,14,0.000236,0.000419,0.000329
1963,15,0.000477,0.00063,0.000555
1963,16,0.000477,0.000639,0.00056
1963,17,0.000454,0.000895,0.00068
1963,18,0.000514,0.001158,0.000843
1963,19,0.000497,0.001432,0.000974
1963,20,0.000376,0.001122,0.000756
1963,21,0.000434,0.001142,0.000795
1963,22,0.000528,0.001442,0.000994
1963,23,0.000352,0.001094,0.00073
1963,24,0.000566,0.001011,0.000793
1963,25,0.000437,0.001094,0.000772
1963,26,0.000427,0.000954,0.000695
1963,27,0.000759,0.000887,0.000824
1963,28,0.000659,0.001295,0.000983
1963,29,0.000712,0.00134,0.00103
1963,30,0.000745,0.001324,0.001037
1963,31,0.000878,0.001336,0.001109
1963,32,0.000741,0.000843,0.000792
1963,33,0.000858,0.001439,0.00115
1963,34,0.000842,0.001346,0.001095
1963,35,0.000794,0.001337,0.001067
1963,36,0.000855,0.001564,0.001212
1963,37,0.001077,0.001826,0.001454
1963,38,0.001167,0.001879,0.001525
1963,39,0.001196,0.00196,0.001581
1963,40,0.001207,0.002075,0.001645
1963,41,0.001539,0.002176,0.001859
1963,42,0.001433,0.002051,0.001744
1963,43,0.001815,0.00251,0.002166
1963,44,0.002251,0.00265,0.002452
1963,45,0.002678,0.003618,0.003151
1963,46,0.002435,0.003629,0.003036
1963,47,0.002529,0.003235,0.002884
1963,48,0.003076,0.004518,0.0038
1963,49,0.003815,0.004915,0.004368
1963,50,0.00314,0.004982,0.004068
1963,51,0.003973,0.005271,0.004627
1963,52,0.004077,0.005963,0.005028
1963,53,0.004679,0.006663,0.005676
1963,54,0.004839,0.007998,0.006416
1963,55,0.005868,0.008902,0.007375
1963,56,0.006296,0.009097,0.007684
1963,57,0.006213,0.011208,0.008668
1963,58,0.00736,0.011837,0.009549
1963,59,0.008048,0.013989,0.010951
1963,60,0.008189,0.015609,0.011795
1963,61,0.009429,0.017464,0.013322
1963,62,0.0102,0.018326,0.014116
1963,63,0.012156,0.020834,0.016305
1963,64,0.013782,0.022218,0.017802
1963,65,0.015162,0.02432,0.019519
1963,66,0.017626,0.026898,0.022022
1963,67,0.020133,0.027382,0.023543
1963,68,0.021806,0.031623,0.026371
1963,69,0.025018,0.037632,0.030841
1963,70,0.027599,0.039133,0.032892
1963,71,0.029767,0.04532,0.036845
1963,72,0.034719,0.048895,0.041121
1963,73,0.040435,0.052106,0.045675
1963,74,0.042152,0.060453,0.050351
1963,75,0.05209,0.068459,0.059415
1963,76,0.057494,0.073474,0.064639
1963,77,0.067644,0.082716,0.074381
1963,78,0.071998,0.090965,0.080468
1963,79,0.080591,0.0994,0.088903
1963,80,0.090181,0.112495,0.099975
1963,81,0.101549,0.124293,0.111591
1963,82,0.112578,0.146293,0.12734
1963,83,0.131823,0.153915,0.141416
1963,84,0.143393,0.167512,0.153899
1963,85,0.160818,0.181442,0.169812
1963,86,0.179957,0.197149,0.187382
1963,87,0.191357,0.216722,0.20223
1963,88,0.204601,0.236611,0.218227
1963,89,0.231484,0.262208,0.244441
1963,90,0.257158,0.284346,0.268496
1964,0,0.013143,0.016758,0.015
1964,1,0.000816,0.000788,0.000802
1964,2,0.000627,0.000558,0.000591
1964,3,0.000401,0.000897,0.000656
1964,4,0.000483,0.000552,0.000518
1964,5,0.000377,0.000652,0.000518
1964,6,0.000332,0.000575,0.000457
1964,7,0.000291,0.000384,0.000339
1964,8,0.000252,0.000419,0.000338
1964,9,0.000255,0.000391,0.000325
1964,10,0.00029,0.000366,0.000329
1964,11,0.00017,0.0005,0.00034
1964,12,0.000211,0.000381,0.000298
1964,13,0.000205,0.00037,0.00029
1964,14,0.000301,0.000521,0.000414
1964,15,0.000437,0.000725,0.000584
1964,16,0.000344,0.000991,0.000674
1964,17,0.000428,0.000744,0.000589
1964,18,0.00042,0.001293,0.000866
1964,19,0.000402,0.001343,0.000884
1964,20,0.000414,0.001164,0.000797
1964,21,0.000392,0.001158,0.000783
1964,22,0.000488,0.001129,0.000816
1964,23,0.000505,0.001142,0.000832
1964,24,0.000557,0.00126,0.000917
1964,25,0.000607,0.000963,0.000788
1964,26,0.000611,0.00119,0.000906
1964,27,0.000471,0.000776,0.000627
1964,28,0.00062,0.001368,0.001001
1964,29,0.000846,0.001335,0.001095
1964,30,0.000711,0.001014,0.000865
1964,31,0.000674,0.000956,0.000817
1964,32,0.00072,0.001445,0.001085
1964,33,0.000784,0.001209,0.000997
1964,34,0.000902,0.001699,0.001302
1964,35,0.000864,0.001559,0.001213
1964,36,0.001094,0.001846,0.001472
1964,37,0.001209,0.001955,0.001585
1964,38,0.00126,0.002008,0.001636
1964,39,0.001504,0.001938,0.001723
1964,40,0.001081,0.002401,0.001745
1964,41,0.001476,0.002134,0.001808
1964,42,0.001719,0.002392,0.002057
1964,43,0.002168,0.002778,0.002475
1964,44,0.001766,0.002718,0.002247
1964,45,0.002376,0.003695,0.003041
1964,46,0.002328,0.003337,0.002835
1964,47,0.002655,0.003793,0.003228
1964,48,0.002987,0.004395,0.003695
1964,49,0.003314,0.004898,0.004108
1964,50,0.003447,0.00486,0.004157
1964,51,0.004225,0.005826,0.00503
1964,52,0.004724,0.006719,0.005728
1964,53,0.004209,0.007038,0.005633
1964,54,0.005042,0.007483,0.006267
1964,55,0.005072,0.008659,0.006859
1964,56,0.005742,0.009697,0.007704
1964,57,0.006431,0.011863,0.009116
1964,58,0.007322,0.012104,0.009666
1964,59,0.007584,0.013995,0.010709
1964,60,0.009005,0.014327,0.011597
1964,61,0.008834,0.016064,0.012335
1964,62,0.011002,0.016511,0.013661
1964,63,0.012575,0.020574,0.016414
1964,64,0.014442,0.02242,0.01824
1964,65,0.014046,0.024061,0.018796
1964,66,0.016981,0.028407,0.02239
1964,67,0.018952,0.029368,0.023866
1964,68,0.021545,0.033595,0.027185
1964,69,0.023033,0.037024,0.029499
1964,70,0.0269,0.041151,0.033429
1964,71,0.030098,0.04447,0.036642
1964,72,0.033583,0.047504,0.039868
1964,73,0.037982,0.055054,0.045636
1964,74,0.044915,0.058667,0.051036
1964,75,0.047535,0.064413,0.055031
1964,76,0.057945,0.075345,0.065659
1964,77,0.063868,0.077884,0.070071
1964,78,0.068859,0.094022,0.080012
1964,79,0.078796,0.095671,0.086241
1964,80,0.089673,0.111997,0.099426
1964,81,0.101717,0.117584,0.108607
1964,82,0.108405,0.135776,0.120325
1964,83,0.120468,0.142025,0.129757
1964,84,0.133012,0.169096,0.148482
1964,85,0.153503,0.17753,0.163804
1964,86,0.177624,0.191034,0.183407
1964,87,0.176655,0.200327,0.186794
1964,88,0.194575,0.243582,0.215145
1964,89,0.219088,0.233864,0.225261
1964,90,0.239745,0.275791,0.254747
1965,0,0.011931,0.014709,0.013356
1965,1,0.000865,0.000986,0.000927
1965,2,0.000472,0.00082,0.000651
1965,3,0.000468,0.000722,0.000598
1965,4,0.00034,0.000437,0.00039
1965,5,0.000481,0.000645,0.000565
1965,6,0.000217,0.000594,0.000412
1965,7,0.000507,0.000555,0.000532
1965,8,0.000193,0.00031,0.000254
1965,9,0.000194,0.000582,0.000394
1965,10,0.000196,0.000483,0.000343
1965,11,0.000174,0.000347,0.000263
1965,12,0.00034,0.000321,0.00033
1965,13,0.000248,0.000362,0.000307
1965,14,0.000298,0.000422,0.000362
1965,15,0.000371,0.000469,0.000422
1965,16,0.000402,0.000867,0.000639
1965,17,0.000374,0.000799,0.00059
1965,18,0.000502,0.001295,0.000907
1965,19,0.000523,0.001176,0.000857
1965,20,0.000368,0.001288,0.000839
1965,21,0.00038,0.000933,0.000663
1965,22,0.00044,0.001124,0.000791
1965,23,0.000411,0.001055,0.000743
1965,24,0.000628,0.000983,0.000811
1965,25,0.000575,0.001084,0.000837
1965,26,0.000375,0.001146,0.00077
1965,27,0.000478,0.001071,0.000782
1965,28,0.000537,0.001045,0.000797
1965,29,0.000572,0.00129,0.000939
1965,30,0.000632,0.001235,0.00094
1965,31,0.000662,0.001396,0.001035
1965,32,0.000812,0.001381,0.0011
1965,33,0.001079,0.001194,0.001137
1965,34,0.000652,0.001721,0.001189
1965,35,0.00112,0.001758,0.001441
1965,36,0.001035,0.001811,0.001425
1965,37,0.000879,0.001567,0.001225
1965,38,0.001145,0.002262,0.001707
1965,39,0.001564,0.002469,0.002019
1965,40,0.001583,0.002252,0.001919
1965,41,0.001719,0.002363,0.002043
1965,42,0.001726,0.002286,0.002008
1965,43,0.001863,0.002784,0.002326
1965,44,0.002188,0.002765,0.002478
1965,45,0.001993,0.003148,0.002576
1965,46,0.002766,0.003385,0.003078
1965,47,0.002807,0.003756,0.003284
1965,48,0.002894,0.00427,0.003586
1965,49,0.003112,0.004234,0.003676
1965,50,0.003265,0.005512,0.00439
1965,51,0.004085,0.005506,0.004798
1965,52,0.004089,0.006833,0.005468
1965,53,0.004838,0.007891,0.006372
1965,54,0.00459,0.00796,0.006284
1965,55,0.005218,0.008517,0.00687
1965,56,0.006057,0.009531,0.007785
1965,57,0.006384,0.010867,0.008602
1965,58,0.007384,0.010991,0.009164
1965,59,0.006793,0.012406,0.009537
1965,60,0.00826,0.014779,0.011427
1965,61,0.009172,0.016407,0.012685
1965,62,0.010935,0.018404,0.014538
1965,63,0.011099,0.020212,0.015479
1965,64,0.013067,0.022191,0.017427
1965,65,0.014791,0.024347,0.019319
1965,66,0.0159,0.026425,0.020866
1965,67,0.018583,0.029433,0.023691
1965,68,0.02208,0.032928,0.027169
1965,69,0.022195,0.036529,0.028858
1965,70,0.025692,0.040802,0.032619
1965,71,0.029183,0.044131,0.035977
1965,72,0.032094,0.051409,0.04081
1965,73,0.038223,0.055393,0.045909
1965,74,0.044129,0.061512,0.051853
1965,75,0.048314,0.066631,0.056392
1965,76,0.054722,0.075623,0.063912
1965,77,0.060132,0.083068,0.07018
1965,78,0.070395,0.086267,0.07736
1965,79,0.08063,0.099031,0.088703
1965,80,0.083735,0.110762,0.095524
1965,81,0.094964,0.126136,0.108376
1965,82,0.11273,0.133734,0.121729
1965,83,0.134375,0.154199,0.142889
1965,84,0.132111,0.158203,0.143192
1965,85,0.166349,0.165506,0.165992
1965,86,0.171229,0.193585,0.180742
1965,87,0.192768,0.22289,0.205582
1965,88,0.210494,0.237642,0.221901
1965,89,0.212008,0.252154,0.22857
1965,90,0.251188,0.275146,0.261032
1966,0,0.01067,0.014798,0.012794
1966,1,0.000618,0.001189,0.000911
1966,2,0.00051,0.000682,0.000598
1966,3,0.000338,0.000533,0.000438
1966,4,0.000583,0.000738,0.000662
1966,5,0.000318,0.000682,0.000505
1966,6,0.000519,0.000435,0.000476
1966,7,0.000276,0.000352,0.000315
1966,8,0.000311,0.000443,0.000379
1966,9,0.000289,0.000273,0.000281
1966,10,0.000193,0.000345,0.000272
1966,11,0.000215,0.00039,0.000305
1966,12,0.000193,0.00031,0.000253
1966,13,0.000132,0.000356,0.000247
1966,14,0.000305,0.000379,0.000343
1966,15,0.000353,0.000509,0.000433
1966,16,0.00037,0.000803,0.000592
1966,17,0.000432,0.000927,0.000684
1966,18,0.000402,0.001227,0.000822
1966,19,0.000481,0.001162,0.000828
1966,20,0.000518,0.001197,0.000865
1966,21,0.000563,0.001225,0.000903
1966,22,0.000472,0.001038,0.000763
1966,23,0.000522,0.001153,0.000847
1966,24,0.000557,0.001087,0.000832
1966,25,0.000458,0.000908,0.000691
1966,26,0.000551,0.000934,0.000749
1966,27,0.000352,0.000935,0.000652
1966,28,0.000432,0.000997,0.000723
1966,29,0.000579,0.001224,0.00091
1966,30,0.000729,0.001104,0.000922
1966,31,0.00042,0.001337,0.000889
1966,32,0.000636,0.001273,0.00096
1966,33,0.000949,0.00144,0.001198
1966,34,0.000919,0.001364,0.001144
1966,35,0.001171,0.001628,0.001401
1966,36,0.001074,0.001796,0.001437
1966,37,0.001076,0.001764,0.001422
1966,38,0.001114,0.002136,0.001628
1966,39,0.001228,0.001994,0.001613
1966,40,0.00136,0.002308,0.001837
1966,41,0.001346,0.002487,0.001919
1966,42,0.001719,0.002135,0.001928
1966,43,0.001861,0.003007,0.002438
1966,44,0.001991,0.003303,0.00265
1966,45,0.00195,0.002971,0.002464
1966,46,0.002517,0.003343,0.002934
1966,47,0.002567,0.003836,0.003206
1966,48,0.002574,0.004911,0.003747
1966,49,0.003196,0.005334,0.00427
1966,50,0.00316,0.005116,0.004142
1966,51,0.003756,0.005655,0.004706
1966,52,0.004004,0.006772,0.005391
1966,53,0.004161,0.007502,0.005838
1966,54,0.004743,0.007797,0.006275
1966,55,0.004939,0.008043,0.006497
1966,56,0.005516,0.008629,0.007072
1966,57,0.006401,0.010407,0.00839
1966,58,0.006564,0.011612,0.009057
1966,59,0.007147,0.013148,0.010098
1966,60,0.007804,0.014344,0.01099
1966,61,0.009405,0.01669,0.012931
1966,62,0.010507,0.019127,0.014675
1966,63,0.01153,0.020808,0.015985
1966,64,0.01178,0.020351,0.01588
1966,65,0.012977,0.023822,0.018134
1966,66,0.01523,0.026986,0.020769
1966,67,0.01766,0.029149,0.02305
1966,68,0.019224,0.033426,0.025867
1966,69,0.023695,0.039899,0.031237
1966,70,0.024852,0.040338,0.031994
1966,71,0.030503,0.043945,0.036622
1966,72,0.033513,0.050919,0.041346
1966,73,0.035508,0.05319,0.043417
1966,74,0.04263,0.056816,0.048927
1966,75,0.049357,0.067923,0.057526
1966,76,0.05421,0.071444,0.061735
1966,77,0.059616,0.07934,0.068189
1966,78,0.071618,0.09008,0.079638
1966,79,0.075939,0.099842,0.086299
1966,80,0.084023,0.111502,0.095915
1966,81,0.096026,0.116401,0.104782
1966,82,0.111617,0.130657,0.119715
1966,83,0.12538,0.142386,0.132583
1966,84,0.131198,0.155367,0.141435
1966,85,0.146519,0.176911,0.159248
1966,86,0.16793,0.199911,0.181333
1966,87,0.175051,0.214276,0.19144
1966,88,0.206747,0.226762,0.215125
1966,89,0.237039,0.243089,0.239552
1966,90,0.236085,0.266222,0.248357
1967,0,0.011246,0.01415,0.012741
1967,1,0.000715,0.000739,0.000727
1967,2,0.0004,0.000554,0.000479
1967,3,0.000228,0.000648,0.000444
1967,4,0.000488,0.000443,0.000465
1967,5,0.000252,0.000442,0.000349
1967,6,0.000278,0.000511,0.000398
1967,7,0.000279,0.000378,0.00033
1967,8,0.000256,0.00037,0.000315
1967,9,0.000214,0.000277,0.000246
1967,10,0.000231,0.00031,0.000271
1967,11,0.000212,0.000236,0.000224
1967,12,9.8e-05,0.000315,0.000209
1967,13,0.000231,0.000346,0.00029
1967,14,0.000395,0.000374,0.000384
1967,15,0.000266,0.000433,0.000352
1967,16,0.000296,0.000665,0.000486
1967,17,0.000297,0.000583,0.000444
1967,18,0.000346,0.001208,0.000784
1967,19,0.000366,0.000833,0.000603
1967,20,0.000246,0.001009,0.000634
1967,21,0.000469,0.000982,0.000732
1967,22,0.0005,0.001214,0.000868
1967,23,0.000564,0.001015,0.000797
1967,24,0.000538,0.001097,0.000827
1967,25,0.000593,0.000993,0.000801
1967,26,0.000519,0.001094,0.000818
1967,27,0.000733,0.001516,0.001139
1967,28,0.000517,0.001338,0.00094
1967,29,0.00069,0.001257,0.000983
1967,30,0.000555,0.001388,0.000983
1967,31,0.000637,0.001446,0.001052
1967,32,0.001049,0.001289,0.001172
1967,33,0.000917,0.001497,0.001213
1967,34,0.000971,0.001819,0.001401
1967,35,0.001009,0.00178,0.001398
1967,36,0.000976,0.001562,0.001271
1967,37,0.001052,0.001818,0.001437
1967,38,0.000968,0.00202,0.001497
1967,39,0.001242,0.002308,0.001778
1967,40,0.001395,0.002408,0.001905
1967,41,0.001584,0.002713,0.002151
1967,42,0.001604,0.003099,0.002355
1967,43,0.001933,0.003248,0.002594
1967,44,0.001998,0.002786,0.002395
1967,45,0.002119,0.003203,0.002663
1967,46,0.0025,0.003792,0.00315
1967,47,0.002766,0.004229,0.003503
1967,48,0.003104,0.004718,0.003917
1967,49,0.00278,0.004992,0.003889
1967,50,0.003301,0.004853,0.00408
1967,51,0.003685,0.005794,0.004742
1967,52,0.003845,0.006655,0.005249
1967,53,0.004073,0.007581,0.005828
1967,54,0.004312,0.008507,0.006414
1967,55,0.004876,0.008296,0.006588
1967,56,0.005159,0.010121,0.007645
1967,57,0.006413,0.010848,0.008625
1967,58,0.006926,0.011741,0.009311
1967,59,0.006946,0.012264,0.009564
1967,60,0.007403,0.014799,0.011029
1967,61,0.008623,0.017405,0.012884
1967,62,0.00999,0.017838,0.013773
1967,63,0.012261,0.019882,0.01593
1967,64,0.010579,0.022115,0.016092
1967,65,0.01364,0.023744,0.018449
1967,66,0.01541,0.027786,0.021258
1967,67,0.017015,0.031064,0.02359
1967,68,0.01884,0.033121,0.025489
1967,69,0.024103,0.036492,0.029858
1967,70,0.024583,0.040571,0.031968
1967,71,0.028804,0.044838,0.036146
1967,72,0.032887,0.049146,0.040216
1967,73,0.035019,0.053096,0.043073
1967,74,0.040818,0.059677,0.049191
1967,75,0.047606,0.068037,0.056564
1967,76,0.052915,0.073433,0.061848
1967,77,0.061707,0.083032,0.070913
1967,78,0.070984,0.088877,0.078684
1967,79,0.081385,0.096582,0.087907
1967,80,0.081282,0.102063,0.090166
1967,81,0.097594,0.112576,0.103998
1967,82,0.105642,0.135257,0.118228
1967,83,0.115292,0.148602,0.129288
1967,84,0.132583,0.158226,0.143292
1967,85,0.153728,0.169907,0.160475
1967,86,0.166548,0.187992,0.175382
1967,87,0.179192,0.209722,0.191768
1967,88,0.203944,0.221069,0.210967
1967,89,0.214635,0.24924,0.228994
1967,90,0.231524,0.265148,0.245302
1968,0,0.010967,0.014609,0.012838
1968,1,0.000573,0.000842,0.000711
1968,2,0.000494,0.000547,0.000521
1968,3,0.000316,0.00068,0.000503
1968,4,0.000316,0.000532,0.000427
1968,5,0.000356,0.000425,0.000392
1968,6,0.000504,0.00046,0.000482
1968,7,0.000338,0.000397,0.000368
1968,8,0.000419,0.000529,0.000475
1968,9,0.000236,0.00037,0.000305
1968,10,0.000155,0.000388,0.000274
1968,11,0.000192,0.000327,0.000262
1968,12,0.000347,0.000218,0.00028
1968,13,0.000254,0.000463,0.000361
1968,14,0.000269,0.000364,0.000318
1968,15,0.000282,0.000622,0.000457
1968,16,0.000228,0.000811,0.000527
1968,17,0.000496,0.000716,0.000609
1968,18,0.000416,0.001045,0.000737
1968,19,0.000505,0.001297,0.000907
1968,20,0.000537,0.001309,0.000928
1968,21,0.000519,0.000941,0.000734
1968,22,0.000452,0.001106,0.000787
1968,23,0.000454,0.001111,0.000792
1968,24,0.000548,0.00122,0.000895
1968,25,0.000454,0.000924,0.000697
1968,26,0.000537,0.000993,0.000774
1968,27,0.000581,0.001556,0.001088
1968,28,0.000489,0.001291,0.000904
1968,29,0.000578,0.001417,0.001011
1968,30,0.000733,0.001605,0.001182
1968,31,0.000756,0.001327,0.001049
1968,32,0.000842,0.001623,0.001242
1968,33,0.000559,0.001735,0.001161
1968,34,0.000988,0.001704,0.001352
1968,35,0.000972,0.001845,0.001414
1968,36,0.001009,0.001961,0.001489
1968,37,0.001215,0.002058,0.001639
1968,38,0.001293,0.002124,0.001711
1968,39,0.001076,0.002174,0.001628
1968,40,0.001458,0.002186,0.001823
1968,41,0.001501,0.002001,0.001752
1968,42,0.001932,0.002396,0.002165
1968,43,0.001428,0.003227,0.002331
1968,44,0.002013,0.002434,0.002224
1968,45,0.002078,0.003498,0.002792
1968,46,0.002734,0.004,0.003369
1968,47,0.002816,0.004337,0.00358
1968,48,0.003139,0.00478,0.003965
1968,49,0.00256,0.004699,0.003636
1968,50,0.003284,0.005055,0.004171
1968,51,0.003055,0.006211,0.004638
1968,52,0.004153,0.006818,0.005487
1968,53,0.004517,0.006522,0.005517
1968,54,0.004473,0.007829,0.00615
1968,55,0.004693,0.008883,0.006788
1968,56,0.005804,0.009293,0.007548
1968,57,0.006044,0.010809,0.008426
1968,58,0.00739,0.011828,0.009599
1968,59,0.007814,0.013125,0.010438
1968,60,0.00786,0.013977,0.010862
1968,61,0.008662,0.016066,0.012278
1968,62,0.009723,0.017495,0.013479
1968,63,0.011211,0.020513,0.015677
1968,64,0.012444,0.020756,0.016427
1968,65,0.014318,0.023753,0.018804
1968,66,0.016096,0.026579,0.021056
1968,67,0.017014,0.029327,0.022793
1968,68,0.018702,0.03471,0.026136
1968,69,0.021623,0.035041,0.027827
1968,70,0.024819,0.040087,0.031853
1968,71,0.028144,0.045231,0.035972
1968,72,0.034034,0.05107,0.041761
1968,73,0.038698,0.056605,0.046679
1968,74,0.04109,0.057946,0.048533
1968,75,0.04719,0.069446,0.056949
1968,76,0.054774,0.075185,0.063617
1968,77,0.062137,0.083432,0.0713
1968,78,0.068335,0.091581,0.078252
1968,79,0.081035,0.096981,0.087816
1968,80,0.08711,0.111331,0.097369
1968,81,0.097474,0.123706,0.108557
1968,82,0.115339,0.132824,0.122715
1968,83,0.127209,0.144228,0.134355
1968,84,0.129983,0.157327,0.141292
1968,85,0.147052,0.177237,0.159516
1968,86,0.168337,0.206989,0.184215
1968,87,0.179913,0.222109,0.196973
1968,88,0.218459,0.235588,0.225382
1968,89,0.212935,0.256215,0.230435
1968,90,0.248711,0.267826,0.256477
1969,0,0.009313,0.013843,0.011643
1969,1,0.000583,0.000754,0.000671
1969,2,0.000369,0.000681,0.000529
1969,3,0.000423,0.00048,0.000452
1969,4,0.000415,0.000725,0.000574
1969,5,0.000279,0.000497,0.000391
1969,6,0.000299,0.000566,0.000436
1969,7,0.000348,0.000495,0.000423
1969,8,0.000356,0.000395,0.000376
1969,9,0.000159,0.000395,0.00028
1969,10,0.000157,0.000221,0.00019
1969,11,0.000194,0.000386,0.000292
1969,12,0.000154,0.000435,0.000298
1969,13,0.000308,0.000199,0.000252
1969,14,0.000253,0.000277,0.000265
1969,15,0.000306,0.000889,0.000606
1969,16,0.000485,0.000868,0.000681
1969,17,0.000319,0.000895,0.000614
1969,18,0.000434,0.000811,0.000627
1969,19,0.000579,0.001228,0.00091
1969,20,0.000465,0.001193,0.000832
1969,21,0.000311,0.000799,0.000559
1969,22,0.000468,0.001026,0.000753
1969,23,0.000553,0.001189,0.00088
1969,24,0.000406,0.001086,0.000757
1969,25,0.0005,0.001152,0.000837
1969,26,0.000519,0.001136,0.000839
1969,27,0.000499,0.001074,0.000798
1969,28,0.00058,0.001185,0.000894
1969,29,0.000508,0.001438,0.000989
1969,30,0.000762,0.001374,0.001078
1969,31,0.000754,0.001155,0.000961
1969,32,0.000754,0.001494,0.001134
1969,33,0.000636,0.00149,0.001074
1969,34,0.000977,0.001621,0.001306
1969,35,0.00094,0.001475,0.001212
1969,36,0.000878,0.001709,0.001299
1969,37,0.001165,0.001872,0.001521
1969,38,0.001106,0.002164,0.001638
1969,39,0.001379,0.001906,0.001644
1969,40,0.001635,0.002494,0.002066
1969,41,0.001264,0.002378,0.001824
1969,42,0.001939,0.002829,0.002386
1969,43,0.002197,0.002841,0.002521
1969,44,0.002222,0.003054,0.002639
1969,45,0.002384,0.00357,0.00298
1969,46,0.002485,0.004023,0.003258
1969,47,0.002847,0.004139,0.003495
1969,48,0.003011,0.004643,0.00383
1969,49,0.002988,0.004938,0.003968
1969,50,0.003284,0.004882,0.004086
1969,51,0.003772,0.006672,0.005224
1969,52,0.003814,0.006069,0.004943
1969,53,0.004447,0.007158,0.005803
1969,54,0.004981,0.007841,0.006406
1969,55,0.005766,0.008295,0.007027
1969,56,0.005483,0.009419,0.007447
1969,57,0.006029,0.010979,0.008497
1969,58,0.006945,0.01197,0.009451
1969,59,0.006656,0.013829,0.010216
1969,60,0.008461,0.013606,0.010995
1969,61,0.009667,0.0163,0.012911
1969,62,0.010916,0.019068,0.014883
1969,63,0.011271,0.021216,0.016056
1969,64,0.012492,0.022739,0.017387
1969,65,0.012555,0.023647,0.017844
1969,66,0.015298,0.027921,0.021266
1969,67,0.016486,0.030894,0.023258
1969,68,0.018954,0.034526,0.026206
1969,69,0.021478,0.037284,0.028759
1969,70,0.025454,0.041474,0.032797
1969,71,0.029544,0.045313,0.036742
1969,72,0.033092,0.050832,0.041144
1969,73,0.037056,0.056057,0.045587
1969,74,0.042391,0.066204,0.052882
1969,75,0.046089,0.068225,0.055746
1969,76,0.050573,0.073955,0.0607
1969,77,0.059281,0.083396,0.069593
1969,78,0.068329,0.088444,0.076876
1969,79,0.077475,0.099567,0.086791
1969,80,0.082614,0.111908,0.0949
1969,81,0.095363,0.120802,0.105966
1969,82,0.103777,0.126257,0.113145
1969,83,0.119703,0.144455,0.130027
1969,84,0.132493,0.150387,0.139904
1969,85,0.146946,0.170806,0.156673
1969,86,0.164626,0.198918,0.178522
1969,87,0.18065,0.210112,0.192499
1969,88,0.195759,0.221361,0.205923
1969,89,0.217383,0.271657,0.238848
1969,90,0.233572,0.272622,0.248933
1970,0,0.009693,0.013008,0.011397
1970,1,0.000539,0.000792,0.000669
1970,2,0.00042,0.000514,0.000468
1970,3,0.000432,0.000643,0.000541
1970,4,0.000252,0.000636,0.000449
1970,5,0.000445,0.000564,0.000506
1970,6,0.000469,0.00028,0.000372
1970,7,0.000334,0.000475,0.000407
1970,8,0.000231,0.000474,0.000356
1970,9,0.000295,0.00045,0.000375
1970,10,0.000277,0.000337,0.000308
1970,11,0.000137,0.000422,0.000284
1970,12,0.000173,0.000165,0.000169
1970,13,0.000267,0.000361,0.000316
1970,14,0.000211,0.000468,0.000343
1970,15,0.000445,0.000735,0.000594
1970,16,0.000341,0.000938,0.000647
1970,17,0.000515,0.000684,0.000602
1970,18,0.000588,0.001091,0.000845
1970,19,0.000442,0.001254,0.000856
1970,20,0.000416,0.001166,0.000796
1970,21,0.000408,0.001047,0.000733
1970,22,0.000567,0.001085,0.000831
1970,23,0.000506,0.000974,0.000746
1970,24,0.000458,0.00114,0.00081
1970,25,0.000552,0.000737,0.000648
1970,26,0.000466,0.00127,0.000882
1970,27,0.000583,0.001156,0.000881
1970,28,0.000459,0.001182,0.000836
1970,29,0.000535,0.001365,0.000967
1970,30,0.000587,0.001464,0.001042
1970,31,0.000595,0.001519,0.001072
1970,32,0.000536,0.001269,0.000914
1970,33,0.000795,0.001318,0.001064
1970,34,0.000769,0.00146,0.001123
1970,35,0.000973,0.001569,0.001278
1970,36,0.00089,0.001672,0.001288
1970,37,0.00136,0.001816,0.001591
1970,38,0.001251,0.001734,0.001495
1970,39,0.001124,0.001815,0.001472
1970,40,0.00177,0.002311,0.002042
1970,41,0.001052,0.00266,0.001859
1970,42,0.001626,0.002758,0.002194
1970,43,0.002062,0.00264,0.002352
1970,44,0.001972,0.003284,0.002631
1970,45,0.002183,0.003705,0.002947
1970,46,0.002209,0.003345,0.002779
1970,47,0.002486,0.004183,0.003338
1970,48,0.002812,0.004419,0.003617
1970,49,0.003394,0.005103,0.004251
1970,50,0.003693,0.005285,0.004493
1970,51,0.003786,0.006251,0.005023
1970,52,0.003941,0.006888,0.005414
1970,53,0.004481,0.007117,0.005799
1970,54,0.004585,0.007707,0.006144
1970,55,0.004943,0.00823,0.006579
1970,56,0.005266,0.009687,0.007467
1970,57,0.005546,0.011107,0.008315
1970,58,0.00672,0.011168,0.008932
1970,59,0.006766,0.012069,0.009403
1970,60,0.008198,0.014722,0.011427
1970,61,0.008584,0.016068,0.012257
1970,62,0.009488,0.017056,0.013176
1970,63,0.010571,0.019144,0.014724
1970,64,0.011918,0.022488,0.016978
1970,65,0.01334,0.02336,0.0181
1970,66,0.014489,0.025935,0.019914
1970,67,0.0161,0.029378,0.022335
1970,68,0.018344,0.032171,0.024793
1970,69,0.020313,0.03513,0.027157
1970,70,0.023418,0.040405,0.031175
1970,71,0.026372,0.042131,0.033532
1970,72,0.028377,0.047799,0.037161
1970,73,0.032667,0.05183,0.04128
1970,74,0.037507,0.058932,0.04702
1970,75,0.04444,0.060736,0.051531
1970,76,0.049626,0.075123,0.060613
1970,77,0.051322,0.07622,0.061951
1970,78,0.062475,0.081759,0.070618
1970,79,0.069353,0.090411,0.078196
1970,80,0.078617,0.102571,0.088583
1970,81,0.090532,0.112715,0.099689
1970,82,0.099998,0.118029,0.107424
1970,83,0.10817,0.135718,0.119478
1970,84,0.11668,0.144395,0.128087
1970,85,0.127323,0.165763,0.142992
1970,86,0.151364,0.172176,0.159704
1970,87,0.163759,0.202402,0.179149
1970,88,0.178907,0.226848,0.19784
1970,89,0.195789,0.231243,0.20955
1970,90,0.222261,0.26673,0.239347
1971,0,0.009828,0.01301,0.011462
1971,1,0.000629,0.000578,0.000603
1971,2,0.000369,0.000543,0.000458
1971,3,0.000296,0.000413,0.000356
1971,4,0.000265,0.000297,0.000282
1971,5,0.000184,0.000523,0.000359
1971,6,0.000296,0.000407,0.000353
1971,7,0.000156,0.000477,0.000321
1971,8,0.000148,0.000316,0.000235
1971,9,0.000269,0.000255,0.000262
1971,10,0.000236,0.000468,0.000355
1971,11,0.000296,0.000262,0.000278
1971,12,0.000311,0.000476,0.000396
1971,13,0.000365,0.000329,0.000347
1971,14,0.000286,0.000361,0.000324
1971,15,0.000267,0.00088,0.000583
1971,16,0.000365,0.000678,0.000525
1971,17,0.000469,0.000952,0.000716
1971,18,0.000509,0.001147,0.000835
1971,19,0.000489,0.001256,0.00088
1971,20,0.00054,0.00115,0.00085
1971,21,0.000346,0.001156,0.000759
1971,22,0.000514,0.001198,0.000862
1971,23,0.000395,0.001088,0.00075
1971,24,0.000296,0.001119,0.000719
1971,25,0.000442,0.001257,0.000863
1971,26,0.000402,0.000914,0.000668
1971,27,0.000372,0.001092,0.000746
1971,28,0.000466,0.001045,0.000767
1971,29,0.000476,0.001078,0.00079
1971,30,0.000781,0.001325,0.001064
1971,31,0.000485,0.001218,0.000865
1971,32,0.000615,0.001191,0.000912
1971,33,0.001049,0.001328,0.001193
1971,34,0.000838,0.00182,0.001342
1971,35,0.000859,0.001502,0.001189
1971,36,0.000949,0.002032,0.001503
1971,37,0.001288,0.001875,0.001587
1971,38,0.001175,0.002106,0.001647
1971,39,0.001451,0.002238,0.001848
1971,40,0.001405,0.002285,0.001848
1971,41,0.00166,0.002789,0.002228
1971,42,0.00148,0.003259,0.002373
1971,43,0.001861,0.003059,0.002462
1971,44,0.002146,0.00339,0.00277
1971,45,0.001995,0.003253,0.002626
1971,46,0.002324,0.00334,0.002833
1971,47,0.002425,0.004897,0.003665
1971,48,0.003011,0.005025,0.004021
1971,49,0.003108,0.00523,0.00417
1971,50,0.00335,0.005745,0.00455
1971,51,0.003493,0.006131,0.004817
1971,52,0.003839,0.006782,0.005314
1971,53,0.004558,0.007317,0.005935
1971,54,0.004738,0.007466,0.0061
1971,55,0.004503,0.008717,0.006603
1971,56,0.005533,0.01007,0.007785
1971,57,0.0057,0.010985,0.008324
1971,58,0.006725,0.010515,0.008608
1971,59,0.006996,0.013003,0.009976
1971,60,0.007207,0.014733,0.010937
1971,61,0.008296,0.016722,0.012449
1971,62,0.009101,0.017594,0.013252
1971,63,0.010525,0.01899,0.014632
1971,64,0.012583,0.022459,0.017344
1971,65,0.012876,0.024647,0.018477
1971,66,0.013079,0.026529,0.01943
1971,67,0.016878,0.029695,0.02291
1971,68,0.018044,0.032887,0.024964
1971,69,0.018732,0.035823,0.02664
1971,70,0.023389,0.039695,0.030853
1971,71,0.02521,0.046286,0.034739
1971,72,0.028598,0.04727,0.036997
1971,73,0.033711,0.056725,0.044004
1971,74,0.03707,0.059262,0.04693
1971,75,0.042502,0.062124,0.051121
1971,76,0.048482,0.074806,0.059802
1971,77,0.054532,0.078184,0.064573
1971,78,0.061033,0.092299,0.074186
1971,79,0.066422,0.097337,0.079295
1971,80,0.076208,0.106814,0.088873
1971,81,0.087177,0.113563,0.097979
1971,82,0.094381,0.128957,0.108461
1971,83,0.11092,0.143479,0.124093
1971,84,0.11745,0.145925,0.128951
1971,85,0.134939,0.17255,0.150119
1971,86,0.146251,0.189541,0.163538
1971,87,0.154303,0.19569,0.170498
1971,88,0.168805,0.209412,0.184555
1971,89,0.197456,0.25184,0.218354
1971,90,0.218213,0.2493,0.230032
1972,0,0.008832,0.012728,0.010836
1972,1,0.000551,0.000646,0.000599
1972,2,0.000477,0.000453,0.000464
1972,3,0.000389,0.000579,0.000486
1972,4,0.00035,0.000381,0.000366
1972,5,0.000316,0.000471,0.000395
1972,6,0.000336,0.000413,0.000376
1972,7,0.000264,0.000408,0.000338
1972,8,0.000191,0.000412,0.000305
1972,9,0.000297,0.000352,0.000325
1972,10,0.000192,0.000292,0.000243
1972,11,0.000177,0.000281,0.00023
1972,12,0.000217,0.00028,0.00025
1972,13,0.000195,0.000275,0.000236
1972,14,0.000173,0.000384,0.000281
1972,15,0.000457,0.000685,0.000574
1972,16,0.0004,0.000718,0.000563
1972,17,0.000478,0.001172,0.000832
1972,18,0.000299,0.001272,0.000796
1972,19,0.000307,0.001025,0.000674
1972,20,0.000361,0.001087,0.000729
1972,21,0.000539,0.001211,0.000881
1972,22,0.000329,0.001046,0.000694
1972,23,0.000374,0.001201,0.000795
1972,24,0.000518,0.001238,0.000886
1972,25,0.00061,0.001139,0.000882
1972,26,0.000622,0.001194,0.000917
1972,27,0.000554,0.000932,0.00075
1972,28,0.000467,0.001228,0.000862
1972,29,0.000651,0.001268,0.000971
1972,30,0.000828,0.001304,0.001076
1972,31,0.00064,0.001086,0.000872
1972,32,0.000568,0.001527,0.001065
1972,33,0.000678,0.001584,0.001145
1972,34,0.000773,0.0016,0.001198
1972,35,0.001017,0.001768,0.001402
1972,36,0.000951,0.001618,0.001293
1972,37,0.001275,0.00182,0.001554
1972,38,0.001032,0.001929,0.001488
1972,39,0.001085,0.001937,0.001516
1972,40,0.001498,0.00247,0.001987
1972,41,0.001472,0.002532,0.002005
1972,42,0.001094,0.002433,0.001766
1972,43,0.001655,0.002933,0.002295
1972,44,0.002016,0.003672,0.002846
1972,45,0.001901,0.00376,0.002833
1972,46,0.002347,0.004407,0.00338
1972,47,0.00255,0.004132,0.003342
1972,48,0.002765,0.00483,0.0038
1972,49,0.002942,0.005905,0.004426
1972,50,0.00319,0.005736,0.004462
1972,51,0.003519,0.005626,0.004573
1972,52,0.004352,0.007123,0.005741
1972,53,0.004209,0.007082,0.005646
1972,54,0.004579,0.008452,0.006509
1972,55,0.00462,0.009088,0.006846
1972,56,0.005638,0.009927,0.007771
1972,57,0.00588,0.010079,0.007959
1972,58,0.006539,0.011831,0.00916
1972,59,0.0064,0.013419,0.009877
1972,60,0.007576,0.013596,0.010551
1972,61,0.008484,0.015228,0.011813
1972,62,0.009597,0.017081,0.013271
1972,63,0.010102,0.020084,0.014959
1972,64,0.011019,0.021115,0.015892
1972,65,0.012217,0.023315,0.017536
1972,66,0.014139,0.027806,0.020599
1972,67,0.016136,0.029092,0.022208
1972,68,0.017511,0.032685,0.024599
1972,69,0.019962,0.035935,0.027346
1972,70,0.022474,0.041381,0.031138
1972,71,0.025406,0.043994,0.033823
1972,72,0.028769,0.049546,0.038058
1972,73,0.032174,0.054067,0.0419
1972,74,0.03922,0.060784,0.048743
1972,75,0.04158,0.065374,0.052022
1972,76,0.049234,0.071993,0.059105
1972,77,0.05625,0.080292,0.066445
1972,78,0.062054,0.087547,0.072701
1972,79,0.066823,0.097804,0.079632
1972,80,0.074461,0.099785,0.084826
1972,81,0.082755,0.113092,0.095104
1972,82,0.089291,0.131066,0.10606
1972,83,0.106353,0.142633,0.120802
1972,84,0.118944,0.15443,0.133003
1972,85,0.134605,0.165166,0.146706
1972,86,0.148076,0.171798,0.157455
1972,87,0.15742,0.188797,0.169703
1972,88,0.171541,0.215965,0.188499
1972,89,0.191363,0.221377,0.202693
1972,90,0.221689,0.256406,0.234745
1973,0,0.008768,0.010672,0.009747
1973,1,0.000532,0.000643,0.000589
1973,2,0.000349,0.000472,0.000412
1973,3,0.000363,0.000418,0.000391
1973,4,0.000204,0.000387,0.000298
1973,5,0.000333,0.000449,0.000393
1973,6,0.000217,0.000252,0.000235
1973,7,0.000303,0.000303,0.000303
1973,8,0.000165,0.000252,0.000209
1973,9,0.000244,0.00038,0.000314
1973,10,0.000205,0.000194,0.000199
1973,11,0.000231,0.00031,0.000271
1973,12,0.000354,0.000318,0.000336
1973,13,0.000217,0.000262,0.00024
1973,14,0.000253,0.000422,0.00034
1973,15,0.000192,0.00086,0.000534
1973,16,0.000437,0.000685,0.000565
1973,17,0.000323,0.000646,0.000489
1973,18,0.000515,0.001188,0.000858
1973,19,0.000391,0.00111,0.000758
1973,20,0.000379,0.00115,0.000772
1973,21,0.000505,0.001347,0.000933
1973,22,0.000418,0.001077,0.000754
1973,23,0.000479,0.001128,0.00081
1973,24,0.000407,0.001131,0.000775
1973,25,0.000383,0.000878,0.000636
1973,26,0.000463,0.001047,0.000763
1973,27,0.000551,0.001049,0.000807
1973,28,0.000586,0.001247,0.000928
1973,29,0.000532,0.001061,0.000806
1973,30,0.00057,0.00123,0.000913
1973,31,0.000684,0.00152,0.001118
1973,32,0.000746,0.001518,0.001147
1973,33,0.000875,0.001367,0.00113
1973,34,0.000866,0.001305,0.001092
1973,35,0.000904,0.001611,0.001267
1973,36,0.001131,0.001695,0.00142
1973,37,0.000976,0.001803,0.001399
1973,38,0.00114,0.00201,0.001584
1973,39,0.0012,0.002169,0.001692
1973,40,0.001411,0.00256,0.001991
1973,41,0.001277,0.002551,0.001918
1973,42,0.001433,0.002719,0.002078
1973,43,0.001689,0.003518,0.002605
1973,44,0.001875,0.0031,0.002488
1973,45,0.002021,0.003433,0.002728
1973,46,0.002178,0.003824,0.003002
1973,47,0.002457,0.00431,0.003384
1973,48,0.002658,0.004536,0.003597
1973,49,0.002988,0.004978,0.003983
1973,50,0.003458,0.005536,0.004497
1973,51,0.003403,0.005959,0.004678
1973,52,0.003655,0.006555,0.005104
1973,53,0.004283,0.007429,0.005857
1973,54,0.004312,0.008354,0.00633
1973,55,0.004722,0.009268,0.006982
1973,56,0.00533,0.009829,0.007567
1973,57,0.005467,0.010613,0.008019
1973,58,0.006116,0.011644,0.008846
1973,59,0.006249,0.013458,0.009809
1973,60,0.007213,0.013748,0.010438
1973,61,0.007578,0.015436,0.011447
1973,62,0.009025,0.017661,0.013271
1973,63,0.009919,0.019611,0.014656
1973,64,0.011292,0.022683,0.016803
1973,65,0.012223,0.024989,0.018349
1973,66,0.014219,0.026932,0.020273
1973,67,0.016383,0.031364,0.023413
1973,68,0.017259,0.032526,0.024357
1973,69,0.019793,0.037646,0.028062
1973,70,0.021598,0.038576,0.029372
1973,71,0.025853,0.045123,0.034597
1973,72,0.028905,0.047671,0.037316
1973,73,0.030028,0.054199,0.040704
1973,74,0.037613,0.061237,0.047978
1973,75,0.042457,0.067983,0.053575
1973,76,0.045827,0.076456,0.059079
1973,77,0.052059,0.079804,0.063919
1973,78,0.058448,0.089073,0.071224
1973,79,0.067169,0.095801,0.078918
1973,80,0.071046,0.107858,0.085997
1973,81,0.081762,0.124447,0.098908
1973,82,0.094708,0.1225,0.105771
1973,83,0.104188,0.139956,0.118257
1973,84,0.116004,0.155101,0.131242
1973,85,0.140436,0.174452,0.153627
1973,86,0.148449,0.187243,0.16351
1973,87,0.168371,0.207807,0.183673
1973,88,0.181941,0.223572,0.197764
1973,89,0.187971,0.23138,0.204159
1973,90,0.207534,0.253053,0.224299
1974,0,0.008533,0.010641,0.009616
1974,1,0.000667,0.000774,0.000722
1974,2,0.000348,0.000521,0.000437
1974,3,0.000202,0.000262,0.000233
1974,4,0.000325,0.0004,0.000363
1974,5,0.00039,0.000617,0.000507
1974,6,0.000422,0.00035,0.000385
1974,7,0.000284,0.000253,0.000268
1974,8,0.000219,0.000144,0.000181
1974,9,6.6e-05,0.000252,0.000161
1974,10,0.000191,0.000265,0.000229
1974,11,0.000168,0.000352,0.000263
1974,12,0.000173,0.000237,0.000206
1974,13,0.000256,0.000337,0.000298
1974,14,0.000197,0.000449,0.000327
1974,15,0.00035,0.000385,0.000368
1974,16,0.000403,0.000769,0.00059
1974,17,0.00036,0.000811,0.000591
1974,18,0.000435,0.001163,0.000809
1974,19,0.000474,0.001056,0.000771
1974,20,0.000519,0.001072,0.000801
1974,21,0.00027,0.001231,0.000759
1974,22,0.000342,0.000941,0.000647
1974,23,0.000436,0.001108,0.000778
1974,24,0.000495,0.000953,0.000728
1974,25,0.00036,0.00107,0.000722
1974,26,0.00046,0.001027,0.00075
1974,27,0.000449,0.00105,0.000758
1974,28,0.000552,0.001038,0.000802
1974,29,0.000437,0.000997,0.000727
1974,30,0.000721,0.001328,0.001035
1974,31,0.000572,0.001235,0.000915
1974,32,0.000555,0.00139,0.000988
1974,33,0.000602,0.001584,0.001111
1974,34,0.000857,0.001966,0.00143
1974,35,0.000599,0.001721,0.001175
1974,36,0.001056,0.001331,0.001197
1974,37,0.001177,0.001596,0.001391
1974,38,0.001183,0.002029,0.001615
1974,39,0.001118,0.00213,0.001634
1974,40,0.001013,0.002637,0.001836
1974,41,0.001251,0.00273,0.001997
1974,42,0.001841,0.002963,0.002404
1974,43,0.001588,0.002795,0.002193
1974,44,0.002175,0.003446,0.002811
1974,45,0.001836,0.003178,0.002506
1974,46,0.002024,0.004333,0.003178
1974,47,0.002834,0.004389,0.003611
1974,48,0.002832,0.00462,0.003726
1974,49,0.002726,0.005567,0.004144
1974,50,0.002977,0.005752,0.004363
1974,51,0.00304,0.006942,0.004988
1974,52,0.003926,0.006697,0.005306
1974,53,0.004177,0.007306,0.005738
1974,54,0.004694,0.008543,0.006615
1974,55,0.005064,0.008955,0.007003
1974,56,0.005216,0.009398,0.00729
1974,57,0.006492,0.010402,0.008431
1974,58,0.006196,0.012217,0.009175
1974,59,0.006135,0.013547,0.009783
1974,60,0.007778,0.014749,0.011208
1974,61,0.007905,0.01556,0.011669
1974,62,0.007919,0.017608,0.012669
1974,63,0.009275,0.019181,0.014123
1974,64,0.011766,0.02191,0.016697
1974,65,0.012254,0.024549,0.018165
1974,66,0.0144,0.026157,0.020005
1974,67,0.014781,0.029601,0.021791
1974,68,0.017596,0.032307,0.024443
1974,69,0.019394,0.036439,0.027249
1974,70,0.022025,0.039139,0.029876
1974,71,0.024076,0.045857,0.033949
1974,72,0.028168,0.047814,0.036986
1974,73,0.031908,0.053668,0.041544
1974,74,0.036489,0.059132,0.046367
1974,75,0.039497,0.065809,0.050885
1974,76,0.047237,0.073738,0.058606
1974,77,0.051687,0.08331,0.065141
1974,78,0.056938,0.090244,0.070933
1974,79,0.065007,0.09531,0.077413
1974,80,0.072412,0.10629,0.086035
1974,81,0.081903,0.115165,0.09513
1974,82,0.092903,0.128645,0.10694
1974,83,0.10025,0.142518,0.116723
1974,84,0.109036,0.158048,0.127845
1974,85,0.129298,0.162767,0.142009
1974,86,0.146672,0.191551,0.163673
1974,87,0.146768,0.205932,0.1692
1974,88,0.176535,0.211501,0.189686
1974,89,0.184052,0.240043,0.204756
1974,90,0.213875,0.257191,0.229482
1975,0,0.007147,0.009511,0.00836
1975,1,0.000746,0.000657,0.0007
1975,2,0.000295,0.000491,0.000395
1975,3,0.000256,0.000364,0.000311
1975,4,0.000257,0.000437,0.000349
1975,5,0.000248,0.000508,0.000381
1975,6,0.00039,0.000282,0.000335
1975,7,0.000211,0.000334,0.000274
1975,8,0.000184,0.000379,0.000284
1975,9,0.000236,0.000399,0.00032
1975,10,0.000297,0.000189,0.000242
1975,11,0.000122,0.000165,0.000144
1975,12,0.000242,0.000352,0.000298
1975,13,0.000269,0.000237,0.000252
1975,14,0.000374,0.000505,0.000441
1975,15,0.000375,0.000523,0.000451
1975,16,0.000524,0.000733,0.000632
1975,17,0.000363,0.000987,0.000682
1975,18,0.000528,0.001113,0.000828
1975,19,0.000394,0.00105,0.00073
1975,20,0.000301,0.001359,0.00084
1975,21,0.000221,0.001258,0.000749
1975,22,0.000411,0.001376,0.000903
1975,23,0.000503,0.001194,0.000855
1975,24,0.00033,0.001235,0.000791
1975,25,0.000609,0.000995,0.000806
1975,26,0.000501,0.001338,0.000928
1975,27,0.00046,0.001142,0.000809
1975,28,0.000494,0.001035,0.000772
1975,29,0.000537,0.001135,0.000845
1975,30,0.000603,0.001264,0.000945
1975,31,0.000831,0.001168,0.001005
1975,32,0.000605,0.001408,0.001021
1975,33,0.000833,0.001444,0.00115
1975,34,0.000769,0.001393,0.001092
1975,35,0.000775,0.001224,0.001007
1975,36,0.000682,0.002056,0.001387
1975,37,0.001035,0.001867,0.001461
1975,38,0.001178,0.002324,0.001763
1975,39,0.001274,0.00236,0.001828
1975,40,0.001305,0.002607,0.001968
1975,41,0.001437,0.002896,0.002176
1975,42,0.001507,0.00276,0.002138
1975,43,0.002023,0.003193,0.00261
1975,44,0.002048,0.003216,0.002633
1975,45,0.001936,0.004141,0.003038
1975,46,0.002119,0.003797,0.002957
1975,47,0.002611,0.004631,0.003619
1975,48,0.002987,0.004409,0.003697
1975,49,0.003396,0.005654,0.004523
1975,50,0.003175,0.005497,0.004332
1975,51,0.003517,0.006022,0.004767
1975,52,0.004185,0.006494,0.005336
1975,53,0.003905,0.007671,0.005778
1975,54,0.00458,0.008426,0.006494
1975,55,0.004394,0.008869,0.006623
1975,56,0.006015,0.00961,0.007803
1975,57,0.005388,0.011056,0.008194
1975,58,0.006267,0.011871,0.009039
1975,59,0.006461,0.012727,0.009552
1975,60,0.007361,0.01564,0.01142
1975,61,0.008119,0.016591,0.01227
1975,62,0.00867,0.017377,0.012932
1975,63,0.009746,0.018851,0.014188
1975,64,0.010728,0.020897,0.015679
1975,65,0.012422,0.023951,0.017994
1975,66,0.013526,0.026657,0.019797
1975,67,0.014869,0.030267,0.02216
1975,68,0.016611,0.033869,0.024708
1975,69,0.020096,0.036722,0.027767
1975,70,0.021854,0.03919,0.029769
1975,71,0.023938,0.04335,0.032753
1975,72,0.0283,0.047696,0.036994
1975,73,0.029832,0.055386,0.041168
1975,74,0.033644,0.059036,0.04474
1975,75,0.040764,0.066589,0.051871
1975,76,0.04756,0.073603,0.058668
1975,77,0.052729,0.081446,0.064851
1975,78,0.059292,0.086021,0.070478
1975,79,0.064121,0.10026,0.079026
1975,80,0.073036,0.107987,0.08705
1975,81,0.080226,0.113439,0.093313
1975,82,0.092244,0.137897,0.109989
1975,83,0.105132,0.136926,0.117334
1975,84,0.114883,0.154523,0.129948
1975,85,0.126727,0.167163,0.141838
1975,86,0.144306,0.17929,0.157255
1975,87,0.159932,0.199619,0.17462
1975,88,0.175414,0.232795,0.196589
1975,89,0.185778,0.226594,0.200707
1975,90,0.211728,0.262114,0.229777
1976,0,0.007328,0.008943,0.008157
1976,1,0.000475,0.000561,0.000519
1976,2,0.000278,0.00053,0.000407
1976,3,0.000165,0.000367,0.000269
1976,4,0.000309,0.000294,0.000301
1976,5,0.000329,0.000331,0.00033
1976,6,0.000191,0.000344,0.000269
1976,7,0.000241,0.000282,0.000262
1976,8,0.00014,0.000333,0.000239
1976,9,0.000283,0.000378,0.000332
1976,10,0.000151,0.000367,0.000262
1976,11,0.000247,0.000251,0.000249
1976,12,0.000191,0.000247,0.00022
1976,13,0.000111,0.000281,0.000199
1976,14,0.000326,0.000546,0.000439
1976,15,0.000393,0.000542,0.000469
1976,16,0.000393,0.000747,0.000574
1976,17,0.000406,0.000805,0.000611
1976,18,0.00057,0.000836,0.000706
1976,19,0.000486,0.001069,0.000784
1976,20,0.000372,0.001132,0.000761
1976,21,0.000616,0.001166,0.000896
1976,22,0.000639,0.001087,0.000868
1976,23,0.000497,0.001124,0.000817
1976,24,0.00041,0.001114,0.000769
1976,25,0.000467,0.001093,0.000787
1976,26,0.000525,0.001225,0.000883
1976,27,0.000593,0.001213,0.000909
1976,28,0.000505,0.001109,0.000815
1976,29,0.000643,0.001189,0.000924
1976,30,0.000656,0.001203,0.000938
1976,31,0.000632,0.001263,0.000959
1976,32,0.000689,0.001403,0.001058
1976,33,0.00084,0.001345,0.001102
1976,34,0.000926,0.00136,0.001151
1976,35,0.001018,0.001647,0.001343
1976,36,0.000755,0.00203,0.001413
1976,37,0.001136,0.001706,0.001428
1976,38,0.001229,0.002177,0.001715
1976,39,0.001311,0.002092,0.00171
1976,40,0.001274,0.002496,0.001897
1976,41,0.001679,0.002387,0.002039
1976,42,0.001533,0.002903,0.002226
1976,43,0.001902,0.003084,0.002498
1976,44,0.002093,0.003267,0.002682
1976,45,0.00194,0.003488,0.002714
1976,46,0.001916,0.004178,0.003045
1976,47,0.002361,0.004465,0.00341
1976,48,0.002616,0.004388,0.0035
1976,49,0.002615,0.005023,0.003816
1976,50,0.003445,0.005976,0.004707
1976,51,0.003063,0.006503,0.004776
1976,52,0.003923,0.006455,0.005184
1976,53,0.004063,0.007828,0.005937
1976,54,0.004177,0.008273,0.00621
1976,55,0.004846,0.008981,0.0069
1976,56,0.005205,0.010602,0.007888
1976,57,0.005538,0.01171,0.008599
1976,58,0.00587,0.012479,0.009131
1976,59,0.006533,0.013432,0.009935
1976,60,0.007126,0.014189,0.010597
1976,61,0.008369,0.017188,0.012674
1976,62,0.008994,0.017066,0.012932
1976,63,0.01027,0.020408,0.015209
1976,64,0.011214,0.021905,0.016402
1976,65,0.011663,0.024912,0.018076
1976,66,0.012321,0.0263,0.01903
1976,67,0.014966,0.029657,0.02193
1976,68,0.016425,0.034123,0.024735
1976,69,0.018996,0.03611,0.026955
1976,70,0.02119,0.040419,0.029982
1976,71,0.024855,0.045464,0.034168
1976,72,0.025938,0.051235,0.037285
1976,73,0.031417,0.054093,0.041454
1976,74,0.034034,0.062083,0.046302
1976,75,0.038565,0.066184,0.05045
1976,76,0.045372,0.073954,0.057467
1976,77,0.052838,0.082908,0.065467
1976,78,0.056601,0.091734,0.071183
1976,79,0.065055,0.097617,0.07843
1976,80,0.07366,0.104555,0.086145
1976,81,0.085605,0.123724,0.100562
1976,82,0.095662,0.128056,0.108138
1976,83,0.102118,0.145899,0.118741
1976,84,0.113128,0.159704,0.130579
1976,85,0.13363,0.175211,0.149011
1976,86,0.155501,0.188504,0.16754
1976,87,0.164282,0.204155,0.178654
1976,88,0.175847,0.224369,0.193307
1976,89,0.196018,0.236738,0.210578
1976,90,0.214065,0.265786,0.232417
1977,0,0.006944,0.008918,0.007958
1977,1,0.000445,0.000559,0.000503
1977,2,0.000132,0.000522,0.000332
1977,3,0.000258,0.000493,0.000378
1977,4,0.000274,0.000418,0.000348
1977,5,0.000163,0.00031,0.000239
1977,6,0.000164,0.000348,0.000258
1977,7,9.5e-05,0.000362,0.000232
1977,8,0.000167,0.000281,0.000225
1977,9,0.000262,0.0001,0.000179
1977,10,0.0001,0.00033,0.000218
1977,11,0.000118,0.000271,0.000196
1977,12,0.00023,0.000204,0.000217
1977,13,0.000295,0.000181,0.000236
1977,14,0.000259,0.000246,0.000252
1977,15,0.000325,0.000545,0.000438
1977,16,0.000372,0.000485,0.00043
1977,17,0.000332,0.000875,0.00061
1977,18,0.000422,0.000855,0.000645
1977,19,0.000376,0.000975,0.000682
1977,20,0.000388,0.00101,0.000706
1977,21,0.000606,0.001068,0.000843
1977,22,0.000369,0.001153,0.000769
1977,23,0.000362,0.001369,0.000876
1977,24,0.000441,0.000809,0.000629
1977,25,0.00039,0.001206,0.000807
1977,26,0.000499,0.001019,0.000765
1977,27,0.000474,0.001295,0.000894
1977,28,0.000436,0.001342,0.000898
1977,29,0.000534,0.001324,0.000939
1977,30,0.000478,0.001299,0.0009
1977,31,0.000595,0.00137,0.000995
1977,32,0.000692,0.001361,0.001038
1977,33,0.000736,0.001066,0.000907
1977,34,0.000588,0.001518,0.001069
1977,35,0.000814,0.001758,0.001303
1977,36,0.000664,0.001533,0.001113
1977,37,0.00106,0.002166,0.00163
1977,38,0.00128,0.001865,0.00158
1977,39,0.001078,0.002489,0.0018
1977,40,0.001489,0.00216,0.001831
1977,41,0.001684,0.002807,0.002256
1977,42,0.001423,0.003206,0.002329
1977,43,0.001958,0.003786,0.002882
1977,44,0.00188,0.003458,0.002674
1977,45,0.002072,0.003412,0.002743
1977,46,0.001767,0.004594,0.003179
1977,47,0.002801,0.004328,0.003562
1977,48,0.002538,0.004023,0.003278
1977,49,0.003032,0.005476,0.00425
1977,50,0.003488,0.005901,0.00469
1977,51,0.003144,0.006908,0.005017
1977,52,0.003597,0.006853,0.005215
1977,53,0.004135,0.007702,0.005909
1977,54,0.004295,0.007928,0.006099
1977,55,0.004638,0.009646,0.007118
1977,56,0.005258,0.00975,0.007484
1977,57,0.005085,0.011081,0.008057
1977,58,0.006182,0.01115,0.008638
1977,59,0.00684,0.013151,0.009944
1977,60,0.007114,0.014769,0.010876
1977,61,0.008241,0.015171,0.011633
1977,62,0.008397,0.017993,0.013062
1977,63,0.009096,0.019078,0.013941
1977,64,0.010701,0.022033,0.016192
1977,65,0.010989,0.023782,0.01716
1977,66,0.013359,0.026212,0.019536
1977,67,0.014588,0.029639,0.021755
1977,68,0.01526,0.032616,0.023418
1977,69,0.017302,0.0358,0.025903
1977,70,0.019235,0.037602,0.027693
1977,71,0.022393,0.044693,0.032483
1977,72,0.025324,0.04774,0.035327
1977,73,0.028549,0.052983,0.039366
1977,74,0.031826,0.055718,0.042261
1977,75,0.037873,0.069298,0.051408
1977,76,0.042379,0.068293,0.05334
1977,77,0.046197,0.077703,0.059316
1977,78,0.055502,0.08485,0.067603
1977,79,0.062515,0.096629,0.076413
1977,80,0.066187,0.107728,0.082913
1977,81,0.080412,0.117122,0.094922
1977,82,0.083785,0.12908,0.101139
1977,83,0.098401,0.133834,0.111721
1977,84,0.110623,0.14726,0.124195
1977,85,0.124459,0.164497,0.13906
1977,86,0.130498,0.18024,0.148468
1977,87,0.152125,0.198403,0.168529
1977,88,0.169666,0.220382,0.187401
1977,89,0.178354,0.239108,0.199506
1977,90,0.20258,0.245059,0.21731
1978,0,0.006596,0.008758,0.007706
1978,1,0.000587,0.000478,0.000531
1978,2,0.000363,0.000192,0.000275
1978,3,0.000207,0.000413,0.000312
1978,4,0.00024,0.000386,0.000315
1978,5,0.000237,0.000539,0.000392
1978,6,0.000181,0.000275,0.000229
1978,7,0.0002,0.000295,0.000249
1978,8,0.000209,0.000289,0.00025
1978,9,0.000129,0.000176,0.000153
1978,10,0.000175,0.000233,0.000204
1978,11,0.000216,0.00022,0.000218
1978,12,0.000101,0.000254,0.00018
1978,13,0.000148,0.000423,0.000289
1978,14,0.000173,0.000313,0.000245
1978,15,0.000481,0.000473,0.000477
1978,16,0.000248,0.00049,0.000372
1978,17,0.000253,0.000764,0.000514
1978,18,0.000505,0.001335,0.00093
1978,19,0.000418,0.001122,0.000779
1978,20,0.000484,0.001114,0.000804
1978,21,0.000475,0.001246,0.000868
1978,22,0.0004,0.00125,0.000835
1978,23,0.000384,0.000983,0.00069
1978,24,0.000538,0.001082,0.000816
1978,25,0.00035,0.001137,0.000753
1978,26,0.000423,0.001114,0.000776
1978,27,0.000514,0.001323,0.000928
1978,28,0.000554,0.001212,0.000891
1978,29,0.000403,0.001308,0.000865
1978,30,0.000411,0.001191,0.000811
1978,31,0.000671,0.001368,0.001029
1978,32,0.000788,0.001426,0.001116
1978,33,0.000601,0.001333,0.00098
1978,34,0.000641,0.00168,0.001179
1978,35,0.000856,0.001896,0.001394
1978,36,0.000925,0.001657,0.001303
1978,37,0.000913,0.00173,0.001335
1978,38,0.000896,0.001959,0.001443
1978,39,0.001177,0.001691,0.00144
1978,40,0.001014,0.002308,0.001676
1978,41,0.001223,0.002228,0.001735
1978,42,0.001776,0.002967,0.002382
1978,43,0.001867,0.003283,0.002586
1978,44,0.001865,0.0038,0.002841
1978,45,0.00209,0.003653,0.002876
1978,46,0.002007,0.003537,0.002772
1978,47,0.002054,0.00393,0.00299
1978,48,0.002828,0.005171,0.003994
1978,49,0.002717,0.005141,0.003922
1978,50,0.002475,0.005967,0.004212
1978,51,0.003731,0.005935,0.004827
1978,52,0.003381,0.006659,0.005009
1978,53,0.004177,0.007665,0.005907
1978,54,0.00411,0.008366,0.006222
1978,55,0.004489,0.009166,0.006806
1978,56,0.004582,0.01014,0.007326
1978,57,0.005389,0.01109,0.008206
1978,58,0.005601,0.011709,0.008619
1978,59,0.006539,0.01329,0.009865
1978,60,0.007012,0.015006,0.010929
1978,61,0.008389,0.014601,0.011429
1978,62,0.007612,0.017026,0.0122
1978,63,0.008716,0.020094,0.014217
1978,64,0.009364,0.021951,0.015435
1978,65,0.011683,0.023989,0.017608
1978,66,0.013142,0.027138,0.019846
1978,67,0.013644,0.029333,0.021124
1978,68,0.015922,0.032019,0.023524
1978,69,0.017398,0.034606,0.025413
1978,70,0.020187,0.038329,0.028537
1978,71,0.023692,0.044394,0.033124
1978,72,0.025953,0.046875,0.035314
1978,73,0.027948,0.053933,0.039388
1978,74,0.032418,0.058588,0.043838
1978,75,0.035998,0.06473,0.048354
1978,76,0.042402,0.071458,0.054707
1978,77,0.04966,0.080586,0.062524
1978,78,0.054345,0.087708,0.067986
1978,79,0.061974,0.094158,0.074992
1978,80,0.070511,0.107361,0.085205
1978,81,0.077438,0.109167,0.089938
1978,82,0.083394,0.127103,0.100252
1978,83,0.097889,0.136278,0.112197
1978,84,0.109267,0.150238,0.124315
1978,85,0.121132,0.168652,0.138286
1978,86,0.135147,0.181192,0.151457
1978,87,0.151772,0.209746,0.172045
1978,88,0.167888,0.22071,0.185971
1978,89,0.183402,0.221443,0.196263
1978,90,0.205779,0.263006,0.225069
1979,0,0.006579,0.008597,0.007613
1979,1,0.000562,0.000781,0.000674
1979,2,0.000335,0.000438,0.000388
1979,3,0.000282,0.00025,0.000265
1979,4,0.000338,0.000395,0.000367
1979,5,0.000313,0.000333,0.000323
1979,6,0.000183,0.000313,0.000249
1979,7,9.1e-05,0.000258,0.000177
1979,8,7.3e-05,0.000295,0.000187
1979,9,0.000266,0.000235,0.00025
1979,10,0.000129,0.000105,0.000117
1979,11,0.000245,0.000233,0.000238
1979,12,0.000283,0.00022,0.00025
1979,13,0.000151,0.00027,0.000212
1979,14,0.00023,0.000235,0.000232
1979,15,0.000381,0.000723,0.000557
1979,16,0.000222,0.000578,0.000405
1979,17,0.000323,0.000671,0.000501
1979,18,0.000406,0.00089,0.000653
1979,19,0.000346,0.001088,0.000725
1979,20,0.000489,0.000936,0.000718
1979,21,0.000203,0.001085,0.000652
1979,22,0.000453,0.000939,0.000701
1979,23,0.000524,0.001101,0.000819
1979,24,0.0004,0.001272,0.000845
1979,25,0.000339,0.000921,0.000637
1979,26,0.000471,0.001197,0.000843
1979,27,0.000492,0.001394,0.000954
1979,28,0.000513,0.000977,0.00075
1979,29,0.000602,0.001209,0.000913
1979,30,0.000682,0.001382,0.001039
1979,31,0.000487,0.00138,0.000944
1979,32,0.000581,0.001172,0.000884
1979,33,0.000758,0.001525,0.001153
1979,34,0.000917,0.001462,0.001199
1979,35,0.000751,0.001815,0.001301
1979,36,0.000873,0.001774,0.001339
1979,37,0.00061,0.001817,0.001234
1979,38,0.001038,0.002182,0.001628
1979,39,0.001345,0.002155,0.001762
1979,40,0.001343,0.002148,0.001755
1979,41,0.001706,0.002687,0.002207
1979,42,0.001424,0.002749,0.002098
1979,43,0.002028,0.002646,0.002342
1979,44,0.001543,0.003226,0.002396
1979,45,0.001938,0.003463,0.002707
1979,46,0.001977,0.003874,0.00293
1979,47,0.002395,0.004501,0.003447
1979,48,0.002342,0.004609,0.003471
1979,49,0.002324,0.005779,0.004042
1979,50,0.002809,0.005944,0.004365
1979,51,0.003854,0.005889,0.004865
1979,52,0.003955,0.007937,0.005932
1979,53,0.004078,0.007427,0.005739
1979,54,0.004275,0.008307,0.006271
1979,55,0.004765,0.009414,0.007067
1979,56,0.004765,0.010028,0.007364
1979,57,0.005478,0.011671,0.008526
1979,58,0.006331,0.011625,0.008939
1979,59,0.006856,0.012678,0.009724
1979,60,0.006693,0.01459,0.010571
1979,61,0.007797,0.015613,0.011611
1979,62,0.007784,0.017679,0.012606
1979,63,0.009248,0.019578,0.014257
1979,64,0.010669,0.019943,0.015128
1979,65,0.01175,0.022782,0.01704
1979,66,0.012199,0.02467,0.018165
1979,67,0.013931,0.029829,0.021487
1979,68,0.015961,0.030987,0.023065
1979,69,0.017,0.03647,0.026114
1979,70,0.020041,0.03878,0.028679
1979,71,0.021844,0.04428,0.032055
1979,72,0.02485,0.049166,0.0358
1979,73,0.026933,0.054606,0.03915
1979,74,0.031757,0.057627,0.042979
1979,75,0.036209,0.067151,0.0495
1979,76,0.040355,0.07053,0.053111
1979,77,0.047933,0.079989,0.061264
1979,78,0.051304,0.08826,0.066392
1979,79,0.061029,0.094468,0.074423
1979,80,0.067613,0.106396,0.082967
1979,81,0.078397,0.120383,0.094781
1979,82,0.086373,0.12499,0.101246
1979,83,0.093007,0.133258,0.108151
1979,84,0.108115,0.148598,0.122797
1979,85,0.121034,0.159968,0.134998
1979,86,0.130922,0.187269,0.150642
1979,87,0.149567,0.202626,0.167711
1979,88,0.159955,0.218245,0.179588
1979,89,0.188922,0.237537,0.204945
1979,90,0.200658,0.23839,0.213069
1980,0,0.0057,0.008098,0.006929
1980,1,0.00058,0.000554,0.000567
1980,2,0.00028,0.000287,0.000284
1980,3,0.000251,0.000338,0.000295
1980,4,0.000281,0.000326,0.000304
1980,5,0.000188,0.000251,0.00022
1980,6,0.000129,0.000298,0.000216
1980,7,0.000201,0.000209,0.000205
1980,8,0.000163,0.000241,0.000203
1980,9,0.000128,0.000261,0.000196
1980,10,0.000114,0.000163,0.000139
1980,11,0.000148,0.000105,0.000126
1980,12,0.000245,0.000266,0.000256
1980,13,0.000183,0.000236,0.00021
1980,14,0.000285,0.000349,0.000318
1980,15,0.000345,0.000329,0.000337
1980,16,0.000242,0.000542,0.000396
1980,17,0.00024,0.000734,0.000493
1980,18,0.000302,0.000722,0.000517
1980,19,0.000287,0.000884,0.000591
1980,20,0.000533,0.000971,0.000756
1980,21,0.000298,0.000891,0.000601
1980,22,0.000311,0.00081,0.000565
1980,23,0.000432,0.001137,0.000792
1980,24,0.000323,0.001161,0.000753
1980,25,0.000524,0.00123,0.000885
1980,26,0.000445,0.001392,0.00093
1980,27,0.000418,0.001044,0.000738
1980,28,0.000386,0.001224,0.000814
1980,29,0.000648,0.001317,0.000991
1980,30,0.000455,0.001162,0.000817
1980,31,0.000636,0.001324,0.000987
1980,32,0.000625,0.001309,0.000975
1980,33,0.000775,0.00123,0.001009
1980,34,0.000744,0.001543,0.001155
1980,35,0.000707,0.001804,0.001274
1980,36,0.000986,0.001672,0.00134
1980,37,0.000924,0.001699,0.001324
1980,38,0.001037,0.001839,0.001451
1980,39,0.001163,0.001795,0.001489
1980,40,0.001551,0.00247,0.002023
1980,41,0.001427,0.002174,0.001809
1980,42,0.001686,0.002986,0.002349
1980,43,0.001581,0.002997,0.0023
1980,44,0.002123,0.003074,0.002606
1980,45,0.001989,0.003784,0.002898
1980,46,0.002437,0.004085,0.003267
1980,47,0.002005,0.004773,0.003393
1980,48,0.002445,0.004136,0.003289
1980,49,0.00272,0.005386,0.004046
1980,50,0.003017,0.006038,0.004516
1980,51,0.003472,0.006,0.004725
1980,52,0.003298,0.006931,0.005099
1980,53,0.004055,0.006972,0.005501
1980,54,0.003886,0.008123,0.005983
1980,55,0.004703,0.008841,0.006747
1980,56,0.004806,0.009054,0.006903
1980,57,0.005627,0.011143,0.008344
1980,58,0.006409,0.011844,0.009076
1980,59,0.006443,0.012663,0.009497
1980,60,0.007122,0.015365,0.011168
1980,61,0.008106,0.01556,0.011751
1980,62,0.008834,0.017041,0.012821
1980,63,0.009245,0.020103,0.014509
1980,64,0.010127,0.021574,0.015646
1980,65,0.011609,0.022139,0.016642
1980,66,0.013345,0.025101,0.018949
1980,67,0.012507,0.028555,0.020127
1980,68,0.015891,0.032827,0.023871
1980,69,0.016688,0.033506,0.024566
1980,70,0.020104,0.03775,0.028284
1980,71,0.021765,0.043519,0.031683
1980,72,0.023892,0.046601,0.034095
1980,73,0.0279,0.053756,0.039383
1980,74,0.031051,0.056565,0.042155
1980,75,0.03669,0.061967,0.047482
1980,76,0.04085,0.06941,0.052921
1980,77,0.048749,0.076723,0.060375
1980,78,0.050813,0.083717,0.064249
1980,79,0.055834,0.095027,0.071494
1980,80,0.068418,0.106611,0.083374
1980,81,0.075433,0.115194,0.090794
1980,82,0.087223,0.126969,0.102358
1980,83,0.092296,0.136033,0.108741
1980,84,0.108786,0.147758,0.123056
1980,85,0.125785,0.168872,0.141023
1980,86,0.128641,0.182784,0.147473
1980,87,0.141774,0.185858,0.156698
1980,88,0.167511,0.216723,0.183843
1980,89,0.183476,0.236926,0.200832
1980,90,0.197426,0.277658,0.223079
1981,0,0.006416,0.007286,0.006861
1981,1,0.000441,0.000381,0.00041
1981,2,0.000107,0.000328,0.00022
1981,3,0.000151,0.000308,0.000231
1981,4,0.000125,0.000238,0.000183
1981,5,0.000161,0.00023,0.000196
1981,6,0.00015,0.000287,0.00022
1981,7,0.000129,0.000229,0.00018
1981,8,0.000128,0.000261,0.000196
1981,9,0.000109,0.000172,0.000141
1981,10,0.000146,0.000261,0.000205
1981,11,7.6e-05,0.000163,0.00012
1981,12,0.000129,0.000193,0.000162
1981,13,8.7e-05,0.000249,0.00017
1981,14,0.000282,0.000361,0.000323
1981,15,0.000251,0.000413,0.000334
1981,16,0.000213,0.000438,0.000328
1981,17,0.000259,0.00069,0.000479
1981,18,0.00033,0.000976,0.000661
1981,19,0.000599,0.000808,0.000706
1981,20,0.000228,0.001156,0.0007
1981,21,0.00051,0.000873,0.000695
1981,22,0.00026,0.001045,0.000662
1981,23,0.000291,0.001016,0.000661
1981,24,0.000358,0.000926,0.000649
1981,25,0.000286,0.000988,0.000646
1981,26,0.000379,0.000865,0.000627
1981,27,0.000497,0.000967,0.000737
1981,28,0.000435,0.001127,0.000789
1981,29,0.000562,0.001191,0.000883
1981,30,0.000495,0.001237,0.000875
1981,31,0.000602,0.001243,0.00093
1981,32,0.00045,0.001089,0.000776
1981,33,0.000656,0.001444,0.001059
1981,34,0.000687,0.00112,0.000909
1981,35,0.000864,0.001393,0.001136
1981,36,0.000768,0.001399,0.001094
1981,37,0.000831,0.001734,0.001297
1981,38,0.000942,0.001752,0.00136
1981,39,0.000908,0.001947,0.001444
1981,40,0.00079,0.002154,0.001493
1981,41,0.001083,0.002536,0.001829
1981,42,0.001408,0.002797,0.002118
1981,43,0.001363,0.002373,0.001878
1981,44,0.001717,0.003115,0.002427
1981,45,0.001919,0.003442,0.002692
1981,46,0.002133,0.003802,0.002977
1981,47,0.002276,0.004153,0.003219
1981,48,0.002687,0.004307,0.003498
1981,49,0.003131,0.004887,0.004006
1981,50,0.003079,0.005237,0.004151
1981,51,0.003271,0.006279,0.004761
1981,52,0.002496,0.007248,0.004847
1981,53,0.003308,0.007407,0.005336
1981,54,0.003833,0.007833,0.005812
1981,55,0.004762,0.008859,0.006785
1981,56,0.004764,0.009453,0.007074
1981,57,0.005011,0.010641,0.007783
1981,58,0.005757,0.011184,0.008422
1981,59,0.006487,0.012562,0.009459
1981,60,0.00701,0.014353,0.010603
1981,61,0.007654,0.01527,0.011377
1981,62,0.00804,0.016835,0.012321
1981,63,0.009641,0.018518,0.013933
1981,64,0.010272,0.021621,0.015742
1981,65,0.010449,0.023711,0.016802
1981,66,0.011594,0.024331,0.017642
1981,67,0.013958,0.028799,0.020981
1981,68,0.014874,0.031214,0.022568
1981,69,0.01728,0.036096,0.02606
1981,70,0.019954,0.036596,0.027676
1981,71,0.022861,0.043307,0.032246
1981,72,0.024776,0.045797,0.034245
1981,73,0.027697,0.051879,0.038417
1981,74,0.032294,0.055841,0.042611
1981,75,0.03485,0.063384,0.047087
1981,76,0.038454,0.067743,0.050754
1981,77,0.043251,0.076329,0.056992
1981,78,0.049791,0.087114,0.065007
1981,79,0.057804,0.092307,0.071587
1981,80,0.064653,0.100239,0.078571
1981,81,0.073899,0.115202,0.089683
1981,82,0.082266,0.122881,0.097581
1981,83,0.09324,0.139919,0.110536
1981,84,0.112368,0.153841,0.12757
1981,85,0.126053,0.161874,0.138835
1981,86,0.136915,0.190492,0.155267
1981,87,0.147721,0.199926,0.165326
1981,88,0.165012,0.210222,0.179827
1981,89,0.179869,0.230744,0.196147
1981,90,0.207167,0.241062,0.21781
1982,0,0.006462,0.007124,0.006801
1982,1,0.000406,0.00045,0.000428
1982,2,0.00021,0.000341,0.000277
1982,3,0.000279,0.000308,0.000294
1982,4,0.000259,0.000369,0.000316
1982,5,0.000167,0.000199,0.000183
1982,6,0.000121,0.000134,0.000128
1982,7,0.000151,0.000216,0.000184
1982,8,0.000166,0.000264,0.000216
1982,9,0.000146,0.00014,0.000143
1982,10,0.000127,0.000173,0.00015
1982,11,0.000164,8.7e-05,0.000125
1982,12,0.000133,0.000163,0.000148
1982,13,0.000129,0.00014,0.000135
1982,14,0.000157,0.00015,0.000153
1982,15,0.000382,0.000393,0.000388
1982,16,0.000268,0.000429,0.00035
1982,17,0.000229,0.000516,0.000376
1982,18,0.00012,0.000803,0.00047
1982,19,0.000365,0.000835,0.000606
1982,20,0.000186,0.000879,0.000539
1982,21,0.000473,0.000989,0.000735
1982,22,0.000302,0.000708,0.000509
1982,23,0.000296,0.000795,0.000552
1982,24,0.000418,0.00077,0.000597
1982,25,0.00034,0.001149,0.000753
1982,26,0.000465,0.000902,0.000689
1982,27,0.000523,0.001159,0.000848
1982,28,0.000497,0.001154,0.000833
1982,29,0.000313,0.001095,0.000713
1982,30,0.000457,0.001159,0.000816
1982,31,0.000581,0.001012,0.000802
1982,32,0.000668,0.001153,0.000916
1982,33,0.000544,0.001227,0.000892
1982,34,0.000657,0.001537,0.001106
1982,35,0.000732,0.001664,0.00121
1982,36,0.000656,0.001623,0.001153
1982,37,0.000995,0.001742,0.001381
1982,38,0.001114,0.001931,0.001536
1982,39,0.001078,0.00174,0.001419
1982,40,0.001094,0.001936,0.001528
1982,41,0.000978,0.002417,0.001718
1982,42,0.00133,0.002564,0.001963
1982,43,0.001659,0.002588,0.002133
1982,44,0.001625,0.00286,0.002254
1982,45,0.001719,0.003583,0.002664
1982,46,0.001901,0.003434,0.002678
1982,47,0.002231,0.003774,0.00301
1982,48,0.002638,0.004312,0.003478
1982,49,0.002482,0.005101,0.003792
1982,50,0.002388,0.004958,0.003667
1982,51,0.002866,0.006187,0.004513
1982,52,0.004038,0.006365,0.005188
1982,53,0.00369,0.006487,0.005071
1982,54,0.004111,0.007328,0.005699
1982,55,0.004966,0.008515,0.006718
1982,56,0.005184,0.010026,0.007569
1982,57,0.004909,0.01002,0.007419
1982,58,0.005965,0.011404,0.008636
1982,59,0.005973,0.012561,0.009198
1982,60,0.006888,0.013568,0.010144
1982,61,0.006968,0.015852,0.011297
1982,62,0.007933,0.017273,0.012478
1982,63,0.009211,0.017748,0.013347
1982,64,0.009688,0.021105,0.015178
1982,65,0.011002,0.022091,0.016312
1982,66,0.011464,0.024431,0.017635
1982,67,0.014003,0.027736,0.020476
1982,68,0.016321,0.030683,0.023064
1982,69,0.016115,0.034465,0.024676
1982,70,0.019006,0.037006,0.027319
1982,71,0.020722,0.039271,0.029243
1982,72,0.023195,0.04698,0.033987
1982,73,0.02695,0.047973,0.036302
1982,74,0.029381,0.055852,0.040955
1982,75,0.033736,0.060521,0.045302
1982,76,0.040593,0.065528,0.051117
1982,77,0.041061,0.074241,0.054757
1982,78,0.04729,0.083518,0.062041
1982,79,0.054949,0.093422,0.070279
1982,80,0.063911,0.103683,0.079457
1982,81,0.069203,0.10657,0.083475
1982,82,0.078887,0.121744,0.094848
1982,83,0.090807,0.137682,0.108
1982,84,0.100598,0.147351,0.117467
1982,85,0.115149,0.155912,0.129703
1982,86,0.122996,0.169578,0.139107
1982,87,0.139542,0.186973,0.155285
1982,88,0.153424,0.212675,0.172761
1982,89,0.182824,0.225274,0.196273
1982,90,0.184483,0.235465,0.200335
1983,0,0.007001,0.007024,0.007013
1983,1,0.00035,0.000354,0.000352
1983,2,0.000214,0.000327,0.000272
1983,3,0.000168,0.000301,0.000236
1983,4,0.00015,0.000246,0.000199
1983,5,0.00013,0.000246,0.000189
1983,6,0.000105,0.000378,0.000245
1983,7,0.000101,9.6e-05,9.8e-05
1983,8,0.000188,0.000198,0.000193
1983,9,9.2e-05,0.000264,0.00018
1983,10,9.1e-05,0.000192,0.000143
1983,11,9.1e-05,0.000207,0.00015
1983,12,0.000182,0.000192,0.000187
1983,13,9.5e-05,0.000181,0.000139
1983,14,0.000111,0.000176,0.000144
1983,15,0.000262,0.000499,0.000383
1983,16,0.000382,0.00044,0.000412
1983,17,0.000217,0.000413,0.000318
1983,18,0.000311,0.001078,0.000703
1983,19,0.000291,0.000868,0.000586
1983,20,0.000346,0.000817,0.000586
1983,21,0.000167,0.000788,0.000484
1983,22,0.000529,0.000987,0.000762
1983,23,0.00032,0.001232,0.000785
1983,24,0.00037,0.000971,0.000677
1983,25,0.00029,0.001084,0.000695
1983,26,0.000501,0.001218,0.000867
1983,27,0.000447,0.000953,0.000706
1983,28,0.000524,0.001108,0.000822
1983,29,0.000587,0.000969,0.000782
1983,30,0.000574,0.001262,0.000926
1983,31,0.000457,0.001094,0.000783
1983,32,0.000479,0.001178,0.000836
1983,33,0.000816,0.001,0.00091
1983,34,0.000654,0.00108,0.000871
1983,35,0.000611,0.001601,0.001116
1983,36,0.000882,0.001583,0.001241
1983,37,0.000836,0.001401,0.001126
1983,38,0.000891,0.001378,0.001142
1983,39,0.000911,0.001508,0.001219
1983,40,0.001113,0.002363,0.001757
1983,41,0.001466,0.002098,0.001792
1983,42,0.001375,0.002484,0.001945
1983,43,0.001229,0.002573,0.001918
1983,44,0.001474,0.002656,0.002077
1983,45,0.001735,0.002725,0.002238
1983,46,0.001678,0.003728,0.002716
1983,47,0.002386,0.003561,0.002981
1983,48,0.00233,0.003789,0.003066
1983,49,0.002857,0.004688,0.003775
1983,50,0.002793,0.005033,0.003912
1983,51,0.003351,0.005402,0.00437
1983,52,0.003295,0.007064,0.00516
1983,53,0.004052,0.006982,0.005498
1983,54,0.004101,0.007599,0.005825
1983,55,0.004105,0.008071,0.006058
1983,56,0.004404,0.00857,0.006455
1983,57,0.004339,0.009114,0.006685
1983,58,0.004765,0.011184,0.007908
1983,59,0.006099,0.01301,0.00948
1983,60,0.006333,0.013815,0.009982
1983,61,0.007201,0.014983,0.010979
1983,62,0.007365,0.016213,0.011656
1983,63,0.008205,0.018805,0.013337
1983,64,0.010004,0.019363,0.014514
1983,65,0.011095,0.023305,0.016928
1983,66,0.011036,0.023588,0.017009
1983,67,0.012598,0.027375,0.019578
1983,68,0.01521,0.029049,0.021683
1983,69,0.016367,0.032528,0.023895
1983,70,0.016967,0.034502,0.025069
1983,71,0.020428,0.040496,0.029605
1983,72,0.022957,0.042603,0.031882
1983,73,0.024516,0.049006,0.035487
1983,74,0.029597,0.056745,0.041508
1983,75,0.031673,0.060858,0.044239
1983,76,0.037211,0.065128,0.049072
1983,77,0.04204,0.074041,0.055311
1983,78,0.04724,0.080069,0.060533
1983,79,0.053249,0.090568,0.068109
1983,80,0.060057,0.097013,0.074442
1983,81,0.06928,0.110362,0.084971
1983,82,0.076434,0.122767,0.093634
1983,83,0.087323,0.128304,0.102161
1983,84,0.101924,0.148107,0.118415
1983,85,0.117283,0.166864,0.134641
1983,86,0.114533,0.169879,0.133654
1983,87,0.140933,0.199881,0.160636
1983,88,0.159272,0.206897,0.174534
1983,89,0.171614,0.242035,0.193739
1983,90,0.188689,0.242062,0.204984
1984,0,0.005587,0.007345,0.006492
1984,1,0.000445,0.000399,0.000421
1984,2,0.000153,0.000166,0.00016
1984,3,0.000278,0.000184,0.00023
1984,4,6.3e-05,0.00016,0.000113
1984,5,0.000129,0.000144,0.000136
1984,6,0.00013,0.000205,0.000168
1984,7,0.000147,0.000239,0.000194
1984,8,0.000101,0.000154,0.000128
1984,9,0.000113,0.000198,0.000156
1984,10,9.2e-05,0.000176,0.000135
1984,11,0.000128,0.000279,0.000205
1984,12,0.000163,0.000173,0.000168
1984,13,0.000164,0.000174,0.000169
1984,14,0.000228,0.000235,0.000231
1984,15,0.00024,0.000456,0.000351
1984,16,0.000192,0.000432,0.000315
1984,17,0.000133,0.000424,0.000282
1984,18,0.000267,0.000967,0.000626
1984,19,0.00031,0.000795,0.000558
1984,20,0.000324,0.001029,0.000684
1984,21,0.000326,0.000779,0.000558
1984,22,0.00039,0.000892,0.000646
1984,23,0.00032,0.001219,0.000777
1984,24,0.000263,0.000975,0.000626
1984,25,0.000222,0.001109,0.000676
1984,26,0.000526,0.001187,0.000863
1984,27,0.000447,0.001113,0.000787
1984,28,0.000554,0.000987,0.000776
1984,29,0.00056,0.000987,0.000778
1984,30,0.000516,0.001427,0.000982
1984,31,0.000592,0.001114,0.000859
1984,32,0.000633,0.000961,0.000801
1984,33,0.000754,0.001261,0.001013
1984,34,0.000621,0.001221,0.000927
1984,35,0.000748,0.001429,0.001094
1984,36,0.000703,0.001619,0.00117
1984,37,0.000718,0.001574,0.001155
1984,38,0.000956,0.001588,0.00128
1984,39,0.000831,0.001851,0.001356
1984,40,0.00118,0.001941,0.001572
1984,41,0.001063,0.001972,0.001531
1984,42,0.001598,0.002508,0.002066
1984,43,0.001335,0.002611,0.00199
1984,44,0.001763,0.002835,0.002312
1984,45,0.00183,0.002725,0.002286
1984,46,0.001868,0.003091,0.00249
1984,47,0.001838,0.003918,0.00289
1984,48,0.00193,0.004003,0.002978
1984,49,0.002546,0.004293,0.003427
1984,50,0.002315,0.005188,0.003754
1984,51,0.002494,0.005413,0.00395
1984,52,0.003865,0.005831,0.00484
1984,53,0.003329,0.006181,0.004738
1984,54,0.003773,0.007541,0.005629
1984,55,0.004405,0.008052,0.006198
1984,56,0.004498,0.009793,0.0071
1984,57,0.005401,0.00914,0.007238
1984,58,0.005274,0.010842,0.008003
1984,59,0.005874,0.011775,0.008754
1984,60,0.006523,0.01234,0.009358
1984,61,0.007375,0.014637,0.010903
1984,62,0.008311,0.016355,0.012198
1984,63,0.008461,0.017308,0.012731
1984,64,0.009834,0.019958,0.014711
1984,65,0.010308,0.023052,0.01641
1984,66,0.010797,0.023318,0.016739
1984,67,0.011735,0.025838,0.018398
1984,68,0.014763,0.028635,0.021265
1984,69,0.014573,0.032411,0.022847
1984,70,0.017957,0.033799,0.02527
1984,71,0.019813,0.039079,0.028628
1984,72,0.023096,0.043464,0.032311
1984,73,0.024493,0.046907,0.034546
1984,74,0.026691,0.052478,0.038089
1984,75,0.033563,0.058642,0.044403
1984,76,0.036482,0.07083,0.051023
1984,77,0.040707,0.072307,0.053895
1984,78,0.04792,0.080378,0.061126
1984,79,0.050993,0.090399,0.066613
1984,80,0.058782,0.095615,0.0731
1984,81,0.06967,0.104996,0.08311
1984,82,0.075784,0.115708,0.090633
1984,83,0.084582,0.127509,0.100083
1984,84,0.093092,0.146324,0.111805
1984,85,0.110868,0.152336,0.125229
1984,86,0.124485,0.15297,0.134166
1984,87,0.131749,0.186418,0.150023
1984,88,0.152294,0.202396,0.16846
1984,89,0.171402,0.232927,0.190297
1984,90,0.191718,0.245621,0.207934
1985,0,0.006425,0.007395,0.006924
1985,1,0.000508,0.000438,0.000472
1985,2,0.000311,0.000272,0.000291
1985,3,0.000131,0.000353,0.000245
1985,4,0.000192,0.000143,0.000167
1985,5,0.000126,0.0003,0.000215
1985,6,0.000193,0.000184,0.000189
1985,7,6.5e-05,0.000267,0.000168
1985,8,8.4e-05,6e-05,7.1e-05
1985,9,6e-05,0.000173,0.000118
1985,10,0.000207,0.000108,0.000156
1985,11,0.000147,0.000176,0.000162
1985,12,0.000146,0.00014,0.000143
1985,13,0.000127,0.000207,0.000168
1985,14,0.000146,0.000226,0.000187
1985,15,0.000114,0.000379,0.00025
1985,16,0.000222,0.000456,0.000342
1985,17,0.000244,0.000631,0.000442
1985,18,0.000447,0.000878,0.000668
1985,19,0.000482,0.000696,0.000592
1985,20,0.000325,0.000947,0.000643
1985,21,0.000289,0.000909,0.000606
1985,22,0.000379,0.000998,0.000696
1985,23,0.000351,0.000921,0.000642
1985,24,0.0003,0.000778,0.000543
1985,25,0.000356,0.001131,0.000752
1985,26,0.000571,0.000876,0.000728
1985,27,0.00038,0.000939,0.000665
1985,28,0.000464,0.000615,0.000541
1985,29,0.000393,0.00107,0.00074
1985,30,0.000469,0.001193,0.000839
1985,31,0.000711,0.00107,0.000894
1985,32,0.000557,0.001214,0.000893
1985,33,0.000774,0.001114,0.000948
1985,34,0.000857,0.001378,0.001123
1985,35,0.000834,0.001223,0.001032
1985,36,0.000997,0.001371,0.001187
1985,37,0.000979,0.001342,0.001164
1985,38,0.000913,0.001891,0.001413
1985,39,0.000867,0.001691,0.001289
1985,40,0.000953,0.002083,0.001534
1985,41,0.001212,0.002005,0.00162
1985,42,0.0013,0.002312,0.001821
1985,43,0.001302,0.002303,0.001817
1985,44,0.001483,0.002479,0.001994
1985,45,0.00156,0.002902,0.002247
1985,46,0.001582,0.003296,0.002454
1985,47,0.002024,0.003778,0.002914
1985,48,0.002043,0.003911,0.002987
1985,49,0.002279,0.004404,0.003351
1985,50,0.003001,0.004969,0.003992
1985,51,0.003205,0.005936,0.00457
1985,52,0.003021,0.005588,0.004299
1985,53,0.003281,0.005866,0.004562
1985,54,0.004005,0.007551,0.005753
1985,55,0.004419,0.008068,0.006213
1985,56,0.004089,0.009047,0.006521
1985,57,0.00503,0.010188,0.007558
1985,58,0.005887,0.01114,0.008461
1985,59,0.006183,0.011909,0.008981
1985,60,0.006432,0.013157,0.009704
1985,61,0.007452,0.014248,0.010754
1985,62,0.00749,0.015507,0.011368
1985,63,0.008086,0.018041,0.012873
1985,64,0.009471,0.02039,0.014713
1985,65,0.011082,0.021813,0.01622
1985,66,0.011279,0.024095,0.017375
1985,67,0.014052,0.028477,0.02085
1985,68,0.013229,0.029521,0.020867
1985,69,0.015636,0.032285,0.023371
1985,70,0.01797,0.033818,0.025255
1985,71,0.019823,0.03948,0.028811
1985,72,0.020858,0.044496,0.031555
1985,73,0.024546,0.049533,0.035701
1985,74,0.028866,0.052396,0.039281
1985,75,0.032801,0.059033,0.044235
1985,76,0.037124,0.063974,0.048542
1985,77,0.044023,0.07427,0.056606
1985,78,0.048701,0.079613,0.061369
1985,79,0.052175,0.092887,0.06839
1985,80,0.058439,0.098114,0.073805
1985,81,0.069349,0.110801,0.085081
1985,82,0.076764,0.119835,0.092736
1985,83,0.084056,0.13937,0.104033
1985,84,0.098589,0.142307,0.113894
1985,85,0.117318,0.166444,0.134061
1985,86,0.127356,0.168755,0.141293
1985,87,0.134506,0.201705,0.156639
1985,88,0.154745,0.211275,0.172938
1985,89,0.175018,0.221991,0.189653
1985,90,0.197896,0.259714,0.216178
1986,0,0.005324,0.006724,0.006044
1986,1,0.000574,0.000562,0.000568
1986,2,0.000264,0.000249,0.000256
1986,3,0.000177,0.000292,0.000236
1986,4,0.000348,0.000124,0.000233
1986,5,0.000128,0.000203,0.000166
1986,6,0.000189,0.00014,0.000164
1986,7,0.000107,8.2e-05,9.4e-05
1986,8,8.6e-05,0.000266,0.000179
1986,9,8.4e-05,0.000238,0.000163
1986,10,0.0001,0.000346,0.000226
1986,11,0.000131,0.000269,0.000202
1986,12,1.8e-05,0.000141,8.1e-05
1986,13,0.000219,0.000226,0.000223
1986,14,0.000163,0.000396,0.000283
1986,15,0.000164,0.000469,0.00032
1986,16,0.00017,0.000433,0.000305
1986,17,0.000313,0.000631,0.000476
1986,18,0.000191,0.000845,0.000526
1986,19,0.000362,0.000734,0.000553
1986,20,0.000364,0.000898,0.000638
1986,21,0.000323,0.000896,0.000616
1986,22,0.000321,0.00129,0.000817
1986,23,0.000359,0.000888,0.00063
1986,24,0.000257,0.000931,0.000602
1986,25,0.000505,0.001006,0.00076
1986,26,0.000317,0.001052,0.000693
1986,27,0.000349,0.001029,0.000698
1986,28,0.000596,0.001109,0.000858
1986,29,0.000517,0.000869,0.000697
1986,30,0.000446,0.000967,0.000713
1986,31,0.000577,0.000863,0.000723
1986,32,0.000515,0.001121,0.000825
1986,33,0.00047,0.001298,0.000893
1986,34,0.000704,0.001503,0.001112
1986,35,0.000737,0.001297,0.001023
1986,36,0.000834,0.001601,0.001225
1986,37,0.000826,0.00163,0.001235
1986,38,0.000826,0.001817,0.001331
1986,39,0.001138,0.001882,0.001518
1986,40,0.001181,0.001879,0.001539
1986,41,0.000969,0.002116,0.001559
1986,42,0.001055,0.00204,0.001562
1986,43,0.001386,0.002334,0.001873
1986,44,0.001397,0.002556,0.001992
1986,45,0.001589,0.003103,0.002365
1986,46,0.002405,0.003996,0.003218
1986,47,0.002231,0.00337,0.00281
1986,48,0.002486,0.004006,0.003257
1986,49,0.00263,0.003992,0.003318
1986,50,0.002884,0.004651,0.003775
1986,51,0.002534,0.005372,0.00396
1986,52,0.002997,0.005631,0.004312
1986,53,0.003645,0.006483,0.005057
1986,54,0.004235,0.006731,0.005469
1986,55,0.00353,0.007954,0.005707
1986,56,0.003779,0.008186,0.00594
1986,57,0.004865,0.009692,0.007227
1986,58,0.00539,0.010925,0.008095
1986,59,0.005854,0.012078,0.008894
1986,60,0.006025,0.013104,0.009472
1986,61,0.006474,0.0132,0.009734
1986,62,0.007899,0.014276,0.010986
1986,63,0.008544,0.0174,0.012808
1986,64,0.009642,0.018941,0.01409
1986,65,0.00987,0.021431,0.015388
1986,66,0.012385,0.024441,0.018121
1986,67,0.012734,0.026015,0.019007
1986,68,0.014371,0.029643,0.021511
1986,69,0.01553,0.031359,0.022887
1986,70,0.017344,0.035344,0.025631
1986,71,0.01994,0.039381,0.028788
1986,72,0.0203,0.042715,0.030429
1986,73,0.0234,0.046868,0.033879
1986,74,0.02871,0.054701,0.040159
1986,75,0.02997,0.05588,0.04127
1986,76,0.035071,0.064404,0.047664
1986,77,0.039266,0.071387,0.0527
1986,78,0.04435,0.079353,0.058644
1986,79,0.051494,0.089644,0.06679
1986,80,0.059279,0.09499,0.07319
1986,81,0.070349,0.103945,0.083081
1986,82,0.073972,0.124284,0.092572
1986,83,0.081343,0.131166,0.099231
1986,84,0.097297,0.143148,0.113336
1986,85,0.111343,0.14722,0.123565
1986,86,0.124894,0.174181,0.141183
1986,87,0.135265,0.194459,0.154496
1986,88,0.161311,0.21677,0.178787
1986,89,0.17067,0.226051,0.187864
1986,90,0.186002,0.247883,0.204498
1987,0,0.005633,0.006794,0.006228
1987,1,0.000407,0.000444,0.000426
1987,2,0.000275,0.000379,0.000329
1987,3,0.000329,0.000207,0.000266
1987,4,0.000198,0.000187,0.000192
1987,5,4.3e-05,0.000288,0.000169
1987,6,0.000127,0.000122,0.000124
1987,7,0.000125,0.00014,0.000133
1987,8,0.000107,8.2e-05,9.4e-05
1987,9,0.000151,0.000164,0.000157
1987,10,0.000209,0.000178,0.000193
1987,11,8e-05,0.000249,0.000167
1987,12,9.4e-05,0.000197,0.000147
1987,13,0.000147,0.000175,0.000162
1987,14,5.5e-05,0.000295,0.000178
1987,15,0.000217,0.00043,0.000326
1987,16,0.000254,0.00059,0.000426
1987,17,0.000397,0.000486,0.000443
1987,18,0.000257,0.000751,0.00051
1987,19,0.000311,0.001039,0.000684
1987,20,0.000393,0.001011,0.00071
1987,21,0.000247,0.00108,0.000674
1987,22,0.000273,0.000874,0.000581
1987,23,0.00042,0.000929,0.000681
1987,24,0.000304,0.000744,0.00053
1987,25,0.000366,0.000923,0.000651
1987,26,0.000354,0.001158,0.000764
1987,27,0.000539,0.001152,0.000853
1987,28,0.000403,0.001215,0.00082
1987,29,0.00045,0.001036,0.000749
1987,30,0.000604,0.001257,0.000938
1987,31,0.00048,0.000998,0.000745
1987,32,0.000557,0.00143,0.001003
1987,33,0.000656,0.001052,0.000858
1987,34,0.000712,0.001297,0.001011
1987,35,0.000703,0.001301,0.001008
1987,36,0.000754,0.001446,0.001107
1987,37,0.000768,0.001288,0.001033
1987,38,0.000935,0.001678,0.001312
1987,39,0.000949,0.001791,0.001377
1987,40,0.001094,0.001856,0.001483
1987,41,0.001047,0.001626,0.001343
1987,42,0.001333,0.002049,0.001701
1987,43,0.001498,0.002299,0.001909
1987,44,0.001353,0.002531,0.001958
1987,45,0.001697,0.002581,0.00215
1987,46,0.002009,0.003313,0.002677
1987,47,0.002305,0.003555,0.002943
1987,48,0.002089,0.004316,0.00322
1987,49,0.002183,0.004467,0.00334
1987,50,0.003019,0.004764,0.003899
1987,51,0.003237,0.00563,0.004442
1987,52,0.003274,0.005375,0.004328
1987,53,0.003149,0.006778,0.004957
1987,54,0.003561,0.007493,0.005513
1987,55,0.004227,0.007537,0.005861
1987,56,0.004214,0.008459,0.006298
1987,57,0.004452,0.009686,0.007011
1987,58,0.00547,0.010661,0.008002
1987,59,0.005461,0.012159,0.008724
1987,60,0.006281,0.013117,0.009607
1987,61,0.00736,0.013512,0.010344
1987,62,0.007582,0.013879,0.010625
1987,63,0.009006,0.016522,0.012629
1987,64,0.009498,0.018921,0.014013
1987,65,0.010603,0.020808,0.015457
1987,66,0.010662,0.023771,0.016879
1987,67,0.011984,0.024061,0.017691
1987,68,0.013294,0.027035,0.019737
1987,69,0.015452,0.029522,0.021978
1987,70,0.017045,0.034863,0.025255
1987,71,0.019805,0.037778,0.027999
1987,72,0.021715,0.041973,0.030837
1987,73,0.023982,0.048048,0.034724
1987,74,0.027645,0.051486,0.038149
1987,75,0.029168,0.057551,0.041484
1987,76,0.033126,0.062534,0.045743
1987,77,0.03953,0.070284,0.052505
1987,78,0.043723,0.076225,0.057069
1987,79,0.052657,0.088011,0.066783
1987,80,0.05876,0.093133,0.072259
1987,81,0.063986,0.106067,0.080015
1987,82,0.0735,0.113409,0.088243
1987,83,0.081439,0.126092,0.097476
1987,84,0.093093,0.145252,0.111244
1987,85,0.106229,0.154911,0.122788
1987,86,0.122729,0.168446,0.137836
1987,87,0.13168,0.191182,0.1507
1987,88,0.15164,0.210406,0.169971
1987,89,0.165065,0.216992,0.180814
1987,90,0.179228,0.250087,0.200305
1988,0,0.005158,0.006837,0.00602
1988,1,0.000513,0.000509,0.000511
1988,2,0.000304,0.000249,0.000276
1988,3,0.000147,0.000258,0.000204
1988,4,6.5e-05,0.000206,0.000138
1988,5,0.000175,0.000207,0.000191
1988,6,0.000129,0.000267,0.0002
1988,7,0.000127,0.000141,0.000134
1988,8,6.2e-05,0.000139,0.000102
1988,9,0.000128,8.1e-05,0.000104
1988,10,8.6e-05,0.000163,0.000125
1988,11,0.000208,0.000197,0.000202
1988,12,0.00014,0.00021,0.000176
1988,13,9.4e-05,0.000215,0.000155
1988,14,7.3e-05,0.000367,0.000224
1988,15,0.000309,0.000381,0.000346
1988,16,0.000271,0.000617,0.000448
1988,17,0.000199,0.000657,0.000434
1988,18,0.00032,0.000556,0.000441
1988,19,0.00031,0.000956,0.000641
1988,20,0.000395,0.001132,0.000772
1988,21,0.000472,0.00088,0.000681
1988,22,0.000409,0.000823,0.000621
1988,23,0.000335,0.000973,0.000662
1988,24,0.000351,0.00103,0.000699
1988,25,0.000443,0.000921,0.000689
1988,26,0.000545,0.000898,0.000726
1988,27,0.000425,0.001201,0.000822
1988,28,0.000499,0.000968,0.000739
1988,29,0.000473,0.001035,0.000762
1988,30,0.000448,0.000962,0.00071
1988,31,0.000654,0.001403,0.001037
1988,32,0.000549,0.001213,0.000889
1988,33,0.000484,0.001427,0.000965
1988,34,0.000583,0.001421,0.001011
1988,35,0.000919,0.001694,0.001315
1988,36,0.000825,0.001435,0.001136
1988,37,0.001044,0.001461,0.001257
1988,38,0.000865,0.001806,0.001345
1988,39,0.000779,0.001587,0.001189
1988,40,0.001162,0.00191,0.001542
1988,41,0.001138,0.002217,0.001688
1988,42,0.001241,0.002285,0.001775
1988,43,0.00162,0.002267,0.001952
1988,44,0.00183,0.002676,0.002264
1988,45,0.001998,0.002536,0.002274
1988,46,0.001828,0.003153,0.002508
1988,47,0.002283,0.003582,0.002947
1988,48,0.002308,0.003546,0.002939
1988,49,0.003139,0.00435,0.003753
1988,50,0.002755,0.003994,0.003382
1988,51,0.002662,0.005162,0.003921
1988,52,0.003219,0.005818,0.004526
1988,53,0.0034,0.005758,0.004581
1988,54,0.003397,0.007649,0.005512
1988,55,0.004119,0.007595,0.005841
1988,56,0.003869,0.008904,0.006349
1988,57,0.004948,0.008998,0.006932
1988,58,0.005588,0.009631,0.00756
1988,59,0.005607,0.010962,0.008211
1988,60,0.006705,0.012522,0.009528
1988,61,0.007382,0.014895,0.011023
1988,62,0.007171,0.015483,0.011187
1988,63,0.00813,0.016403,0.01211
1988,64,0.009506,0.019674,0.014385
1988,65,0.009925,0.019784,0.014624
1988,66,0.010629,0.023141,0.016543
1988,67,0.013439,0.02569,0.019208
1988,68,0.01442,0.028183,0.020878
1988,69,0.016342,0.030863,0.023098
1988,70,0.018075,0.033539,0.025187
1988,71,0.019509,0.03691,0.027451
1988,72,0.021047,0.041266,0.030169
1988,73,0.025205,0.04762,0.03518
1988,74,0.027944,0.050512,0.037886
1988,75,0.030778,0.057406,0.042347
1988,76,0.035399,0.062433,0.046945
1988,77,0.03886,0.069927,0.051953
1988,78,0.043882,0.076982,0.057607
1988,79,0.052029,0.087723,0.066386
1988,80,0.059481,0.100045,0.075347
1988,81,0.067267,0.107255,0.0826
1988,82,0.072423,0.122117,0.090842
1988,83,0.085684,0.128742,0.101138
1988,84,0.093531,0.14346,0.110904
1988,85,0.109275,0.161901,0.126984
1988,86,0.123361,0.173192,0.139751
1988,87,0.139925,0.193941,0.157155
1988,88,0.160378,0.20706,0.174757
1988,89,0.170383,0.235002,0.189788
1988,90,0.191449,0.25375,0.209497
1989,0,0.005038,0.006701,0.005894
1989,1,0.000489,0.000357,0.000421
1989,2,0.000314,0.000262,0.000287
1989,3,0.000101,0.00021,0.000157
1989,4,0.000209,0.000355,0.000284
1989,5,0.000151,0.000184,0.000168
1989,6,0.000196,0.000164,0.00018
1989,7,1e-10,0.000122,6.3e-05
1989,8,0.000126,0.000201,0.000164
1989,9,6.2e-05,7.9e-05,7.1e-05
1989,10,0.000106,0.000101,0.000103
1989,11,0.000128,0.000122,0.000125
1989,12,0.000104,0.000177,0.000141
1989,13,0.00014,0.000209,0.000175
1989,14,0.000149,0.000249,0.0002
1989,15,0.000384,0.000436,0.00041
1989,16,0.000199,0.000328,0.000265
1989,17,0.000413,0.000461,0.000438
1989,18,0.000396,0.001117,0.000765
1989,19,0.000242,0.001245,0.000755
1989,20,0.00027,0.000895,0.00059
1989,21,0.000289,0.000875,0.000589
1989,22,0.000306,0.000686,0.000501
1989,23,0.000308,0.000919,0.000622
1989,24,0.000332,0.000765,0.000554
1989,25,0.000248,0.000907,0.000587
1989,26,0.000457,0.000992,0.000732
1989,27,0.000396,0.001125,0.00077
1989,28,0.000532,0.000994,0.000769
1989,29,0.000421,0.001131,0.000785
1989,30,0.00047,0.00118,0.000835
1989,31,0.000587,0.001073,0.000836
1989,32,0.000387,0.00141,0.00091
1989,33,0.000493,0.001275,0.000894
1989,34,0.000517,0.001146,0.000838
1989,35,0.000757,0.001348,0.001059
1989,36,0.001002,0.001407,0.001209
1989,37,0.00084,0.001583,0.001219
1989,38,0.000734,0.00172,0.001237
1989,39,0.001173,0.002023,0.001606
1989,40,0.001229,0.001919,0.001579
1989,41,0.001161,0.002028,0.001602
1989,42,0.001212,0.002073,0.001651
1989,43,0.00136,0.0024,0.001892
1989,44,0.001453,0.002298,0.001887
1989,45,0.001657,0.003067,0.002381
1989,46,0.001728,0.002764,0.002259
1989,47,0.002035,0.00282,0.002438
1989,48,0.002159,0.003107,0.002644
1989,49,0.002888,0.00375,0.003327
1989,50,0.002556,0.004301,0.003441
1989,51,0.002496,0.004674,0.003596
1989,52,0.00323,0.005497,0.00437
1989,53,0.003179,0.005382,0.004286
1989,54,0.003669,0.006859,0.005264
1989,55,0.003817,0.007037,0.005415
1989,56,0.003772,0.008698,0.006206
1989,57,0.005185,0.008883,0.007001
1989,58,0.004743,0.009453,0.007044
1989,59,0.005565,0.010886,0.008153
1989,60,0.005747,0.012069,0.008812
1989,61,0.005968,0.013363,0.009543
1989,62,0.007405,0.01403,0.010603
1989,63,0.007834,0.015192,0.011374
1989,64,0.008948,0.016712,0.012665
1989,65,0.010164,0.019611,0.014672
1989,66,0.011089,0.02131,0.015932
1989,67,0.011509,0.023482,0.01713
1989,68,0.013907,0.025464,0.019313
1989,69,0.013113,0.030426,0.021174
1989,70,0.015752,0.031494,0.023011
1989,71,0.018106,0.035438,0.026005
1989,72,0.019514,0.039744,0.02865
1989,73,0.022026,0.043647,0.031669
1989,74,0.026272,0.049814,0.03661
1989,75,0.029139,0.052712,0.039382
1989,76,0.033606,0.058897,0.044441
1989,77,0.038265,0.06858,0.050989
1989,78,0.043633,0.071995,0.055374
1989,79,0.047032,0.080849,0.060787
1989,80,0.052711,0.086292,0.065933
1989,81,0.05856,0.101212,0.074845
1989,82,0.068822,0.107389,0.083219
1989,83,0.078232,0.124792,0.095017
1989,84,0.093771,0.138218,0.109266
1989,85,0.106302,0.147389,0.120174
1989,86,0.114656,0.163919,0.130701
1989,87,0.131933,0.175745,0.145867
1989,88,0.146194,0.187244,0.158826
1989,89,0.169806,0.216886,0.183791
1989,90,0.180877,0.230419,0.195172
1990,0,0.005418,0.006807,0.006131
1990,1,0.000395,0.00039,0.000393
1990,2,0.000187,0.000372,0.000282
1990,3,0.000175,0.000353,0.000266
1990,4,0.0001,0.000208,0.000155
1990,5,0.000145,0.000137,0.000141
1990,6,4.3e-05,0.000142,9.4e-05
1990,7,0.000129,0.000204,0.000168
1990,8,0.00017,0.000142,0.000156
1990,9,0.000167,0.000299,0.000234
1990,10,0.000206,0.000157,0.000181
1990,11,0.000105,0.000161,0.000134
1990,12,6.4e-05,0.000121,9.3e-05
1990,13,0.000124,0.000215,0.000171
1990,14,0.000318,0.00017,0.000242
1990,15,0.000279,0.000355,0.000317
1990,16,0.000237,0.000416,0.000329
1990,17,0.000144,0.000447,0.000299
1990,18,0.000357,0.000747,0.000557
1990,19,0.000321,0.001142,0.00074
1990,20,0.000349,0.000811,0.000585
1990,21,0.000285,0.000885,0.000592
1990,22,0.000235,0.000863,0.000557
1990,23,0.000415,0.000737,0.000581
1990,24,0.000337,0.000997,0.000677
1990,25,0.0005,0.000695,0.0006
1990,26,0.000377,0.001157,0.000779
1990,27,0.000296,0.000947,0.000631
1990,28,0.000446,0.000859,0.000658
1990,29,0.000545,0.001138,0.000849
1990,30,0.000618,0.00093,0.000778
1990,31,0.000503,0.001102,0.000811
1990,32,0.000407,0.001065,0.000743
1990,33,0.000542,0.001051,0.000803
1990,34,0.000614,0.001251,0.00094
1990,35,0.000462,0.001022,0.000748
1990,36,0.000666,0.001309,0.000994
1990,37,0.000861,0.001337,0.001104
1990,38,0.000978,0.001914,0.001455
1990,39,0.000903,0.001291,0.001101
1990,40,0.000846,0.001676,0.001269
1990,41,0.001056,0.001963,0.001516
1990,42,0.001298,0.002028,0.001668
1990,43,0.001496,0.002448,0.001981
1990,44,0.001494,0.00233,0.001922
1990,45,0.00162,0.002732,0.00219
1990,46,0.001989,0.002877,0.002444
1990,47,0.001831,0.003284,0.002576
1990,48,0.00241,0.003769,0.003106
1990,49,0.002517,0.003576,0.003058
1990,50,0.002602,0.003681,0.003151
1990,51,0.002854,0.004439,0.003656
1990,52,0.003003,0.005427,0.004225
1990,53,0.002921,0.005882,0.004407
1990,54,0.003022,0.005779,0.004405
1990,55,0.00468,0.007187,0.005931
1990,56,0.003972,0.008518,0.006223
1990,57,0.005172,0.008943,0.007031
1990,58,0.005767,0.00959,0.007641
1990,59,0.005737,0.010885,0.008245
1990,60,0.006166,0.01145,0.008727
1990,61,0.006546,0.01346,0.009885
1990,62,0.007442,0.013789,0.010498
1990,63,0.007902,0.014883,0.011258
1990,64,0.008551,0.018378,0.013256
1990,65,0.010239,0.019204,0.014508
1990,66,0.010046,0.021265,0.015371
1990,67,0.012779,0.022466,0.017341
1990,68,0.013467,0.026059,0.019342
1990,69,0.013748,0.026994,0.019899
1990,70,0.016239,0.032828,0.023895
1990,71,0.018868,0.036845,0.02708
1990,72,0.019962,0.040268,0.029118
1990,73,0.023634,0.042997,0.032281
1990,74,0.026046,0.049241,0.036264
1990,75,0.029105,0.056392,0.040916
1990,76,0.032791,0.060367,0.044603
1990,77,0.037718,0.067929,0.050446
1990,78,0.04302,0.074898,0.056165
1990,79,0.050693,0.085093,0.064672
1990,80,0.057585,0.08939,0.070277
1990,81,0.061536,0.1057,0.078511
1990,82,0.075774,0.111823,0.089198
1990,83,0.078862,0.121494,0.09436
1990,84,0.091802,0.139086,0.108358
1990,85,0.101134,0.147969,0.116981
1990,86,0.120011,0.176365,0.138459
1990,87,0.127223,0.177156,0.142994
1990,88,0.149647,0.209785,0.168136
1990,89,0.172458,0.230844,0.189717
1990,90,0.18458,0.237945,0.19979
1991,0,0.005618,0.006591,0.006118
1991,1,0.000406,0.00037,0.000388
1991,2,0.00025,0.000203,0.000226
1991,3,0.00013,0.000229,0.000181
1991,4,0.000252,0.000185,0.000217
1991,5,6e-05,7.5e-05,6.8e-05
1991,6,0.000124,0.000214,0.00017
1991,7,0.000107,0.000141,0.000124
1991,8,8.6e-05,8.1e-05,8.3e-05
1991,9,0.000106,0.000141,0.000124
1991,10,0.000145,0.000139,0.000142
1991,11,0.000164,9.8e-05,0.00013
1991,12,0.000126,8e-05,0.000102
1991,13,0.000127,0.000181,0.000154
1991,14,0.000288,0.000136,0.00021
1991,15,7.9e-05,0.000321,0.000203
1991,16,9.3e-05,0.000512,0.000307
1991,17,0.000417,0.000674,0.000549
1991,18,0.000412,0.000787,0.000604
1991,19,0.000195,0.000861,0.000536
1991,20,0.00023,0.000798,0.000519
1991,21,0.000219,0.000648,0.000438
1991,22,0.000318,0.000659,0.000492
1991,23,0.00015,0.000984,0.000577
1991,24,0.000364,0.000821,0.000599
1991,25,0.000525,0.000778,0.000655
1991,26,0.000372,0.00085,0.000618
1991,27,0.000423,0.001148,0.000797
1991,28,0.000414,0.000858,0.000643
1991,29,0.000337,0.001137,0.000748
1991,30,0.000541,0.001097,0.000826
1991,31,0.000506,0.001199,0.000861
1991,32,0.000482,0.00108,0.00079
1991,33,0.000546,0.001162,0.000861
1991,34,0.00054,0.001163,0.000859
1991,35,0.000646,0.001347,0.001005
1991,36,0.000672,0.001273,0.000979
1991,37,0.000839,0.001558,0.001206
1991,38,0.000928,0.001418,0.001178
1991,39,0.000976,0.001527,0.001257
1991,40,0.001004,0.001928,0.001475
1991,41,0.001089,0.001833,0.001468
1991,42,0.001382,0.001964,0.001677
1991,43,0.001344,0.002222,0.00179
1991,44,0.001586,0.002654,0.00213
1991,45,0.001675,0.002994,0.002349
1991,46,0.001758,0.002983,0.002386
1991,47,0.00177,0.003636,0.002727
1991,48,0.002291,0.003278,0.002797
1991,49,0.002338,0.003495,0.002931
1991,50,0.002605,0.00383,0.00323
1991,51,0.003228,0.004593,0.003923
1991,52,0.002691,0.005281,0.004001
1991,53,0.003097,0.005152,0.004132
1991,54,0.003336,0.005867,0.004605
1991,55,0.004172,0.007396,0.005785
1991,56,0.004289,0.00811,0.006192
1991,57,0.00481,0.009213,0.006984
1991,58,0.005458,0.010145,0.007762
1991,59,0.005699,0.01109,0.008334
1991,60,0.006309,0.011132,0.00865
1991,61,0.007167,0.01312,0.010042
1991,62,0.007159,0.01451,0.010695
1991,63,0.008482,0.015411,0.011805
1991,64,0.009067,0.017641,0.01317
1991,65,0.009779,0.019017,0.014177
1991,66,0.011586,0.021269,0.016172
1991,67,0.011605,0.02403,0.017466
1991,68,0.012951,0.025374,0.018763
1991,69,0.014487,0.028625,0.021035
1991,70,0.016624,0.030915,0.023207
1991,71,0.018154,0.034359,0.025566
1991,72,0.019244,0.038229,0.027829
1991,73,0.02178,0.044177,0.031764
1991,74,0.025622,0.047527,0.035286
1991,75,0.027186,0.054468,0.039036
1991,76,0.03294,0.058944,0.044024
1991,77,0.036948,0.068814,0.050368
1991,78,0.042822,0.073046,0.055323
1991,79,0.048157,0.079417,0.06081
1991,80,0.055591,0.087281,0.068233
1991,81,0.059109,0.101605,0.075675
1991,82,0.070402,0.112611,0.086223
1991,83,0.081843,0.124452,0.097304
1991,84,0.089521,0.135985,0.105935
1991,85,0.098502,0.151992,0.116642
1991,86,0.110528,0.159969,0.12667
1991,87,0.126482,0.177767,0.142697
1991,88,0.14155,0.198271,0.158811
1991,89,0.163772,0.22057,0.180533
1991,90,0.188106,0.248175,0.205153
1992,0,0.004654,0.005954,0.005322
1992,1,0.00023,0.000327,0.00028
1992,2,0.000186,0.000321,0.000255
1992,3,0.000232,0.000286,0.00026
1992,4,7.4e-05,0.000211,0.000144
1992,5,0.000231,0.00011,0.000169
1992,6,9.9e-05,0.000168,0.000135
1992,7,8.2e-05,0.000174,0.00013
1992,8,0.000149,0.00014,0.000144
1992,9,6.4e-05,0.000101,8.3e-05
1992,10,0.00019,0.0002,0.000195
1992,11,0.000103,9.9e-05,0.000101
1992,12,8.2e-05,0.000117,0.0001
1992,13,0.000167,0.000219,0.000194
1992,14,0.000147,0.00014,0.000144
1992,15,0.000164,0.000291,0.000229
1992,16,0.000316,0.000301,0.000308
1992,17,0.000148,0.000616,0.000387
1992,18,0.000253,0.000447,0.000352
1992,19,0.000267,0.00058,0.000427
1992,20,0.000281,0.000791,0.000542
1992,21,0.000298,0.00093,0.00062
1992,22,0.000362,0.000488,0.000426
1992,23,0.000333,0.000823,0.000583
1992,24,0.000248,0.000694,0.000476
1992,25,0.000299,0.000756,0.000534
1992,26,0.000253,0.000714,0.000491
1992,27,0.000371,0.000918,0.000652
1992,28,0.00034,0.001006,0.000683
1992,29,0.000309,0.000822,0.000573
1992,30,0.000476,0.001049,0.000771
1992,31,0.000485,0.000785,0.000639
1992,32,0.000629,0.00099,0.000814
1992,33,0.000338,0.001179,0.00077
1992,34,0.000562,0.001108,0.000841
1992,35,0.00073,0.00141,0.001078
1992,36,0.000715,0.001245,0.000986
1992,37,0.000494,0.00134,0.000926
1992,38,0.000646,0.001406,0.001034
1992,39,0.000842,0.001633,0.001245
1992,40,0.001028,0.001495,0.001266
1992,41,0.001021,0.001799,0.001418
1992,42,0.00117,0.001899,0.001541
1992,43,0.001274,0.002301,0.001794
1992,44,0.00136,0.002287,0.00183
1992,45,0.001828,0.002632,0.002237
1992,46,0.001587,0.002817,0.002215
1992,47,0.001821,0.003093,0.002473
1992,48,0.002264,0.003181,0.002734
1992,49,0.002584,0.003614,0.003112
1992,50,0.00268,0.003922,0.003315
1992,51,0.002336,0.00425,0.003311
1992,52,0.003359,0.005337,0.004364
1992,53,0.003477,0.005042,0.004267
1992,54,0.003458,0.005767,0.00462
1992,55,0.003459,0.006767,0.005115
1992,56,0.004562,0.007873,0.006216
1992,57,0.004351,0.008249,0.006288
1992,58,0.005368,0.008917,0.007117
1992,59,0.005412,0.009798,0.007562
1992,60,0.006642,0.011086,0.008807
1992,61,0.00689,0.012432,0.009572
1992,62,0.007975,0.014276,0.011006
1992,63,0.008042,0.015807,0.011762
1992,64,0.00845,0.017773,0.0129
1992,65,0.009867,0.019517,0.01446
1992,66,0.011361,0.021502,0.016164
1992,67,0.011619,0.022127,0.016564
1992,68,0.012239,0.02561,0.018503
1992,69,0.016171,0.026972,0.021188
1992,70,0.015375,0.03173,0.02289
1992,71,0.017508,0.032842,0.024511
1992,72,0.019531,0.037962,0.02788
1992,73,0.024153,0.04356,0.03283
1992,74,0.026249,0.04754,0.035628
1992,75,0.02808,0.048417,0.03694
1992,76,0.031226,0.055756,0.041734
1992,77,0.037387,0.066407,0.049562
1992,78,0.041472,0.071716,0.053981
1992,79,0.046196,0.08111,0.06037
1992,80,0.051348,0.087628,0.06575
1992,81,0.062316,0.096137,0.075518
1992,82,0.067811,0.111333,0.08436
1992,83,0.074639,0.122776,0.092198
1992,84,0.092293,0.133134,0.106679
1992,85,0.094179,0.149837,0.113252
1992,86,0.109933,0.161774,0.126906
1992,87,0.12641,0.179841,0.143271
1992,88,0.14412,0.201544,0.161561
1992,89,0.160709,0.20464,0.173585
1992,90,0.183426,0.255165,0.203819
1993,0,0.004113,0.005395,0.00477
1993,1,0.000316,0.000283,0.000299
1993,2,0.000213,0.000264,0.000239
1993,3,0.000219,0.000271,0.000246
1993,4,0.000106,0.000251,0.000181
1993,5,9.2e-05,0.00014,0.000117
1993,6,0.000173,0.000146,0.000159
1993,7,0.000217,0.000261,0.000239
1993,8,6.1e-05,0.000308,0.000188
1993,9,0.000106,0.0001,0.000103
1993,10,6.4e-05,0.00014,0.000103
1993,11,0.000189,0.000179,0.000184
1993,12,0.000103,0.000196,0.000151
1993,13,0.000142,0.000155,0.000149
1993,14,0.000187,0.000198,0.000193
1993,15,0.000126,0.000358,0.000245
1993,16,0.000224,0.000328,0.000278
1993,17,0.000354,0.000336,0.000345
1993,18,0.000349,0.000664,0.00051
1993,19,0.000269,0.000668,0.000473
1993,20,0.000265,0.000509,0.00039
1993,21,0.000419,0.000737,0.000581
1993,22,0.000278,0.000841,0.000565
1993,23,0.000377,0.000831,0.000608
1993,24,0.000295,0.000733,0.000519
1993,25,0.000345,0.000627,0.000489
1993,26,0.000344,0.000693,0.000523
1993,27,0.000362,0.000888,0.000633
1993,28,0.000415,0.000755,0.00059
1993,29,0.000274,0.000849,0.00057
1993,30,0.000529,0.000738,0.000637
1993,31,0.000474,0.000995,0.000742
1993,32,0.000375,0.000986,0.000688
1993,33,0.00068,0.000987,0.000837
1993,34,0.000603,0.001275,0.000948
1993,35,0.000612,0.001307,0.000967
1993,36,0.000693,0.001557,0.001135
1993,37,0.000573,0.001475,0.001035
1993,38,0.000722,0.001593,0.001166
1993,39,0.001046,0.001222,0.001136
1993,40,0.000944,0.001699,0.001329
1993,41,0.00094,0.001798,0.001377
1993,42,0.001309,0.002211,0.001769
1993,43,0.000747,0.002152,0.001462
1993,44,0.001383,0.002047,0.001719
1993,45,0.001729,0.002634,0.002188
1993,46,0.001709,0.002581,0.002153
1993,47,0.001949,0.003128,0.00255
1993,48,0.002083,0.003118,0.002613
1993,49,0.002283,0.003223,0.002764
1993,50,0.002283,0.004053,0.003188
1993,51,0.002873,0.004208,0.003555
1993,52,0.002382,0.004717,0.003571
1993,53,0.003096,0.005567,0.004349
1993,54,0.003591,0.006066,0.004839
1993,55,0.003974,0.006548,0.005266
1993,56,0.003904,0.007041,0.005472
1993,57,0.004527,0.008336,0.006425
1993,58,0.004969,0.008661,0.006799
1993,59,0.005586,0.010397,0.00795
1993,60,0.006453,0.010654,0.008507
1993,61,0.006581,0.010978,0.008717
1993,62,0.007272,0.013625,0.010335
1993,63,0.007467,0.015836,0.011476
1993,64,0.008724,0.015495,0.011954
1993,65,0.009869,0.018619,0.014025
1993,66,0.010582,0.020108,0.015092
1993,67,0.012678,0.023004,0.01754
1993,68,0.013635,0.025049,0.018969
1993,69,0.013603,0.02676,0.019726
1993,70,0.015984,0.030072,0.022481
1993,71,0.017003,0.032989,0.024287
1993,72,0.020667,0.037787,0.028415
1993,73,0.022522,0.041574,0.031062
1993,74,0.02499,0.045622,0.034115
1993,75,0.027106,0.05155,0.037735
1993,76,0.033738,0.055829,0.043239
1993,77,0.036796,0.067706,0.049844
1993,78,0.041036,0.074645,0.054875
1993,79,0.046931,0.078857,0.059885
1993,80,0.053344,0.091769,0.068629
1993,81,0.061781,0.0991,0.076254
1993,82,0.069719,0.107619,0.084182
1993,83,0.083509,0.118551,0.096496
1993,84,0.088872,0.13561,0.105462
1993,85,0.102576,0.151206,0.119182
1993,86,0.113043,0.170872,0.13219
1993,87,0.13263,0.186724,0.149719
1993,88,0.144689,0.20746,0.16371
1993,89,0.165835,0.230643,0.184748
1993,90,0.192467,0.244661,0.207195
1994,0,0.003905,0.004782,0.004353
1994,1,0.000257,0.00039,0.000325
1994,2,0.000149,0.000172,0.000161
1994,3,4.9e-05,0.0002,0.000127
1994,4,0.000184,0.000253,0.000219
1994,5,8.8e-05,0.000183,0.000137
1994,6,0.000109,0.000104,0.000107
1994,7,9.5e-05,0.000218,0.000158
1994,8,1e-10,7.4e-05,3.8e-05
1994,9,0.000121,3.8e-05,7.9e-05
1994,10,8.4e-05,0.000197,0.000142
1994,11,0.000147,0.000139,0.000143
1994,12,6.2e-05,9.9e-05,8.1e-05
1994,13,0.000184,9.7e-05,0.00014
1994,14,0.000141,0.000173,0.000157
1994,15,0.000124,0.000197,0.000161
1994,16,0.000125,0.000395,0.000264
1994,17,0.000182,0.000192,0.000187
1994,18,0.000253,0.000705,0.000485
1994,19,0.00029,0.000625,0.000461
1994,20,0.000177,0.000477,0.00033
1994,21,0.000245,0.000505,0.000378
1994,22,0.000311,0.000715,0.000517
1994,23,0.00019,0.000867,0.000534
1994,24,0.000302,0.000755,0.000532
1994,25,0.000361,0.000594,0.00048
1994,26,0.000326,0.000886,0.000612
1994,27,0.000248,0.000878,0.000572
1994,28,0.000437,0.000838,0.000643
1994,29,0.000503,0.000807,0.000659
1994,30,0.000399,0.000934,0.000674
1994,31,0.000508,0.000972,0.000747
1994,32,0.000244,0.000923,0.000592
1994,33,0.000603,0.00098,0.000796
1994,34,0.000409,0.001116,0.000771
1994,35,0.000669,0.001068,0.000874
1994,36,0.000696,0.001233,0.00097
1994,37,0.000878,0.001501,0.001196
1994,38,0.000985,0.001884,0.001445
1994,39,0.000842,0.001657,0.001257
1994,40,0.000695,0.002003,0.001362
1994,41,0.001317,0.001845,0.001586
1994,42,0.001094,0.002082,0.001597
1994,43,0.001137,0.002096,0.001625
1994,44,0.001379,0.002151,0.001771
1994,45,0.001849,0.002503,0.00218
1994,46,0.001667,0.002563,0.002121
1994,47,0.001949,0.002876,0.00242
1994,48,0.002386,0.002947,0.002672
1994,49,0.002024,0.003548,0.002803
1994,50,0.002905,0.003691,0.003306
1994,51,0.002815,0.004214,0.003529
1994,52,0.002613,0.004696,0.003675
1994,53,0.003017,0.004983,0.004016
1994,54,0.003828,0.005527,0.004689
1994,55,0.004337,0.006267,0.005308
1994,56,0.004223,0.0072,0.005715
1994,57,0.004367,0.007892,0.006124
1994,58,0.004676,0.008632,0.006643
1994,59,0.004958,0.008776,0.006846
1994,60,0.006115,0.010687,0.008355
1994,61,0.005817,0.011213,0.008446
1994,62,0.00744,0.012494,0.009886
1994,63,0.007606,0.014688,0.011004
1994,64,0.008965,0.01593,0.012286
1994,65,0.009353,0.018148,0.01353
1994,66,0.00938,0.019064,0.013954
1994,67,0.010769,0.020217,0.015217
1994,68,0.012257,0.023684,0.017603
1994,69,0.01334,0.025895,0.019165
1994,70,0.014578,0.029261,0.02136
1994,71,0.01686,0.031164,0.023401
1994,72,0.018869,0.035516,0.026388
1994,73,0.020594,0.039128,0.028895
1994,74,0.023436,0.043482,0.03233
1994,75,0.02571,0.049994,0.036307
1994,76,0.029275,0.055187,0.040385
1994,77,0.032121,0.061837,0.044704
1994,78,0.037546,0.069138,0.050638
1994,79,0.044477,0.072304,0.055722
1994,80,0.051074,0.085675,0.064852
1994,81,0.056611,0.093039,0.070774
1994,82,0.063043,0.100445,0.07722
1994,83,0.073691,0.111574,0.087808
1994,84,0.087116,0.125994,0.101166
1994,85,0.090695,0.138398,0.107111
1994,86,0.109845,0.155051,0.124803
1994,87,0.123983,0.163352,0.136584
1994,88,0.135426,0.185133,0.15058
1994,89,0.157335,0.205845,0.171474
1994,90,0.172198,0.208126,0.182325
1995,0,0.003417,0.004539,0.003992
1995,1,0.00016,0.000358,0.000261
1995,2,0.000171,0.000211,0.000191
1995,3,8.2e-05,9.3e-05,8.8e-05
1995,4,0.000178,0.000153,0.000165
1995,5,0.000133,0.000142,0.000137
1995,6,5.2e-05,8.2e-05,6.8e-05
1995,7,5.4e-05,0.000189,0.000124
1995,8,5.7e-05,0.000126,9.2e-05
1995,9,0.000155,7.3e-05,0.000113
1995,10,8e-05,7.6e-05,7.8e-05
1995,11,6.2e-05,0.000118,9.1e-05
1995,12,8.4e-05,0.000158,0.000122
1995,13,0.000124,0.000216,0.000171
1995,14,0.000142,0.000174,0.000159
1995,15,0.000181,0.000191,0.000186
1995,16,0.000185,0.000294,0.000241
1995,17,0.000145,0.000531,0.000343
1995,18,0.000322,0.000629,0.00048
1995,19,0.000309,0.00059,0.000453
1995,20,0.000324,0.000812,0.000573
1995,21,0.000282,0.000678,0.000484
1995,22,0.000313,0.000486,0.000401
1995,23,0.000223,0.000628,0.000429
1995,24,0.000291,0.000729,0.000513
1995,25,0.000282,0.000647,0.000468
1995,26,0.000341,0.000509,0.000427
1995,27,0.000324,0.000633,0.000482
1995,28,0.000339,0.000729,0.000539
1995,29,0.000357,0.00082,0.000595
1995,30,0.00041,0.001077,0.000752
1995,31,0.000413,0.000976,0.000702
1995,32,0.000489,0.00081,0.000654
1995,33,0.000658,0.000821,0.000742
1995,34,0.000388,0.001095,0.00075
1995,35,0.000477,0.001045,0.000768
1995,36,0.000544,0.000998,0.000777
1995,37,0.000642,0.001348,0.001002
1995,38,0.000687,0.001285,0.000992
1995,39,0.000776,0.001454,0.001122
1995,40,0.00084,0.001673,0.001264
1995,41,0.001179,0.001819,0.001505
1995,42,0.00111,0.002158,0.001644
1995,43,0.001076,0.002338,0.001717
1995,44,0.001357,0.001983,0.001675
1995,45,0.00133,0.0025,0.001924
1995,46,0.001585,0.002341,0.001967
1995,47,0.001958,0.002838,0.002403
1995,48,0.002026,0.003322,0.002683
1995,49,0.002148,0.003667,0.002921
1995,50,0.002347,0.003767,0.003072
1995,51,0.002878,0.004268,0.003587
1995,52,0.003383,0.004691,0.00405
1995,53,0.003088,0.005099,0.004112
1995,54,0.003106,0.005351,0.004245
1995,55,0.003666,0.006004,0.004848
1995,56,0.004322,0.006808,0.00557
1995,57,0.004143,0.006935,0.005539
1995,58,0.004077,0.008203,0.006128
1995,59,0.005369,0.009154,0.007245
1995,60,0.005597,0.010048,0.00779
1995,61,0.006522,0.012286,0.009335
1995,62,0.007157,0.013038,0.010013
1995,63,0.007925,0.013854,0.010782
1995,64,0.009042,0.015106,0.01194
1995,65,0.009692,0.01617,0.012768
1995,66,0.010078,0.020659,0.015078
1995,67,0.011566,0.020927,0.015962
1995,68,0.011566,0.023897,0.017334
1995,69,0.014008,0.025806,0.019488
1995,70,0.01494,0.028181,0.021039
1995,71,0.015768,0.031259,0.022866
1995,72,0.018767,0.032827,0.025145
1995,73,0.01937,0.039523,0.02838
1995,74,0.024044,0.04688,0.034158
1995,75,0.025893,0.048033,0.035589
1995,76,0.030605,0.053545,0.040484
1995,77,0.034507,0.063171,0.046604
1995,78,0.039667,0.067483,0.051247
1995,79,0.044128,0.077824,0.05785
1995,80,0.050905,0.081764,0.063137
1995,81,0.055558,0.091549,0.069602
1995,82,0.06625,0.107112,0.081775
1995,83,0.074788,0.114378,0.089434
1995,84,0.083541,0.131788,0.101055
1995,85,0.095982,0.143733,0.11271
1995,86,0.105846,0.168107,0.126574
1995,87,0.118974,0.171382,0.135774
1995,88,0.137672,0.192354,0.154584
1995,89,0.152718,0.208437,0.169083
1995,90,0.176717,0.232703,0.192452
1996,0,0.00361,0.004049,0.003835
1996,1,0.000286,0.000417,0.000353
1996,2,0.000125,0.000136,0.000131
1996,3,0.000119,0.000162,0.000142
1996,4,8.2e-05,0.000249,0.000168
1996,5,0.000162,0.000138,0.00015
1996,6,8.3e-05,0.000189,0.000137
1996,7,7e-05,8.2e-05,7.6e-05
1996,8,7.2e-05,3.4e-05,5.3e-05
1996,9,0.000113,0.000108,0.00011
1996,10,0.000135,0.000128,0.000132
1996,11,8e-05,0.000113,9.7e-05
1996,12,8.3e-05,3.9e-05,6e-05
1996,13,0.000167,0.000138,0.000152
1996,14,6.2e-05,0.000216,0.000141
1996,15,0.000223,0.000213,0.000218
1996,16,0.00014,0.000458,0.000303
1996,17,0.000246,0.000313,0.00028
1996,18,0.000124,0.000392,0.000261
1996,19,0.00022,0.000418,0.000322
1996,20,0.00025,0.000662,0.00046
1996,21,0.000251,0.000517,0.000387
1996,22,0.000228,0.000592,0.000413
1996,23,0.000381,0.000651,0.000518
1996,24,0.000239,0.00051,0.000377
1996,25,0.000239,0.000676,0.000461
1996,26,0.000316,0.000713,0.000518
1996,27,0.00034,0.000719,0.000534
1996,28,0.000275,0.000864,0.000576
1996,29,0.000385,0.000743,0.000569
1996,30,0.000264,0.000644,0.00046
1996,31,0.000425,0.000818,0.000627
1996,32,0.000508,0.000916,0.000718
1996,33,0.000488,0.000985,0.000744
1996,34,0.000623,0.001003,0.000818
1996,35,0.000635,0.000962,0.000802
1996,36,0.000549,0.001064,0.000812
1996,37,0.000456,0.001218,0.000847
1996,38,0.000677,0.001551,0.001122
1996,39,0.000773,0.001255,0.001019
1996,40,0.000742,0.001474,0.001115
1996,41,0.0007,0.001422,0.001067
1996,42,0.000954,0.001941,0.001457
1996,43,0.001128,0.002048,0.001596
1996,44,0.001407,0.002075,0.001746
1996,45,0.001664,0.002301,0.001988
1996,46,0.001641,0.00235,0.002001
1996,47,0.001945,0.002882,0.002418
1996,48,0.001747,0.002818,0.002289
1996,49,0.002119,0.003261,0.002698
1996,50,0.002514,0.003989,0.003263
1996,51,0.002993,0.003945,0.003479
1996,52,0.002997,0.004302,0.003663
1996,53,0.002758,0.005378,0.004093
1996,54,0.003511,0.00533,0.004436
1996,55,0.003791,0.005899,0.004859
1996,56,0.00424,0.006166,0.005213
1996,57,0.004336,0.007341,0.005842
1996,58,0.004621,0.007388,0.006001
1996,59,0.005539,0.008083,0.006801
1996,60,0.005647,0.009722,0.007661
1996,61,0.005981,0.01088,0.008387
1996,62,0.006778,0.012327,0.009477
1996,63,0.007881,0.014041,0.010861
1996,64,0.008191,0.015839,0.011863
1996,65,0.008851,0.016948,0.012703
1996,66,0.009677,0.018818,0.013998
1996,67,0.011858,0.022012,0.016629
1996,68,0.011461,0.023293,0.016979
1996,69,0.013422,0.02504,0.01882
1996,70,0.014495,0.02743,0.020459
1996,71,0.016701,0.03238,0.023865
1996,72,0.019192,0.032399,0.025192
1996,73,0.021527,0.038029,0.028945
1996,74,0.024519,0.041683,0.032113
1996,75,0.026414,0.048263,0.035974
1996,76,0.030485,0.05142,0.039546
1996,77,0.032495,0.061124,0.044642
1996,78,0.036814,0.063964,0.048087
1996,79,0.04329,0.072275,0.055149
1996,80,0.050402,0.082746,0.063333
1996,81,0.055959,0.094763,0.071022
1996,82,0.062793,0.101175,0.077417
1996,83,0.071483,0.116296,0.088086
1996,84,0.082605,0.128642,0.099149
1996,85,0.094373,0.144466,0.111988
1996,86,0.108127,0.159692,0.125552
1996,87,0.125458,0.178753,0.142568
1996,88,0.136742,0.188764,0.152814
1996,89,0.154888,0.211387,0.171718
1996,90,0.175649,0.226979,0.190107
1997,0,0.003047,0.003995,0.003533
1997,1,0.000499,0.000396,0.000446
1997,2,0.000209,7.2e-05,0.000139
1997,3,0.000125,0.000222,0.000174
1997,4,1.7e-05,0.000228,0.000125
1997,5,4.9e-05,0.000171,0.000112
1997,6,9.7e-05,0.00023,0.000165
1997,7,8.3e-05,9.4e-05,8.9e-05
1997,8,5.2e-05,0.000165,0.00011
1997,9,9e-05,0.000189,0.000141
1997,10,9.4e-05,0.000108,0.000101
1997,11,7.7e-05,9.1e-05,8.4e-05
1997,12,0.0002,9.4e-05,0.000146
1997,13,0.000166,7.8e-05,0.000121
1997,14,8.4e-05,0.000158,0.000122
1997,15,0.000227,0.000294,0.000261
1997,16,0.000304,0.000155,0.000228
1997,17,0.00026,0.000209,0.000234
1997,18,0.000204,0.00039,0.0003
1997,19,0.000226,0.00045,0.000341
1997,20,0.000279,0.000569,0.000428
1997,21,0.000306,0.000809,0.000562
1997,22,0.000286,0.000689,0.000491
1997,23,0.00042,0.000725,0.000576
1997,24,0.000259,0.000698,0.000483
1997,25,0.000307,0.000787,0.000551
1997,26,0.000204,0.000593,0.000401
1997,27,0.000246,0.000661,0.000457
1997,28,0.000289,0.000538,0.000416
1997,29,0.000258,0.000694,0.000481
1997,30,0.000401,0.000655,0.000531
1997,31,0.000465,0.000718,0.000595
1997,32,0.000318,0.000732,0.000531
1997,33,0.000429,0.000856,0.000648
1997,34,0.000674,0.000985,0.000834
1997,35,0.000537,0.00148,0.001021
1997,36,0.000618,0.001166,0.000898
1997,37,0.000531,0.001066,0.000804
1997,38,0.000632,0.001237,0.000942
1997,39,0.000746,0.001304,0.00103
1997,40,0.000688,0.001357,0.001029
1997,41,0.000915,0.001676,0.001303
1997,42,0.001226,0.001732,0.001483
1997,43,0.000972,0.001762,0.001374
1997,44,0.001301,0.002137,0.001726
1997,45,0.001409,0.002113,0.001766
1997,46,0.001208,0.002439,0.001833
1997,47,0.001709,0.002897,0.002311
1997,48,0.001653,0.002495,0.002078
1997,49,0.001981,0.003264,0.002629
1997,50,0.002305,0.003392,0.002855
1997,51,0.002746,0.003861,0.003312
1997,52,0.002972,0.004125,0.00356
1997,53,0.002942,0.005499,0.004244
1997,54,0.003317,0.005362,0.004357
1997,55,0.003392,0.00606,0.004747
1997,56,0.003336,0.005877,0.004621
1997,57,0.004319,0.007181,0.005762
1997,58,0.00493,0.007291,0.006111
1997,59,0.005109,0.008822,0.006958
1997,60,0.005705,0.010287,0.007972
1997,61,0.005606,0.011338,0.008431
1997,62,0.006407,0.01185,0.009073
1997,63,0.006949,0.014265,0.010496
1997,64,0.008431,0.013908,0.01107
1997,65,0.009231,0.017826,0.01334
1997,66,0.010231,0.018234,0.01402
1997,67,0.009654,0.01982,0.014434
1997,68,0.011526,0.022106,0.016465
1997,69,0.012859,0.024376,0.018199
1997,70,0.014321,0.026793,0.020077
1997,71,0.016318,0.031884,0.023442
1997,72,0.018162,0.033708,0.025205
1997,73,0.021939,0.036977,0.028712
1997,74,0.023526,0.04189,0.031704
1997,75,0.025507,0.047334,0.035054
1997,76,0.028844,0.053049,0.039305
1997,77,0.032673,0.057082,0.043085
1997,78,0.03522,0.064084,0.047271
1997,79,0.041935,0.071335,0.053933
1997,80,0.048698,0.082165,0.062147
1997,81,0.055297,0.092993,0.070062
1997,82,0.063271,0.095508,0.075499
1997,83,0.072544,0.110837,0.086805
1997,84,0.08064,0.124913,0.096589
1997,85,0.092929,0.139832,0.10927
1997,86,0.10094,0.152139,0.118382
1997,87,0.117418,0.165989,0.133257
1997,88,0.13641,0.193151,0.153997
1997,89,0.1516,0.207846,0.168375
1997,90,0.168229,0.233686,0.186893
1998,0,0.003004,0.004053,0.003544
1998,1,0.000242,0.000377,0.000311
1998,2,0.000104,0.000277,0.000193
1998,3,0.000114,0.000163,0.000139
1998,4,8.9e-05,0.000136,0.000113
1998,5,0.000119,0.00013,0.000125
1998,6,3.3e-05,0.00014,8.8e-05
1998,7,4.9e-05,0.000107,7.9e-05
1998,8,0.000165,0.000157,0.000161
1998,9,5.2e-05,0.00023,0.000144
1998,10,7.2e-05,0.000171,0.000123
1998,11,0.000132,9e-05,0.00011
1998,12,0.000212,0.000164,0.000187
1998,13,8e-05,0.000151,0.000116
1998,14,0.000269,0.000137,0.000201
1998,15,0.000312,0.000432,0.000374
1998,16,0.000288,0.000488,0.000391
1998,17,0.000283,0.000578,0.000434
1998,18,0.000239,0.000683,0.000466
1998,19,0.000184,0.000507,0.000349
1998,20,0.000307,0.000586,0.00045
1998,21,0.000278,0.000626,0.000456
1998,22,0.000324,0.000679,0.000505
1998,23,0.000249,0.000636,0.000446
1998,24,0.000227,0.000622,0.000428
1998,25,0.000224,0.000729,0.000481
1998,26,0.000102,0.000638,0.000375
1998,27,0.000322,0.000657,0.000492
1998,28,0.000245,0.000625,0.000438
1998,29,0.000305,0.000554,0.000432
1998,30,0.000274,0.000647,0.000464
1998,31,0.000338,0.000611,0.000479
1998,32,0.00031,0.000732,0.000527
1998,33,0.000576,0.000948,0.000767
1998,34,0.000333,0.001007,0.000679
1998,35,0.000673,0.000986,0.000834
1998,36,0.000398,0.001136,0.000776
1998,37,0.000724,0.001032,0.000881
1998,38,0.000814,0.001288,0.001056
1998,39,0.000807,0.001273,0.001045
1998,40,0.000886,0.001424,0.001159
1998,41,0.000997,0.001227,0.001114
1998,42,0.001071,0.001629,0.001355
1998,43,0.001086,0.001957,0.001528
1998,44,0.001268,0.001699,0.001487
1998,45,0.001182,0.002142,0.001669
1998,46,0.001602,0.002492,0.002053
1998,47,0.001601,0.002927,0.002274
1998,48,0.001907,0.002431,0.002172
1998,49,0.001906,0.002626,0.002269
1998,50,0.002323,0.003413,0.002873
1998,51,0.002235,0.003598,0.002925
1998,52,0.002708,0.00388,0.003302
1998,53,0.002857,0.004679,0.003785
1998,54,0.003271,0.005577,0.004444
1998,55,0.003742,0.005728,0.004751
1998,56,0.003517,0.006157,0.004856
1998,57,0.004459,0.006651,0.005566
1998,58,0.004992,0.007441,0.006224
1998,59,0.004783,0.008273,0.006526
1998,60,0.004934,0.009065,0.006986
1998,61,0.006435,0.010204,0.008295
1998,62,0.007555,0.011885,0.009684
1998,63,0.007542,0.012852,0.010136
1998,64,0.007758,0.015641,0.011565
1998,65,0.008809,0.016924,0.012704
1998,66,0.00986,0.018021,0.013744
1998,67,0.01015,0.020279,0.014924
1998,68,0.011785,0.021537,0.016345
1998,69,0.012937,0.024174,0.018152
1998,70,0.013755,0.026544,0.019647
1998,71,0.015077,0.029963,0.021896
1998,72,0.017773,0.033275,0.024809
1998,73,0.019729,0.036565,0.027293
1998,74,0.022931,0.040526,0.03078
1998,75,0.024775,0.045165,0.033759
1998,76,0.029004,0.053324,0.039512
1998,77,0.031645,0.056838,0.042384
1998,78,0.036654,0.0639,0.048103
1998,79,0.042108,0.069385,0.05332
1998,80,0.048862,0.07644,0.059931
1998,81,0.05441,0.088536,0.067864
1998,82,0.06118,0.099025,0.075673
1998,83,0.0711,0.111269,0.085999
1998,84,0.079205,0.128086,0.096921
1998,85,0.088974,0.144157,0.108223
1998,86,0.105542,0.155125,0.122259
1998,87,0.119037,0.16759,0.135009
1998,88,0.130545,0.194076,0.150498
1998,89,0.150683,0.202625,0.166154
1998,90,0.16927,0.237042,0.188573
1999,0,0.002621,0.004032,0.003346
1999,1,0.000298,0.000174,0.000234
1999,2,0.000197,0.000146,0.000171
1999,3,6.2e-05,9.9e-05,8.1e-05
1999,4,7.6e-05,9e-05,8.3e-05
1999,5,7.1e-05,8.5e-05,7.8e-05
1999,6,0.000119,0.000195,0.000158
1999,7,0.000131,0.000124,0.000128
1999,8,0.000145,0.000122,0.000133
1999,9,8.3e-05,0.00011,9.6e-05
1999,10,0.000156,0.000148,0.000152
1999,11,5.4e-05,0.000171,0.000114
1999,12,1.9e-05,0.000179,0.000101
1999,13,5.8e-05,0.000218,0.00014
1999,14,0.000179,0.000244,0.000213
1999,15,0.000165,0.000214,0.00019
1999,16,0.000145,0.000176,0.000161
1999,17,0.000205,0.000409,0.000309
1999,18,0.000161,0.000481,0.000324
1999,19,0.000318,0.000569,0.000446
1999,20,0.000284,0.000701,0.000497
1999,21,0.000224,0.000761,0.000498
1999,22,0.000197,0.000606,0.000406
1999,23,0.000208,0.000695,0.000456
1999,24,0.000284,0.000599,0.000444
1999,25,0.000347,0.000737,0.000545
1999,26,0.000257,0.000578,0.00042
1999,27,0.000254,0.000636,0.000448
1999,28,0.000287,0.000769,0.000532
1999,29,0.000331,0.000791,0.000565
1999,30,0.000304,0.000683,0.000497
1999,31,0.000354,0.000768,0.000566
1999,32,0.000353,0.000712,0.000537
1999,33,0.000325,0.000775,0.000556
1999,34,0.000514,0.000904,0.000715
1999,35,0.000475,0.000842,0.000663
1999,36,0.000487,0.001241,0.000874
1999,37,0.000449,0.000907,0.000683
1999,38,0.000741,0.001236,0.000994
1999,39,0.000725,0.001425,0.001082
1999,40,0.000825,0.00146,0.001149
1999,41,0.001042,0.001527,0.001288
1999,42,0.001066,0.001959,0.00152
1999,43,0.001278,0.001798,0.001543
1999,44,0.00149,0.001841,0.001668
1999,45,0.001426,0.00214,0.001789
1999,46,0.001749,0.002031,0.001892
1999,47,0.001621,0.002431,0.002031
1999,48,0.001824,0.003021,0.002431
1999,49,0.002204,0.003236,0.002726
1999,50,0.002191,0.003453,0.002827
1999,51,0.00225,0.003457,0.002858
1999,52,0.002573,0.004014,0.003301
1999,53,0.003049,0.004619,0.003845
1999,54,0.002972,0.005134,0.004072
1999,55,0.003684,0.00583,0.004774
1999,56,0.004136,0.0061,0.005133
1999,57,0.00401,0.006291,0.005165
1999,58,0.004135,0.007519,0.005842
1999,59,0.004845,0.008212,0.006536
1999,60,0.005279,0.009303,0.007285
1999,61,0.006136,0.009198,0.007654
1999,62,0.006759,0.01089,0.008794
1999,63,0.007419,0.012971,0.010144
1999,64,0.008274,0.013905,0.011016
1999,65,0.008736,0.015219,0.011855
1999,66,0.010631,0.016255,0.013319
1999,67,0.010037,0.019407,0.014477
1999,68,0.011641,0.021915,0.016458
1999,69,0.012801,0.02358,0.017812
1999,70,0.013835,0.025986,0.019439
1999,71,0.01581,0.031245,0.022869
1999,72,0.017685,0.032863,0.024579
1999,73,0.019539,0.035589,0.026765
1999,74,0.022341,0.039709,0.03007
1999,75,0.025774,0.046324,0.034843
1999,76,0.029106,0.047679,0.037198
1999,77,0.031563,0.056091,0.042026
1999,78,0.035718,0.062871,0.047117
1999,79,0.042056,0.070047,0.053639
1999,80,0.050154,0.077436,0.061202
1999,81,0.054446,0.091296,0.068969
1999,82,0.064293,0.098833,0.077611
1999,83,0.070724,0.112051,0.086171
1999,84,0.079139,0.119391,0.093675
1999,85,0.0944,0.136054,0.109069
1999,86,0.105308,0.159081,0.123466
1999,87,0.121729,0.168388,0.136903
1999,88,0.139162,0.190199,0.155367
1999,89,0.158243,0.216128,0.175749
1999,90,0.168549,0.23159,0.186479
2000,0,0.002837,0.004052,0.003462
2000,1,0.000161,0.000283,0.000224
2000,2,0.000137,8.6e-05,0.000111
2000,3,4.4e-05,8.3e-05,6.4e-05
2000,4,0.000124,7.9e-05,0.000101
2000,5,7.6e-05,5.4e-05,6.5e-05
2000,6,0.000195,0.000102,0.000148
2000,7,0.000102,8.1e-05,9.1e-05
2000,8,1.6e-05,3.1e-05,2.4e-05
2000,9,8.1e-05,0.000213,0.000149
2000,10,9.9e-05,9.4e-05,9.6e-05
2000,11,0.000104,0.000131,0.000118
2000,12,0.00018,0.000119,0.000149
2000,13,0.000168,0.00016,0.000164
2000,14,9.6e-05,0.000199,0.000149
2000,15,0.000139,0.000281,0.000212
2000,16,0.000144,0.00031,0.000229
2000,17,0.000186,0.000371,0.000281
2000,18,0.000306,0.000679,0.000497
2000,19,0.000381,0.000729,0.000559
2000,20,0.000236,0.00087,0.000559
2000,21,0.000282,0.000718,0.000504
2000,22,0.000283,0.000835,0.000564
2000,23,0.000235,0.000696,0.00047
2000,24,0.000207,0.00069,0.000453
2000,25,0.000194,0.000765,0.000484
2000,26,0.000293,0.000949,0.000626
2000,27,0.000255,0.00046,0.000359
2000,28,0.000286,0.000877,0.000587
2000,29,0.000253,0.000619,0.000439
2000,30,0.000243,0.000688,0.000469
2000,31,0.000185,0.000632,0.000413
2000,32,0.000305,0.00089,0.000604
2000,33,0.00026,0.000711,0.000491
2000,34,0.000401,0.000861,0.000638
2000,35,0.000528,0.000904,0.000721
2000,36,0.000648,0.000901,0.000778
2000,37,0.00062,0.000922,0.000775
2000,38,0.000691,0.001203,0.000953
2000,39,0.000811,0.001016,0.000915
2000,40,0.000618,0.001155,0.000891
2000,41,0.000684,0.001444,0.001072
2000,42,0.00078,0.001226,0.001007
2000,43,0.001375,0.001662,0.001521
2000,44,0.001209,0.002134,0.00168
2000,45,0.001437,0.002048,0.001747
2000,46,0.001513,0.00206,0.00179
2000,47,0.001715,0.002568,0.002148
2000,48,0.001621,0.003154,0.002396
2000,49,0.002201,0.003163,0.002688
2000,50,0.00242,0.002909,0.002667
2000,51,0.002352,0.00399,0.003177
2000,52,0.002641,0.003957,0.003304
2000,53,0.002821,0.004223,0.003529
2000,54,0.003345,0.005026,0.004196
2000,55,0.00343,0.005041,0.004249
2000,56,0.004569,0.005879,0.005234
2000,57,0.00471,0.006069,0.005399
2000,58,0.005138,0.00725,0.006206
2000,59,0.004905,0.007746,0.006336
2000,60,0.005782,0.008749,0.00727
2000,61,0.006067,0.009936,0.007992
2000,62,0.007467,0.01091,0.009171
2000,63,0.007135,0.011035,0.009052
2000,64,0.007863,0.014177,0.010953
2000,65,0.008968,0.014703,0.01175
2000,66,0.009893,0.016543,0.013081
2000,67,0.010078,0.017724,0.013719
2000,68,0.010721,0.02026,0.015221
2000,69,0.012589,0.02315,0.017512
2000,70,0.013448,0.026037,0.019265
2000,71,0.015972,0.027596,0.021298
2000,72,0.01689,0.033154,0.02427
2000,73,0.019403,0.034381,0.026147
2000,74,0.022048,0.038738,0.029497
2000,75,0.023846,0.043157,0.03235
2000,76,0.029082,0.047812,0.037257
2000,77,0.031322,0.054865,0.041456
2000,78,0.034061,0.059017,0.04455
2000,79,0.041046,0.068358,0.052332
2000,80,0.048012,0.073767,0.058515
2000,81,0.05565,0.08249,0.06634
2000,82,0.060904,0.097222,0.074922
2000,83,0.068423,0.106884,0.082906
2000,84,0.081421,0.121287,0.095937
2000,85,0.091927,0.135176,0.10715
2000,86,0.103919,0.155178,0.121433
2000,87,0.116467,0.173474,0.135049
2000,88,0.134177,0.185126,0.150159
2000,89,0.149225,0.197922,0.164147
2000,90,0.173891,0.223052,0.18816
2001,0,0.003264,0.004001,0.003644
2001,1,0.000342,0.000216,0.000277
2001,2,0.000137,0.000282,0.000211
2001,3,0.000159,0.00015,0.000155
2001,4,0.000109,0.000104,0.000106
2001,5,0.000103,9.8e-05,0.0001
2001,6,5.7e-05,5.4e-05,5.5e-05
2001,7,0.000124,0.000119,0.000121
2001,8,0.000119,0.000113,0.000116
2001,9,8.2e-05,1.5e-05,4.8e-05
2001,10,9.6e-05,0.000137,0.000117
2001,11,9.8e-05,0.000124,0.000112
2001,12,5.2e-05,4.9e-05,5e-05
2001,13,0.000125,0.000153,0.000139
2001,14,0.000224,0.000124,0.000173
2001,15,0.000115,0.000306,0.000213
2001,16,0.000119,0.000224,0.000173
2001,17,0.000205,0.000366,0.000288
2001,18,0.000267,0.000388,0.000329
2001,19,0.000325,0.000696,0.000515
2001,20,0.000258,0.000822,0.000546
2001,21,0.000234,0.000998,0.000623
2001,22,0.000179,0.000811,0.0005
2001,23,0.00024,0.00079,0.00052
2001,24,0.000155,0.00067,0.000418
2001,25,0.000242,0.000702,0.000476
2001,26,0.000227,0.000607,0.00042
2001,27,0.000256,0.000826,0.000546
2001,28,0.000237,0.000572,0.000407
2001,29,0.000218,0.000629,0.000427
2001,30,0.000251,0.000615,0.000436
2001,31,0.000328,0.000867,0.000602
2001,32,0.000386,0.000564,0.000477
2001,33,0.000303,0.000994,0.000656
2001,34,0.000397,0.000839,0.000624
2001,35,0.000431,0.000743,0.000591
2001,36,0.000542,0.001088,0.000822
2001,37,0.000473,0.000959,0.000722
2001,38,0.000435,0.001206,0.000831
2001,39,0.000793,0.001432,0.00112
2001,40,0.000721,0.001269,0.001
2001,41,0.000687,0.001543,0.001123
2001,42,0.00091,0.001528,0.001225
2001,43,0.001005,0.001596,0.001305
2001,44,0.001014,0.001944,0.001487
2001,45,0.001346,0.001835,0.001595
2001,46,0.001349,0.002596,0.00198
2001,47,0.001756,0.002807,0.002289
2001,48,0.002059,0.003009,0.00254
2001,49,0.002006,0.002836,0.002426
2001,50,0.002597,0.00347,0.003039
2001,51,0.002555,0.003125,0.002844
2001,52,0.002702,0.003847,0.003278
2001,53,0.003095,0.004582,0.003843
2001,54,0.002903,0.004809,0.003864
2001,55,0.003141,0.004988,0.004075
2001,56,0.004123,0.006,0.005076
2001,57,0.004424,0.006638,0.005546
2001,58,0.004624,0.007691,0.006177
2001,59,0.005661,0.007093,0.006384
2001,60,0.005382,0.008322,0.006859
2001,61,0.006174,0.010512,0.008345
2001,62,0.005883,0.009587,0.007722
2001,63,0.006942,0.012082,0.00948
2001,64,0.006804,0.013294,0.009985
2001,65,0.008953,0.014154,0.01149
2001,66,0.009604,0.016517,0.012947
2001,67,0.010327,0.017701,0.01385
2001,68,0.012219,0.020644,0.016215
2001,69,0.01287,0.021903,0.017109
2001,70,0.014164,0.023638,0.018556
2001,71,0.016753,0.027776,0.021816
2001,72,0.017389,0.030123,0.023184
2001,73,0.018984,0.032892,0.025246
2001,74,0.021732,0.037729,0.028875
2001,75,0.023985,0.04153,0.031742
2001,76,0.025943,0.047626,0.035392
2001,77,0.031845,0.052233,0.040642
2001,78,0.036079,0.057745,0.045292
2001,79,0.040545,0.066585,0.051334
2001,80,0.047831,0.074558,0.058704
2001,81,0.052865,0.083761,0.065274
2001,82,0.058762,0.088099,0.070214
2001,83,0.069486,0.106669,0.083541
2001,84,0.077301,0.115586,0.091363
2001,85,0.091917,0.134486,0.107049
2001,86,0.105958,0.144467,0.119119
2001,87,0.119628,0.160325,0.133107
2001,88,0.133957,0.186656,0.150565
2001,89,0.158056,0.202202,0.171423
2001,90,0.163716,0.229739,0.183248
2002,0,0.003103,0.003577,0.003347
2002,1,0.000178,0.000336,0.000259
2002,2,0.000159,0.000387,0.000276
2002,3,0.000114,0.000108,0.000111
2002,4,6.8e-05,0.00015,0.00011
2002,5,0.000108,8.3e-05,9.5e-05
2002,6,0.000123,2e-05,7e-05
2002,7,3.8e-05,9e-05,6.4e-05
2002,8,1.8e-05,3.4e-05,2.6e-05
2002,9,0.000101,6.4e-05,8.2e-05
2002,10,8.1e-05,0.000154,0.000119
2002,11,9.6e-05,9.1e-05,9.3e-05
2002,12,4.9e-05,0.000155,0.000103
2002,13,6.9e-05,6.5e-05,6.7e-05
2002,14,0.000142,0.000186,0.000165
2002,15,0.000111,0.000283,0.000199
2002,16,0.00019,0.000323,0.000259
2002,17,0.000217,0.000222,0.00022
2002,18,0.000204,0.000479,0.000346
2002,19,0.000552,0.000735,0.000646
2002,20,0.000382,0.000731,0.000561
2002,21,0.000256,0.000628,0.000445
2002,22,0.000174,0.001047,0.000618
2002,23,0.000315,0.00086,0.000592
2002,24,0.000138,0.000724,0.000436
2002,25,0.000249,0.000774,0.000517
2002,26,0.000277,0.000677,0.00048
2002,27,0.000346,0.000635,0.000493
2002,28,0.000153,0.000541,0.00035
2002,29,0.000353,0.00047,0.000413
2002,30,0.000416,0.000785,0.000604
2002,31,0.000316,0.000789,0.000556
2002,32,0.000326,0.000763,0.000548
2002,33,0.000417,0.000674,0.000548
2002,34,0.00035,0.000686,0.000521
2002,35,0.00041,0.000678,0.000548
2002,36,0.000537,0.000872,0.000709
2002,37,0.000585,0.0009,0.000746
2002,38,0.000566,0.000913,0.000744
2002,39,0.000534,0.001221,0.000886
2002,40,0.000842,0.001349,0.001101
2002,41,0.000596,0.001284,0.000947
2002,42,0.000966,0.001627,0.001303
2002,43,0.001031,0.001578,0.00131
2002,44,0.000917,0.001847,0.001389
2002,45,0.001218,0.002013,0.001622
2002,46,0.001362,0.001886,0.001628
2002,47,0.00161,0.002565,0.002093
2002,48,0.001965,0.002168,0.002067
2002,49,0.00194,0.002729,0.00234
2002,50,0.002288,0.003099,0.002697
2002,51,0.00224,0.003798,0.003028
2002,52,0.002198,0.003859,0.003037
2002,53,0.002629,0.00411,0.003373
2002,54,0.003039,0.004631,0.003839
2002,55,0.003519,0.005475,0.004504
2002,56,0.003701,0.005207,0.004462
2002,57,0.004354,0.00623,0.005305
2002,58,0.004685,0.007569,0.006145
2002,59,0.00531,0.007969,0.006654
2002,60,0.005339,0.008935,0.007153
2002,61,0.006604,0.009189,0.007901
2002,62,0.005646,0.009745,0.007694
2002,63,0.006659,0.011874,0.009242
2002,64,0.007283,0.012579,0.00989
2002,65,0.008503,0.0136,0.010994
2002,66,0.008929,0.016483,0.012601
2002,67,0.010798,0.017182,0.013875
2002,68,0.011409,0.019756,0.015381
2002,69,0.013352,0.023006,0.017909
2002,70,0.01525,0.024078,0.019373
2002,71,0.016277,0.025823,0.020681
2002,72,0.016983,0.031216,0.02348
2002,73,0.020013,0.034001,0.02633
2002,74,0.020693,0.037185,0.028057
2002,75,0.024367,0.042025,0.032176
2002,76,0.025776,0.044425,0.033931
2002,77,0.030245,0.053995,0.040472
2002,78,0.037147,0.058473,0.046238
2002,79,0.041312,0.065418,0.051437
2002,80,0.046882,0.073884,0.057897
2002,81,0.051874,0.080927,0.063507
2002,82,0.06149,0.094729,0.074577
2002,83,0.068709,0.101557,0.081277
2002,84,0.081265,0.116673,0.094337
2002,85,0.08953,0.132566,0.104951
2002,86,0.108855,0.146378,0.121838
2002,87,0.120314,0.173869,0.138093
2002,88,0.140072,0.183464,0.154021
2002,89,0.152502,0.213791,0.171127
2002,90,0.184544,0.228267,0.197322
2003,0,0.002619,0.003669,0.003159
2003,1,0.000239,0.000392,0.000317
2003,2,0.000133,0.000272,0.000204
2003,3,9e-05,0.000214,0.000154
2003,4,0.000113,0.000107,0.00011
2003,5,4.5e-05,0.00017,0.000109
2003,6,0.000108,0.000123,0.000116
2003,7,4.1e-05,7.8e-05,6e-05
2003,8,7.5e-05,5.4e-05,6.4e-05
2003,9,7e-05,0.000118,9.4e-05
2003,10,3.4e-05,8e-05,5.7e-05
2003,11,3.2e-05,9.2e-05,6.3e-05
2003,12,8e-05,0.000121,0.000101
2003,13,0.000114,0.00017,0.000143
2003,14,0.000205,9.7e-05,0.00015
2003,15,0.000284,0.000168,0.000225
2003,16,0.000425,0.000299,0.00036
2003,17,0.000208,0.000303,0.000257
2003,18,0.000254,0.000479,0.00037
2003,19,0.000303,0.000707,0.000511
2003,20,0.000202,0.000732,0.000474
2003,21,0.000259,0.000651,0.000459
2003,22,0.000293,0.000678,0.000489
2003,23,0.000268,0.000703,0.000489
2003,24,0.000175,0.000755,0.00047
2003,25,0.000254,0.000828,0.000546
2003,26,0.000285,0.000456,0.000372
2003,27,0.000293,0.000583,0.00044
2003,28,0.000481,0.00063,0.000557
2003,29,0.000253,0.000652,0.000456
2003,30,0.000333,0.000564,0.000451
2003,31,0.000347,0.000446,0.000398
2003,32,0.000414,0.000513,0.000464
2003,33,0.000478,0.000677,0.000579
2003,34,0.000349,0.000895,0.000627
2003,35,0.000364,0.000881,0.000628
2003,36,0.00047,0.000662,0.000568
2003,37,0.00052,0.000942,0.000737
2003,38,0.000703,0.001056,0.000884
2003,39,0.000565,0.001197,0.000888
2003,40,0.0006,0.001267,0.000942
2003,41,0.000858,0.001315,0.001091
2003,42,0.000945,0.00142,0.001187
2003,43,0.001158,0.001626,0.001396
2003,44,0.000821,0.002132,0.001489
2003,45,0.001296,0.001731,0.001517
2003,46,0.001492,0.002229,0.001866
2003,47,0.001534,0.002556,0.002053
2003,48,0.001698,0.002553,0.00213
2003,49,0.001739,0.003104,0.00243
2003,50,0.002199,0.003054,0.002632
2003,51,0.00229,0.003348,0.002824
2003,52,0.002363,0.003474,0.002924
2003,53,0.002645,0.004196,0.003427
2003,54,0.003107,0.004844,0.00398
2003,55,0.003217,0.005175,0.0042
2003,56,0.003468,0.005773,0.004628
2003,57,0.00419,0.006257,0.005234
2003,58,0.004183,0.00616,0.005185
2003,59,0.004916,0.007222,0.006082
2003,60,0.00514,0.008013,0.00659
2003,61,0.00634,0.009293,0.007828
2003,62,0.006225,0.010343,0.008287
2003,63,0.006736,0.011167,0.008944
2003,64,0.007739,0.01203,0.00986
2003,65,0.008012,0.014884,0.011386
2003,66,0.00869,0.016167,0.01233
2003,67,0.010361,0.016652,0.013408
2003,68,0.011434,0.019845,0.015472
2003,69,0.012707,0.0207,0.016493
2003,70,0.014038,0.024149,0.018786
2003,71,0.015876,0.028814,0.021885
2003,72,0.016905,0.028418,0.022184
2003,73,0.01795,0.033625,0.025051
2003,74,0.020548,0.036558,0.027717
2003,75,0.022793,0.04065,0.030693
2003,76,0.026495,0.04522,0.03469
2003,77,0.029093,0.051787,0.038898
2003,78,0.033795,0.055892,0.043193
2003,79,0.040014,0.062851,0.04963
2003,80,0.044608,0.070822,0.055464
2003,81,0.051813,0.085972,0.065522
2003,82,0.057685,0.090382,0.070518
2003,83,0.06667,0.105717,0.081722
2003,84,0.07726,0.109676,0.089382
2003,85,0.083931,0.131321,0.101024
2003,86,0.103232,0.146649,0.118364
2003,87,0.112297,0.164355,0.129759
2003,88,0.132973,0.18217,0.148763
2003,89,0.147724,0.203819,0.165084
2003,90,0.170957,0.216471,0.184295
2004,0,0.002933,0.003302,0.003123
2004,1,0.000271,0.000158,0.000213
2004,2,0.000108,0.000144,0.000126
2004,3,8.8e-05,6.2e-05,7.5e-05
2004,4,9e-05,8.5e-05,8.7e-05
2004,5,0.000158,2.1e-05,8.8e-05
2004,6,0.000157,0.000127,0.000142
2004,7,4.3e-05,6.1e-05,5.2e-05
2004,8,0.000122,9.7e-05,0.000109
2004,9,7.5e-05,3.6e-05,5.5e-05
2004,10,8.7e-05,5e-05,6.8e-05
2004,11,6.7e-05,0.000112,9e-05
2004,12,4.9e-05,9.2e-05,7.1e-05
2004,13,0.000143,0.000135,0.000139
2004,14,0.000114,0.000169,0.000142
2004,15,0.000171,0.000257,0.000215
2004,16,0.000159,0.000285,0.000224
2004,17,0.000129,0.00035,0.000242
2004,18,0.000396,0.000551,0.000475
2004,19,0.000331,0.000588,0.000463
2004,20,0.0002,0.001066,0.000644
2004,21,0.000321,0.000843,0.000588
2004,22,0.000316,0.000759,0.000542
2004,23,0.000212,0.000745,0.000483
2004,24,0.000151,0.000822,0.000493
2004,25,0.000308,0.000709,0.000511
2004,26,0.000251,0.000652,0.000455
2004,27,0.000245,0.000615,0.000433
2004,28,0.000291,0.000718,0.000508
2004,29,0.000324,0.000659,0.000495
2004,30,0.000285,0.000535,0.000412
2004,31,0.000249,0.000674,0.000465
2004,32,0.000329,0.000667,0.000501
2004,33,0.000379,0.000479,0.00043
2004,34,0.000357,0.000839,0.000602
2004,35,0.000579,0.000686,0.000633
2004,36,0.000411,0.000773,0.000596
2004,37,0.000468,0.000948,0.000714
2004,38,0.000625,0.000827,0.000729
2004,39,0.000538,0.001013,0.000781
2004,40,0.000767,0.001225,0.001002
2004,41,0.000748,0.00095,0.000852
2004,42,0.000822,0.001267,0.001049
2004,43,0.000699,0.001521,0.001117
2004,44,0.001227,0.001847,0.001542
2004,45,0.001064,0.001948,0.001515
2004,46,0.001209,0.002018,0.001619
2004,47,0.001543,0.002099,0.001825
2004,48,0.001897,0.002511,0.002209
2004,49,0.001804,0.003159,0.002488
2004,50,0.002281,0.003573,0.002934
2004,51,0.00191,0.003535,0.002731
2004,52,0.002311,0.003548,0.002934
2004,53,0.002641,0.003974,0.003314
2004,54,0.002979,0.004554,0.003773
2004,55,0.003067,0.004868,0.003971
2004,56,0.003584,0.005775,0.004683
2004,57,0.004077,0.006247,0.005168
2004,58,0.004422,0.006627,0.005534
2004,59,0.004796,0.007072,0.005948
2004,60,0.005793,0.008048,0.006931
2004,61,0.005557,0.008706,0.007144
2004,62,0.006573,0.009324,0.007956
2004,63,0.007056,0.010246,0.00865
2004,64,0.007175,0.012715,0.009931
2004,65,0.007578,0.013728,0.010608
2004,66,0.009104,0.014893,0.011936
2004,67,0.009331,0.016817,0.012962
2004,68,0.010242,0.018414,0.014184
2004,69,0.01251,0.021079,0.016606
2004,70,0.013922,0.022337,0.017889
2004,71,0.014435,0.027038,0.020319
2004,72,0.016607,0.028853,0.022258
2004,73,0.018377,0.030948,0.024101
2004,74,0.021183,0.033983,0.026935
2004,75,0.02262,0.036762,0.028901
2004,76,0.024929,0.043295,0.032979
2004,77,0.029994,0.048005,0.037789
2004,78,0.031587,0.051807,0.040222
2004,79,0.038957,0.059435,0.047563
2004,80,0.04078,0.067429,0.051856
2004,81,0.048852,0.078407,0.060895
2004,82,0.056515,0.083557,0.067165
2004,83,0.063548,0.095913,0.076009
2004,84,0.073599,0.111468,0.087853
2004,85,0.083655,0.123463,0.098186
2004,86,0.100644,0.13836,0.113891
2004,87,0.11033,0.153386,0.124908
2004,88,0.124435,0.184531,0.143904
2004,89,0.148404,0.194612,0.162696
2004,90,0.162222,0.209622,0.176431
2005,0,0.002339,0.002519,0.002432
2005,1,0.000364,0.00046,0.000413
2005,2,0.000186,9.9e-05,0.000141
2005,3,0.000129,0.000266,0.000199
2005,4,8.8e-05,8.3e-05,8.5e-05
2005,5,4.5e-05,0.000212,0.000131
2005,6,0.000112,0.000212,0.000164
2005,7,6.7e-05,8.4e-05,7.6e-05
2005,8,4.3e-05,0.000122,8.3e-05
2005,9,8.1e-05,5.8e-05,6.9e-05
2005,10,7.4e-05,7.1e-05,7.3e-05
2005,11,1.7e-05,8.4e-05,5.1e-05
2005,12,8.4e-05,4.8e-05,6.5e-05
2005,13,0.000145,0.000229,0.000188
2005,14,7.9e-05,0.000165,0.000123
2005,15,0.000178,0.000276,0.000228
2005,16,0.000102,0.000225,0.000165
2005,17,0.000141,0.000351,0.000249
2005,18,0.000146,0.000401,0.000277
2005,19,0.000243,0.000549,0.0004
2005,20,0.000309,0.000586,0.000451
2005,21,0.000377,0.00072,0.000553
2005,22,0.000238,0.000721,0.000485
2005,23,0.000273,0.000618,0.000449
2005,24,0.000152,0.00068,0.000421
2005,25,0.000205,0.000794,0.000505
2005,26,0.000266,0.000736,0.000505
2005,27,0.000268,0.000572,0.000423
2005,28,0.000224,0.000771,0.000503
2005,29,0.000307,0.000782,0.000549
2005,30,0.000458,0.000622,0.000542
2005,31,0.000467,0.00058,0.000525
2005,32,0.000264,0.000767,0.00052
2005,33,0.000229,0.000491,0.000362
2005,34,0.000345,0.000653,0.000501
2005,35,0.000407,0.000919,0.000667
2005,36,0.000528,0.000653,0.000591
2005,37,0.000535,0.000681,0.00061
2005,38,0.000633,0.00079,0.000714
2005,39,0.00064,0.001175,0.000914
2005,40,0.000626,0.000984,0.000809
2005,41,0.000735,0.001286,0.001017
2005,42,0.000764,0.001489,0.001135
2005,43,0.001027,0.001564,0.0013
2005,44,0.000821,0.001674,0.001254
2005,45,0.001139,0.001798,0.001473
2005,46,0.001343,0.002019,0.001687
2005,47,0.001123,0.002123,0.001629
2005,48,0.001613,0.002321,0.001972
2005,49,0.001761,0.00297,0.002374
2005,50,0.00235,0.002703,0.002528
2005,51,0.002423,0.002917,0.002673
2005,52,0.00255,0.00363,0.003096
2005,53,0.002735,0.004857,0.003804
2005,54,0.002939,0.004399,0.003675
2005,55,0.003433,0.005114,0.004279
2005,56,0.003854,0.005667,0.004763
2005,57,0.004442,0.005795,0.00512
2005,58,0.003986,0.006054,0.005025
2005,59,0.004826,0.007477,0.006162
2005,60,0.005276,0.008084,0.006694
2005,61,0.005857,0.008639,0.007259
2005,62,0.006087,0.009857,0.007984
2005,63,0.007363,0.010762,0.00907
2005,64,0.007305,0.011427,0.009362
2005,65,0.008789,0.013729,0.01124
2005,66,0.009352,0.016227,0.01273
2005,67,0.009782,0.015754,0.012694
2005,68,0.0107,0.018452,0.014446
2005,69,0.012086,0.019858,0.015818
2005,70,0.01352,0.022211,0.017655
2005,71,0.013798,0.023832,0.018504
2005,72,0.016701,0.027204,0.021575
2005,73,0.017115,0.032087,0.023981
2005,74,0.020196,0.035047,0.026905
2005,75,0.021893,0.03881,0.029431
2005,76,0.025561,0.042849,0.033171
2005,77,0.029046,0.04752,0.037066
2005,78,0.032902,0.052435,0.041262
2005,79,0.036042,0.06257,0.047229
2005,80,0.042538,0.069226,0.053605
2005,81,0.048319,0.077468,0.060237
2005,82,0.054463,0.086566,0.067322
2005,83,0.065412,0.097888,0.077965
2005,84,0.072278,0.11085,0.086803
2005,85,0.080116,0.125798,0.096863
2005,86,0.097575,0.139062,0.112335
2005,87,0.111067,0.160393,0.127884
2005,88,0.124219,0.176658,0.141366
2005,89,0.14358,0.195176,0.159697
2005,90,0.16342,0.225136,0.18185
2006,0,0.002605,0.003079,0.002848
2006,1,0.000301,0.000286,0.000293
2006,2,0.00014,0.000133,0.000137
2006,3,0.000123,0.000177,0.000151
2006,4,0.000171,6.1e-05,0.000115
2006,5,4.4e-05,0.000165,0.000106
2006,6,6.7e-05,6.3e-05,6.5e-05
2006,7,1e-10,0.000148,7.6e-05
2006,8,8.9e-05,0.000105,9.7e-05
2006,9,8.5e-05,0.000142,0.000114
2006,10,6e-05,0.000154,0.000108
2006,11,9.3e-05,0.000106,9.9e-05
2006,12,5.2e-05,5e-05,5.1e-05
2006,13,6.7e-05,0.000159,0.000114
2006,14,4.8e-05,0.000121,8.6e-05
2006,15,0.000268,0.000194,0.00023
2006,16,0.000145,0.000427,0.00029
2006,17,0.000254,0.000383,0.00032
2006,18,0.00014,0.000399,0.000273
2006,19,0.000291,0.000625,0.000462
2006,20,0.000315,0.000599,0.000461
2006,21,0.00042,0.000708,0.000567
2006,22,0.000235,0.000635,0.00044
2006,23,0.000351,0.000894,0.000629
2006,24,0.000268,0.000551,0.000413
2006,25,0.000244,0.000687,0.000469
2006,26,0.000239,0.000532,0.000388
2006,27,0.000132,0.000599,0.00037
2006,28,0.000265,0.00051,0.00039
2006,29,0.000295,0.00078,0.000543
2006,30,0.000375,0.00055,0.000465
2006,31,0.00032,0.000471,0.000397
2006,32,0.000481,0.000544,0.000513
2006,33,0.000426,0.000874,0.000654
2006,34,0.000423,0.000503,0.000464
2006,35,0.000425,0.000633,0.000531
2006,36,0.000556,0.000881,0.000721
2006,37,0.000492,0.000905,0.000702
2006,38,0.000612,0.00086,0.000739
2006,39,0.000481,0.001118,0.000807
2006,40,0.000714,0.000926,0.000823
2006,41,0.000729,0.001311,0.001026
2006,42,0.000656,0.001539,0.001107
2006,43,0.000894,0.001313,0.001109
2006,44,0.00111,0.001546,0.001332
2006,45,0.001081,0.001589,0.001339
2006,46,0.001172,0.002,0.001593
2006,47,0.001237,0.002154,0.001703
2006,48,0.001795,0.002074,0.001936
2006,49,0.001733,0.002424,0.002083
2006,50,0.001848,0.002873,0.002368
2006,51,0.002141,0.003311,0.002731
2006,52,0.002445,0.003625,0.003041
2006,53,0.002674,0.004593,0.003642
2006,54,0.002935,0.004548,0.003747
2006,55,0.002842,0.004826,0.003841
2006,56,0.003904,0.005351,0.004632
2006,57,0.003565,0.006142,0.004855
2006,58,0.004144,0.00586,0.005003
2006,59,0.004619,0.007091,0.005859
2006,60,0.005314,0.007673,0.006501
2006,61,0.005366,0.008867,0.007132
2006,62,0.006569,0.009178,0.007881
2006,63,0.006393,0.010575,0.008493
2006,64,0.007707,0.01137,0.009542
2006,65,0.008211,0.014504,0.011343
2006,66,0.00822,0.015306,0.011725
2006,67,0.009208,0.014828,0.01196
2006,68,0.010259,0.016694,0.013386
2006,69,0.01108,0.018931,0.014857
2006,70,0.013625,0.022107,0.017679
2006,71,0.013922,0.024275,0.018825
2006,72,0.015716,0.026441,0.020717
2006,73,0.017424,0.029252,0.022881
2006,74,0.020813,0.033552,0.026614
2006,75,0.021215,0.036128,0.027892
2006,76,0.024701,0.042179,0.032422
2006,77,0.028024,0.046264,0.035976
2006,78,0.033539,0.051861,0.041408
2006,79,0.036363,0.058122,0.045557
2006,80,0.039143,0.067229,0.05084
2006,81,0.048256,0.076975,0.059962
2006,82,0.053121,0.081829,0.064656
2006,83,0.062434,0.094123,0.074893
2006,84,0.076477,0.109363,0.088925
2006,85,0.082536,0.120742,0.09658
2006,86,0.092756,0.138745,0.10917
2006,87,0.105676,0.15081,0.121293
2006,88,0.128671,0.176085,0.144308
2006,89,0.14172,0.195833,0.158858
2006,90,0.154246,0.214352,0.17228
2007,0,0.002315,0.002695,0.00251
2007,1,0.000331,0.000295,0.000313
2007,2,0.000159,0.000132,0.000145
2007,3,0.000159,1.9e-05,8.7e-05
2007,4,0.000122,9.7e-05,0.00011
2007,5,0.000106,0.000121,0.000114
2007,6,0.00013,6.1e-05,9.5e-05
2007,7,4.4e-05,8.4e-05,6.4e-05
2007,8,8.9e-05,0.000105,9.7e-05
2007,9,8.8e-05,4.2e-05,6.4e-05
2007,10,8.4e-05,6e-05,7.2e-05
2007,11,2e-05,5.7e-05,3.9e-05
2007,12,5.5e-05,8.8e-05,7.2e-05
2007,13,5.2e-05,0.000132,9.3e-05
2007,14,8.3e-05,0.000158,0.000121
2007,15,0.000208,0.000211,0.00021
2007,16,0.000235,0.000311,0.000274
2007,17,0.000224,0.000333,0.00028
2007,18,0.000117,0.000538,0.000334
2007,19,0.000243,0.000826,0.000541
2007,20,0.000269,0.000706,0.000492
2007,21,0.000366,0.000644,0.000509
2007,22,0.00015,0.000714,0.000439
2007,23,0.00023,0.000529,0.000384
2007,24,0.000191,0.00089,0.00055
2007,25,0.000395,0.000755,0.000579
2007,26,0.000203,0.000902,0.00056
2007,27,0.0002,0.000627,0.000418
2007,28,0.000149,0.000731,0.000446
2007,29,0.000262,0.000716,0.000494
2007,30,0.000256,0.000664,0.000464
2007,31,0.000336,0.000578,0.00046
2007,32,0.0002,0.000594,0.000401
2007,33,0.00046,0.000634,0.000549
2007,34,0.000309,0.000692,0.000504
2007,35,0.000453,0.000671,0.000564
2007,36,0.000551,0.000817,0.000686
2007,37,0.000553,0.000779,0.000667
2007,38,0.000539,0.000774,0.000658
2007,39,0.000594,0.001021,0.000812
2007,40,0.000704,0.001085,0.000899
2007,41,0.000605,0.001139,0.000879
2007,42,0.000845,0.001265,0.00106
2007,43,0.000731,0.001505,0.001127
2007,44,0.001156,0.001516,0.00134
2007,45,0.001158,0.001986,0.00158
2007,46,0.001269,0.001974,0.001627
2007,47,0.001449,0.00205,0.001754
2007,48,0.001461,0.00212,0.001796
2007,49,0.001828,0.002614,0.002225
2007,50,0.001956,0.003227,0.002599
2007,51,0.00214,0.0034,0.002778
2007,52,0.002353,0.003924,0.003145
2007,53,0.002534,0.00367,0.003107
2007,54,0.002437,0.004097,0.003274
2007,55,0.002657,0.004512,0.003589
2007,56,0.003417,0.005001,0.004213
2007,57,0.003532,0.005707,0.004624
2007,58,0.004293,0.006338,0.005315
2007,59,0.004506,0.007016,0.00576
2007,60,0.004794,0.007062,0.00593
2007,61,0.004948,0.008533,0.006749
2007,62,0.005823,0.009509,0.007679
2007,63,0.006455,0.010675,0.008573
2007,64,0.007548,0.011927,0.009742
2007,65,0.009007,0.013371,0.011189
2007,66,0.009045,0.013615,0.011313
2007,67,0.009912,0.015803,0.012817
2007,68,0.009956,0.016692,0.013244
2007,69,0.01173,0.018311,0.014916
2007,70,0.012239,0.020676,0.016281
2007,71,0.013957,0.022209,0.017884
2007,72,0.016309,0.025313,0.020551
2007,73,0.017493,0.028674,0.022677
2007,74,0.018569,0.030056,0.023838
2007,75,0.022282,0.036043,0.028502
2007,76,0.025123,0.038614,0.031113
2007,77,0.028771,0.04511,0.035926
2007,78,0.031499,0.052718,0.040653
2007,79,0.037754,0.055215,0.045166
2007,80,0.044185,0.06585,0.053228
2007,81,0.045297,0.073195,0.056742
2007,82,0.05696,0.083446,0.067575
2007,83,0.061595,0.092419,0.073773
2007,84,0.07091,0.106516,0.084635
2007,85,0.083707,0.116031,0.095686
2007,86,0.09748,0.135796,0.111198
2007,87,0.110954,0.148052,0.123856
2007,88,0.129034,0.168309,0.142217
2007,89,0.145862,0.186106,0.158761
2007,90,0.156565,0.216363,0.174755
2008,0,0.002477,0.002512,0.002495
2008,1,0.000229,0.000216,0.000222
2008,2,0.000135,0.000183,0.00016
2008,3,5.9e-05,7.5e-05,6.7e-05
2008,4,0.000138,5.6e-05,9.6e-05
2008,5,0.000101,7.7e-05,8.9e-05
2008,6,2.1e-05,4e-05,3.1e-05
2008,7,1e-10,2e-05,1e-05
2008,8,8.8e-05,0.000104,9.6e-05
2008,9,2.2e-05,0.000104,6.4e-05
2008,10,0.000109,0.000124,0.000117
2008,11,6.3e-05,8e-05,7.1e-05
2008,12,0.000139,0.000113,0.000126
2008,13,0.00011,0.000104,0.000107
2008,14,8.6e-05,0.000181,0.000134
2008,15,0.000132,0.00011,0.00012
2008,16,0.000111,0.000344,0.000231
2008,17,0.000265,0.000322,0.000294
2008,18,0.000254,0.000435,0.000347
2008,19,0.000233,0.000645,0.000445
2008,20,0.00024,0.00064,0.000444
2008,21,0.000178,0.000785,0.000488
2008,22,0.000198,0.000652,0.00043
2008,23,0.000257,0.000804,0.000538
2008,24,0.000282,0.000713,0.000503
2008,25,0.000319,0.000639,0.000483
2008,26,0.00024,0.000669,0.00046
2008,27,0.000309,0.000816,0.000568
2008,28,0.000394,0.000702,0.000551
2008,29,0.000404,0.000754,0.000583
2008,30,0.000277,0.000812,0.00055
2008,31,0.000307,0.000828,0.000573
2008,32,0.000333,0.000789,0.000566
2008,33,0.000281,0.000684,0.000486
2008,34,0.000358,0.000708,0.000536
2008,35,0.000371,0.00078,0.000579
2008,36,0.000337,0.000837,0.000591
2008,37,0.000354,0.000797,0.000579
2008,38,0.000666,0.000726,0.000696
2008,39,0.000552,0.000848,0.000703
2008,40,0.000685,0.000958,0.000824
2008,41,0.000716,0.001082,0.000903
2008,42,0.000814,0.001237,0.001031
2008,43,0.000946,0.001532,0.001245
2008,44,0.001117,0.001532,0.001329
2008,45,0.001201,0.001608,0.001409
2008,46,0.000883,0.002,0.001451
2008,47,0.001284,0.001702,0.001496
2008,48,0.001411,0.0021,0.00176
2008,49,0.001858,0.002543,0.002206
2008,50,0.001896,0.00292,0.002414
2008,51,0.002177,0.003483,0.002838
2008,52,0.002452,0.003036,0.002748
2008,53,0.002584,0.004281,0.003438
2008,54,0.002467,0.004283,0.003383
2008,55,0.003409,0.004162,0.003788
2008,56,0.003245,0.004881,0.004066
2008,57,0.003908,0.005763,0.004839
2008,58,0.00379,0.006532,0.005165
2008,59,0.004052,0.006457,0.005252
2008,60,0.004934,0.007667,0.006298
2008,61,0.005297,0.00786,0.006579
2008,62,0.005567,0.009415,0.007496
2008,63,0.006205,0.010087,0.008156
2008,64,0.007855,0.011826,0.009844
2008,65,0.007695,0.012446,0.010071
2008,66,0.009363,0.013305,0.011329
2008,67,0.009533,0.014526,0.012004
2008,68,0.010881,0.017239,0.014006
2008,69,0.011079,0.019009,0.014937
2008,70,0.012108,0.020004,0.015915
2008,71,0.013102,0.022225,0.017453
2008,72,0.015273,0.025103,0.019931
2008,73,0.015827,0.027021,0.021072
2008,74,0.018714,0.033205,0.025389
2008,75,0.021503,0.035041,0.027671
2008,76,0.023889,0.036999,0.02977
2008,77,0.028334,0.043557,0.035042
2008,78,0.029767,0.050744,0.03886
2008,79,0.034853,0.054305,0.043158
2008,80,0.039666,0.063961,0.049857
2008,81,0.046764,0.076069,0.058814
2008,82,0.05378,0.080964,0.064743
2008,83,0.061697,0.092436,0.073799
2008,84,0.071185,0.102082,0.08315
2008,85,0.08439,0.116594,0.096563
2008,86,0.095326,0.132226,0.108708
2008,87,0.10806,0.153593,0.123958
2008,88,0.123378,0.164504,0.137303
2008,89,0.140932,0.195938,0.158898
2008,90,0.16973,0.208382,0.181693
2009,0,0.002428,0.002602,0.002518
2009,1,0.000243,0.000405,0.000326
2009,2,0.00017,0.000268,0.00022
2009,3,0.000172,0.000218,0.000195
2009,4,2e-05,7.4e-05,4.8e-05
2009,5,7.8e-05,7.4e-05,7.6e-05
2009,6,6e-05,0.000115,8.8e-05
2009,7,0.000146,0.000119,0.000132
2009,8,6.4e-05,0.000141,0.000103
2009,9,4.3e-05,0.000103,7.4e-05
2009,10,6.5e-05,0.000124,9.5e-05
2009,11,8.7e-05,6.1e-05,7.4e-05
2009,12,2.1e-05,0.000119,7.1e-05
2009,13,3.9e-05,0.000112,7.7e-05
2009,14,0.000181,0.000276,0.00023
2009,15,0.00017,0.000179,0.000175
2009,16,0.000245,0.000155,0.000199
2009,17,0.000237,0.000399,0.000321
2009,18,0.000185,0.000262,0.000225
2009,19,0.000189,0.000642,0.000421
2009,20,0.000247,0.000532,0.000393
2009,21,0.000186,0.000733,0.000465
2009,22,0.000227,0.000538,0.000385
2009,23,0.000229,0.000756,0.000499
2009,24,0.000216,0.000819,0.000525
2009,25,0.000276,0.000592,0.000438
2009,26,0.00011,0.000695,0.000411
2009,27,0.000309,0.000708,0.000513
2009,28,0.00025,0.00053,0.000393
2009,29,0.000229,0.000909,0.000577
2009,30,0.000271,0.000709,0.000495
2009,31,0.000182,0.000644,0.000418
2009,32,0.000303,0.000681,0.000496
2009,33,0.000329,0.000649,0.000492
2009,34,0.00036,0.000647,0.000506
2009,35,0.000307,0.001029,0.000674
2009,36,0.00048,0.000806,0.000646
2009,37,0.000398,0.000755,0.00058
2009,38,0.000688,0.001056,0.000875
2009,39,0.000661,0.000722,0.000692
2009,40,0.000759,0.000938,0.00085
2009,41,0.000573,0.00085,0.000714
2009,42,0.000757,0.001179,0.000973
2009,43,0.000826,0.001579,0.001211
2009,44,0.001105,0.001558,0.001336
2009,45,0.001222,0.001575,0.001402
2009,46,0.001395,0.001731,0.001567
2009,47,0.00127,0.002048,0.001665
2009,48,0.001541,0.001921,0.001733
2009,49,0.001374,0.002609,0.002
2009,50,0.001527,0.003067,0.002308
2009,51,0.00224,0.002873,0.002559
2009,52,0.00228,0.003539,0.002916
2009,53,0.002955,0.003721,0.003342
2009,54,0.002885,0.004328,0.003611
2009,55,0.002978,0.00414,0.003563
2009,56,0.003121,0.004965,0.004048
2009,57,0.003252,0.005834,0.004547
2009,58,0.004213,0.006242,0.005231
2009,59,0.004303,0.006571,0.005439
2009,60,0.004772,0.006755,0.005761
2009,61,0.004841,0.008054,0.006442
2009,62,0.006023,0.009195,0.007607
2009,63,0.006226,0.009211,0.007721
2009,64,0.007497,0.010713,0.00911
2009,65,0.007826,0.012418,0.010121
2009,66,0.00788,0.013025,0.010447
2009,67,0.009666,0.013546,0.011596
2009,68,0.009551,0.015297,0.012387
2009,69,0.011468,0.018056,0.014694
2009,70,0.012724,0.018596,0.01557
2009,71,0.013386,0.021538,0.017299
2009,72,0.015401,0.023536,0.019263
2009,73,0.018122,0.027537,0.022559
2009,74,0.01946,0.030902,0.024787
2009,75,0.020425,0.034097,0.026676
2009,76,0.022623,0.038992,0.030023
2009,77,0.026367,0.042933,0.033734
2009,78,0.030378,0.048446,0.038257
2009,79,0.033929,0.052888,0.042061
2009,80,0.039717,0.064447,0.050158
2009,81,0.043619,0.070107,0.054569
2009,82,0.050799,0.076716,0.061287
2009,83,0.060039,0.08888,0.071477
2009,84,0.069585,0.100888,0.081675
2009,85,0.078903,0.116911,0.093327
2009,86,0.08979,0.127391,0.10369
2009,87,0.108187,0.14854,0.122437
2009,88,0.120524,0.16819,0.136702
2009,89,0.137285,0.179778,0.151239
2009,90,0.152385,0.208285,0.1701
2010,0,0.002402,0.002712,0.002561
2010,1,0.000277,0.000226,0.000251
2010,2,0.000111,0.00014,0.000126
2010,3,9.4e-05,0.000124,0.000109
2010,4,7.6e-05,0.000144,0.000111
2010,5,5.8e-05,1.8e-05,3.8e-05
2010,6,7.8e-05,5.6e-05,6.6e-05
2010,7,0.0001,9.5e-05,9.7e-05
2010,8,0.000125,2e-05,7.1e-05
2010,9,2.1e-05,6e-05,4.1e-05
2010,10,4.3e-05,4.1e-05,4.2e-05
2010,11,2.2e-05,8.2e-05,5.3e-05
2010,12,0.000151,0.000122,0.000136
2010,13,6.2e-05,0.000157,0.00011
2010,14,0.000117,9.3e-05,0.000105
2010,15,0.000108,0.000171,0.00014
2010,16,0.000203,0.000257,0.000231
2010,17,0.000227,0.000306,0.000268
2010,18,0.000266,0.00044,0.000356
2010,19,0.000168,0.000491,0.000334
2010,20,0.000218,0.000504,0.000365
2010,21,0.000293,0.00076,0.000532
2010,22,0.000233,0.00056,0.0004
2010,23,0.000188,0.000755,0.000477
2010,24,0.00031,0.000737,0.000529
2010,25,0.000299,0.000765,0.000539
2010,26,0.000288,0.000527,0.000411
2010,27,0.000199,0.000732,0.000473
2010,28,0.000286,0.000763,0.000531
2010,29,0.000211,0.000842,0.000534
2010,30,0.000226,0.000548,0.000391
2010,31,0.000286,0.000768,0.000532
2010,32,0.000324,0.000878,0.000607
2010,33,0.000441,0.000574,0.000509
2010,34,0.00036,0.000611,0.000488
2010,35,0.000276,0.000657,0.00047
2010,36,0.000449,0.000651,0.000552
2010,37,0.000382,0.000586,0.000485
2010,38,0.000459,0.000675,0.000569
2010,39,0.000573,0.000944,0.000761
2010,40,0.000608,0.001086,0.00085
2010,41,0.000579,0.001044,0.000815
2010,42,0.000632,0.00125,0.000946
2010,43,0.000799,0.00129,0.00105
2010,44,0.000734,0.001047,0.000894
2010,45,0.000896,0.001317,0.001111
2010,46,0.001003,0.001811,0.001415
2010,47,0.001146,0.001952,0.001557
2010,48,0.00142,0.00236,0.001897
2010,49,0.001625,0.002375,0.002005
2010,50,0.001686,0.002848,0.002274
2010,51,0.001786,0.00275,0.002275
2010,52,0.002361,0.0032,0.002784
2010,53,0.00223,0.003564,0.002904
2010,54,0.002214,0.004155,0.003194
2010,55,0.00243,0.004358,0.003399
2010,56,0.003088,0.00504,0.00407
2010,57,0.003283,0.00521,0.004252
2010,58,0.004078,0.005653,0.004867
2010,59,0.004211,0.006765,0.00549
2010,60,0.004939,0.00728,0.00611
2010,61,0.005241,0.00776,0.006495
2010,62,0.005659,0.008792,0.007218
2010,63,0.006118,0.009478,0.007793
2010,64,0.007693,0.011599,0.009645
2010,65,0.008004,0.011947,0.009978
2010,66,0.00802,0.013098,0.010552
2010,67,0.009049,0.014277,0.01165
2010,68,0.009963,0.014501,0.012215
2010,69,0.011473,0.018019,0.014695
2010,70,0.011925,0.01998,0.015856
2010,71,0.012569,0.021222,0.016745
2010,72,0.014816,0.023518,0.018974
2010,73,0.017144,0.02562,0.02115
2010,74,0.019651,0.029289,0.024168
2010,75,0.020794,0.034474,0.027122
2010,76,0.023455,0.036294,0.02928
2010,77,0.026832,0.043478,0.034298
2010,78,0.03116,0.050873,0.039838
2010,79,0.034783,0.053798,0.042985
2010,80,0.037978,0.062845,0.048521
2010,81,0.045131,0.068389,0.054805
2010,82,0.051036,0.078292,0.062137
2010,83,0.05886,0.089789,0.071169
2010,84,0.067572,0.097352,0.079159
2010,85,0.077614,0.112774,0.090909
2010,86,0.087266,0.127699,0.102245
2010,87,0.106301,0.144405,0.120036
2010,88,0.122549,0.163997,0.136789
2010,89,0.137098,0.180245,0.151299
2010,90,0.154241,0.20735,0.171149
2011,0,0.001931,0.002198,0.002068
2011,1,0.000213,0.000302,0.000258
2011,2,3.7e-05,5.2e-05,4.4e-05
2011,3,9.2e-05,0.000139,0.000116
2011,4,7.5e-05,0.000141,0.000109
2011,5,7.6e-05,3.6e-05,5.5e-05
2011,6,3.9e-05,7.3e-05,5.7e-05
2011,7,7.8e-05,0.000129,0.000104
2011,8,0.000179,3.8e-05,0.000107
2011,9,0.000124,0.000137,0.000131
2011,10,0.000147,5.9e-05,0.000102
2011,11,0.000107,8.1e-05,9.4e-05
2011,12,6.5e-05,6.1e-05,6.3e-05
2011,13,4.3e-05,0.000121,8.3e-05
2011,14,8.2e-05,0.000117,0.0001
2011,15,0.000117,0.000184,0.000151
2011,16,0.000143,0.000186,0.000165
2011,17,0.000218,0.000397,0.00031
2011,18,0.000306,0.000395,0.000352
2011,19,0.000202,0.000584,0.000398
2011,20,0.000273,0.000446,0.000362
2011,21,0.000185,0.000693,0.000445
2011,22,0.00024,0.000613,0.000431
2011,23,0.000213,0.000708,0.000465
2011,24,0.000318,0.000661,0.000493
2011,25,0.000322,0.000643,0.000487
2011,26,0.000294,0.000653,0.000479
2011,27,0.000284,0.000652,0.000474
2011,28,0.000249,0.000688,0.000475
2011,29,0.000406,0.000637,0.000525
2011,30,0.000244,0.000632,0.000442
2011,31,0.00031,0.000887,0.000605
2011,32,0.000336,0.000542,0.000441
2011,33,0.000464,0.000581,0.000524
2011,34,0.000455,0.000771,0.000616
2011,35,0.000392,0.000705,0.000551
2011,36,0.000484,0.000763,0.000626
2011,37,0.000414,0.000664,0.000541
2011,38,0.000522,0.000784,0.000655
2011,39,0.000615,0.000811,0.000714
2011,40,0.000364,0.000987,0.00068
2011,41,0.000573,0.000908,0.000743
2011,42,0.0008,0.000933,0.000868
2011,43,0.000645,0.001234,0.000944
2011,44,0.000886,0.001615,0.001258
2011,45,0.001031,0.001405,0.001222
2011,46,0.001144,0.001657,0.001405
2011,47,0.001295,0.001931,0.001619
2011,48,0.001063,0.002221,0.001653
2011,49,0.001401,0.002557,0.001988
2011,50,0.002005,0.002649,0.002331
2011,51,0.00172,0.002953,0.002344
2011,52,0.001683,0.002723,0.002209
2011,53,0.002621,0.003411,0.003019
2011,54,0.002577,0.003693,0.00314
2011,55,0.003238,0.004491,0.00387
2011,56,0.00307,0.005078,0.004078
2011,57,0.003322,0.004558,0.003943
2011,58,0.003484,0.006133,0.004814
2011,59,0.003627,0.007038,0.005333
2011,60,0.004909,0.006757,0.005833
2011,61,0.004673,0.007651,0.00616
2011,62,0.005118,0.007902,0.006502
2011,63,0.005881,0.009194,0.007526
2011,64,0.007042,0.010177,0.008602
2011,65,0.007107,0.01192,0.009508
2011,66,0.007671,0.013028,0.010346
2011,67,0.008549,0.013829,0.011175
2011,68,0.008944,0.015931,0.012411
2011,69,0.010832,0.017542,0.014153
2011,70,0.011883,0.018988,0.015367
2011,71,0.013793,0.020523,0.017065
2011,72,0.015638,0.022365,0.018871
2011,73,0.015834,0.025761,0.020558
2011,74,0.018065,0.028115,0.022792
2011,75,0.020541,0.031486,0.025643
2011,76,0.02334,0.038065,0.030102
2011,77,0.024615,0.042059,0.032462
2011,78,0.027647,0.04755,0.036486
2011,79,0.034692,0.053315,0.0428
2011,80,0.038347,0.057617,0.046567
2011,81,0.04528,0.062903,0.052659
2011,82,0.052177,0.074852,0.061484
2011,83,0.057649,0.09049,0.070816
2011,84,0.066181,0.098894,0.078956
2011,85,0.076801,0.112405,0.090368
2011,86,0.09201,0.125611,0.104445
2011,87,0.100953,0.14271,0.11604
2011,88,0.119989,0.154564,0.132142
2011,89,0.137674,0.177824,0.151086
2011,90,0.153847,0.200396,0.168718
2012,0,0.002293,0.002888,0.002598
2012,1,0.000125,0.000187,0.000157
2012,2,0.000106,0.00015,0.000128
2012,3,0.000109,0.000103,0.000106
2012,4,7.3e-05,0.000173,0.000124
2012,5,3.7e-05,8.8e-05,6.3e-05
2012,6,1.9e-05,5.3e-05,3.7e-05
2012,7,9.6e-05,5.5e-05,7.5e-05
2012,8,9.6e-05,0.000146,0.000122
2012,9,1e-10,5.6e-05,2.9e-05
2012,10,8.2e-05,0.000117,0.0001
2012,11,8.3e-05,9.8e-05,9.1e-05
2012,12,0.000106,6e-05,8.3e-05
2012,13,0.000171,0.000101,0.000135
2012,14,0.000106,0.00012,0.000113
2012,15,0.000142,0.000192,0.000168
2012,16,0.000212,0.000272,0.000243
2012,17,0.000213,0.000332,0.000275
2012,18,0.000183,0.000299,0.000243
2012,19,0.000144,0.000363,0.000256
2012,20,0.000169,0.000435,0.000306
2012,21,0.000286,0.000615,0.000455
2012,22,0.000244,0.000759,0.000507
2012,23,0.000158,0.00056,0.000363
2012,24,0.000193,0.000791,0.000498
2012,25,0.000264,0.000604,0.000437
2012,26,0.000167,0.000936,0.000561
2012,27,0.000239,0.000661,0.000456
2012,28,0.00021,0.000728,0.000477
2012,29,0.000193,0.000697,0.000452
2012,30,0.000244,0.000548,0.0004
2012,31,0.000362,0.000626,0.000497
2012,32,0.000324,0.000619,0.000475
2012,33,0.000315,0.000773,0.000549
2012,34,0.000389,0.000678,0.000537
2012,35,0.000538,0.000716,0.000629
2012,36,0.000372,0.000555,0.000465
2012,37,0.000449,0.000728,0.000591
2012,38,0.000744,0.000891,0.000819
2012,39,0.000708,0.000918,0.000815
2012,40,0.000423,0.001038,0.000735
2012,41,0.000646,0.001015,0.000833
2012,42,0.000929,0.000889,0.000909
2012,43,0.000654,0.001055,0.000857
2012,44,0.00075,0.001424,0.001092
2012,45,0.001119,0.001302,0.001212
2012,46,0.001312,0.001663,0.001491
2012,47,0.001406,0.001784,0.001598
2012,48,0.00117,0.00205,0.001618
2012,49,0.001405,0.002442,0.001933
2012,50,0.002076,0.002084,0.00208
2012,51,0.001832,0.002752,0.002297
2012,52,0.001928,0.002822,0.00238
2012,53,0.002498,0.003696,0.003104
2012,54,0.002744,0.003913,0.003332
2012,55,0.002752,0.0045,0.003633
2012,56,0.002879,0.004801,0.003847
2012,57,0.003536,0.004783,0.004161
2012,58,0.003312,0.005311,0.004316
2012,59,0.003842,0.005871,0.004859
2012,60,0.004461,0.006954,0.005706
2012,61,0.004875,0.007699,0.006285
2012,62,0.005182,0.008331,0.006752
2012,63,0.005896,0.008793,0.007334
2012,64,0.006348,0.009931,0.008125
2012,65,0.007646,0.010799,0.009212
2012,66,0.008365,0.013074,0.010708
2012,67,0.008439,0.013149,0.010785
2012,68,0.010821,0.014131,0.012463
2012,69,0.011217,0.016415,0.013789
2012,70,0.011491,0.018623,0.015009
2012,71,0.01343,0.01885,0.01608
2012,72,0.014127,0.022363,0.018117
2012,73,0.016763,0.026326,0.021339
2012,74,0.018319,0.029608,0.02366
2012,75,0.021405,0.031718,0.026228
2012,76,0.024,0.03591,0.029518
2012,77,0.026166,0.041223,0.033023
2012,78,0.030881,0.046611,0.037889
2012,79,0.033227,0.050702,0.040913
2012,80,0.038825,0.059817,0.047871
2012,81,0.044175,0.068988,0.054636
2012,82,0.050138,0.076429,0.060995
2012,83,0.060188,0.085259,0.070319
2012,84,0.068353,0.0992,0.080499
2012,85,0.080163,0.110574,0.091791
2012,86,0.087377,0.128552,0.102756
2012,87,0.105718,0.145559,0.120094
2012,88,0.12553,0.163181,0.138815
2012,89,0.139275,0.183371,0.15435
2012,90,0.154852,0.214421,0.17418
2013,0,0.002489,0.002863,0.002681
2013,1,0.000126,0.00012,0.000123
2013,2,0.000106,8.4e-05,9.5e-05
2013,3,8.7e-05,0.000181,0.000136
2013,4,0.000108,8.5e-05,9.6e-05
2013,5,7.3e-05,6.8e-05,7e-05
2013,6,9.2e-05,8.7e-05,8.9e-05
2013,7,9.3e-05,7.1e-05,8.2e-05
2013,8,5.7e-05,3.6e-05,4.6e-05
2013,9,1.9e-05,3.6e-05,2.8e-05
2013,10,5.9e-05,7.5e-05,6.7e-05
2013,11,6.1e-05,3.9e-05,4.9e-05
2013,12,4.1e-05,9.7e-05,7e-05
2013,13,4.2e-05,0.000219,0.000133
2013,14,4.2e-05,0.000139,9.2e-05
2013,15,8.4e-05,7.9e-05,8.1e-05
2013,16,0.000181,0.000188,0.000185
2013,17,0.000133,0.000231,0.000184
2013,18,0.00021,0.000394,0.000305
2013,19,0.000165,0.000625,0.000401
2013,20,0.000174,0.000525,0.000354
2013,21,0.000259,0.000577,0.000422
2013,22,0.000253,0.00058,0.00042
2013,23,0.000285,0.000605,0.000448
2013,24,0.000279,0.00076,0.000524
2013,25,0.000316,0.000626,0.000474
2013,26,0.000357,0.000767,0.000566
2013,27,0.000362,0.000782,0.000577
2013,28,0.000321,0.000733,0.000533
2013,29,0.000242,0.000882,0.000571
2013,30,0.000312,0.000756,0.00054
2013,31,0.00038,0.000855,0.000623
2013,32,0.000239,0.000751,0.000501
2013,33,0.000253,0.000679,0.00047
2013,34,0.000295,0.000617,0.000459
2013,35,0.000473,0.000657,0.000567
2013,36,0.000362,0.000943,0.000658
2013,37,0.000437,0.001005,0.000726
2013,38,0.000477,0.000802,0.000642
2013,39,0.000582,0.000749,0.000667
2013,40,0.000658,0.000884,0.000772
2013,41,0.000687,0.001064,0.000878
2013,42,0.000769,0.000904,0.000837
2013,43,0.000665,0.001124,0.000897
2013,44,0.000842,0.001222,0.001035
2013,45,0.001114,0.00148,0.0013
2013,46,0.001116,0.00171,0.001419
2013,47,0.001235,0.001646,0.001445
2013,48,0.001273,0.001741,0.00151
2013,49,0.001353,0.002169,0.001768
2013,50,0.001305,0.002775,0.002053
2013,51,0.002058,0.002511,0.002288
2013,52,0.002245,0.002789,0.00252
2013,53,0.002432,0.003764,0.003105
2013,54,0.002431,0.003873,0.00316
2013,55,0.002729,0.003992,0.003364
2013,56,0.003048,0.004038,0.003547
2013,57,0.003093,0.004717,0.00391
2013,58,0.003543,0.005277,0.004411
2013,59,0.004663,0.005829,0.005248
2013,60,0.003732,0.006864,0.0053
2013,61,0.004513,0.008118,0.006311
2013,62,0.005404,0.008073,0.006735
2013,63,0.006058,0.009425,0.007735
2013,64,0.006683,0.009838,0.008247
2013,65,0.007672,0.010795,0.009218
2013,66,0.008364,0.012229,0.01028
2013,67,0.008673,0.01327,0.010955
2013,68,0.010575,0.014758,0.012654
2013,69,0.009973,0.01633,0.013118
2013,70,0.011735,0.017769,0.014712
2013,71,0.012458,0.020307,0.016317
2013,72,0.013602,0.021317,0.017358
2013,73,0.017375,0.024208,0.020674
2013,74,0.018019,0.028115,0.022827
2013,75,0.019698,0.031665,0.025327
2013,76,0.02396,0.035748,0.029441
2013,77,0.025916,0.038623,0.031765
2013,78,0.029547,0.041628,0.035008
2013,79,0.032875,0.04979,0.040344
2013,80,0.041261,0.056746,0.048005
2013,81,0.04359,0.063868,0.052229
2013,82,0.049383,0.07139,0.058538
2013,83,0.058585,0.081192,0.067782
2013,84,0.066289,0.097558,0.078717
2013,85,0.074222,0.105873,0.086443
2013,86,0.085934,0.118877,0.098271
2013,87,0.100321,0.136349,0.113469
2013,88,0.113526,0.15179,0.126998
2013,89,0.136378,0.186947,0.153735
2013,90,0.1549,0.190272,0.166611
2014,0,0.001794,0.002559,0.002187
2014,1,0.000232,0.000202,0.000216
2014,2,3.6e-05,5.1e-05,4.3e-05
2014,3,8.8e-05,0.00015,0.00012
2014,4,8.6e-05,3.3e-05,5.9e-05
2014,5,0.000125,6.7e-05,9.5e-05
2014,6,0.000144,5.1e-05,9.6e-05
2014,7,3.6e-05,0.000103,7.1e-05
2014,8,7.4e-05,3.5e-05,5.4e-05
2014,9,5.6e-05,3.6e-05,4.6e-05
2014,10,3.8e-05,1.8e-05,2.8e-05
2014,11,7.7e-05,5.5e-05,6.6e-05
2014,12,4e-05,0.000114,7.8e-05
2014,13,8.2e-05,0.000134,0.000109
2014,14,6.2e-05,9.8e-05,8.1e-05
2014,15,0.000167,0.000156,0.000161
2014,16,0.000103,0.00025,0.000179
2014,17,0.000198,0.000276,0.000238
2014,18,0.000169,0.000332,0.000254
2014,19,0.000243,0.000471,0.00036
2014,20,0.000179,0.000695,0.000444
2014,21,0.00011,0.000608,0.000366
2014,22,0.000331,0.000555,0.000446
2014,23,0.000205,0.000766,0.000492
2014,24,0.000339,0.000622,0.000484
2014,25,0.000229,0.000746,0.000493
2014,26,0.000342,0.000599,0.000473
2014,27,0.000288,0.000661,0.000478
2014,28,0.000162,0.000662,0.000419
2014,29,0.000366,0.000768,0.000573
2014,30,0.000307,0.000854,0.000588
2014,31,0.000291,0.000682,0.000492
2014,32,0.000341,0.00091,0.000633
2014,33,0.000438,0.00084,0.000643
2014,34,0.000534,0.000927,0.000734
2014,35,0.000292,0.000692,0.000496
2014,36,0.000399,0.000784,0.000595
2014,37,0.00041,0.000755,0.000586
2014,38,0.00035,0.000708,0.000532
2014,39,0.000443,0.000734,0.000591
2014,40,0.000595,0.000866,0.000732
2014,41,0.000778,0.00103,0.000906
2014,42,0.000714,0.001119,0.000919
2014,43,0.000703,0.001234,0.000972
2014,44,0.000872,0.001292,0.001085
2014,45,0.001155,0.001217,0.001187
2014,46,0.000761,0.001519,0.001146
2014,47,0.001436,0.001706,0.001574
2014,48,0.001159,0.002228,0.001704
2014,49,0.00146,0.002135,0.001803
2014,50,0.001535,0.002761,0.002158
2014,51,0.001728,0.002758,0.002252
2014,52,0.002108,0.002725,0.002421
2014,53,0.002503,0.002976,0.002742
2014,54,0.002381,0.003273,0.002831
2014,55,0.002502,0.003692,0.003103
2014,56,0.002593,0.004288,0.003446
2014,57,0.003398,0.004954,0.004181
2014,58,0.003725,0.005077,0.004405
2014,59,0.004175,0.005782,0.004979
2014,60,0.004093,0.006478,0.005288
2014,61,0.004976,0.007754,0.006365
2014,62,0.004874,0.008124,0.006492
2014,63,0.00573,0.009265,0.00749
2014,64,0.00674,0.008937,0.007833
2014,65,0.007353,0.010374,0.008847
2014,66,0.008289,0.011649,0.009949
2014,67,0.00869,0.013617,0.011128
2014,68,0.009487,0.014439,0.011939
2014,69,0.010274,0.016268,0.013246
2014,70,0.011492,0.017731,0.014569
2014,71,0.012931,0.019535,0.016178
2014,72,0.013553,0.020663,0.017034
2014,73,0.016019,0.022444,0.019137
2014,74,0.017395,0.028005,0.022495
2014,75,0.018824,0.030427,0.024316
2014,76,0.022647,0.03411,0.028002
2014,77,0.024539,0.039174,0.031297
2014,78,0.027821,0.042715,0.034629
2014,79,0.030152,0.046885,0.037656
2014,80,0.035528,0.055398,0.044221
2014,81,0.041227,0.061583,0.049997
2014,82,0.048114,0.072177,0.058246
2014,83,0.054858,0.08122,0.065671
2014,84,0.065935,0.090098,0.075609
2014,85,0.072985,0.10693,0.086234
2014,86,0.084777,0.119019,0.09773
2014,87,0.097882,0.134473,0.111286
2014,88,0.108128,0.14402,0.120891
2014,89,0.13121,0.177256,0.147011
2014,90,0.143222,0.197478,0.161254
2015,0,0.002075,0.002785,0.002441
2015,1,0.000194,0.000167,0.00018
2015,2,0.000105,0.000216,0.000162
2015,3,5.3e-05,6.7e-05,6e-05
2015,4,6.9e-05,0.000131,0.000101
2015,5,1e-10,4.8e-05,2.5e-05
2015,6,0.000106,0.000116,0.000111
2015,7,8.9e-05,6.7e-05,7.7e-05
2015,8,9e-05,1.7e-05,5.2e-05
2015,9,9.1e-05,3.5e-05,6.2e-05
2015,10,0.000205,5.3e-05,0.000127
2015,11,3.7e-05,7.1e-05,5.4e-05
2015,12,3.8e-05,0.000109,7.5e-05
2015,13,0.000159,9.4e-05,0.000125
2015,14,0.000201,0.000114,0.000156
2015,15,6.1e-05,0.000135,9.9e-05
2015,16,0.000226,0.000191,0.000208
2015,17,4.1e-05,0.0003,0.000176
2015,18,0.000195,0.000343,0.000271
2015,19,0.000222,0.000569,0.000402
2015,20,0.000256,0.00064,0.000455
2015,21,0.000257,0.000609,0.000438
2015,22,0.00017,0.000641,0.000412
2015,23,0.000266,0.000614,0.000445
2015,24,0.000259,0.000832,0.000553
2015,25,0.000217,0.000887,0.00056
2015,26,0.000285,0.000831,0.000564
2015,27,0.000276,0.000794,0.00054
2015,28,0.000299,0.000756,0.000532
2015,29,0.000368,0.000727,0.000552
2015,30,0.000262,0.000726,0.000501
2015,31,0.000387,0.00054,0.000466
2015,32,0.000389,0.000705,0.000551
2015,33,0.000405,0.000964,0.000691
2015,34,0.000467,0.000639,0.000555
2015,35,0.000248,0.000932,0.000597
2015,36,0.00034,0.000865,0.000608
2015,37,0.000413,0.000892,0.000657
2015,38,0.000474,0.00065,0.000564
2015,39,0.000381,0.000813,0.000601
2015,40,0.000518,0.001018,0.000772
2015,41,0.000498,0.00098,0.000743
2015,42,0.00065,0.001129,0.000893
2015,43,0.00071,0.001081,0.000898
2015,44,0.00073,0.001106,0.00092
2015,45,0.000724,0.001254,0.000992
2015,46,0.00104,0.001243,0.001143
2015,47,0.000986,0.001764,0.001382
2015,48,0.001126,0.001744,0.001441
2015,49,0.001556,0.002097,0.001832
2015,50,0.00153,0.002244,0.001893
2015,51,0.001748,0.002269,0.002013
2015,52,0.001678,0.003135,0.002419
2015,53,0.001955,0.003399,0.002686
2015,54,0.001985,0.003775,0.002889
2015,55,0.002677,0.004029,0.003359
2015,56,0.002938,0.00433,0.003641
2015,57,0.003273,0.004865,0.004073
2015,58,0.003318,0.0055,0.004416
2015,59,0.003964,0.00572,0.004847
2015,60,0.00467,0.00656,0.005615
2015,61,0.004891,0.006731,0.005812
2015,62,0.00491,0.007788,0.006348
2015,63,0.006073,0.008825,0.007441
2015,64,0.006331,0.009737,0.008024
2015,65,0.007194,0.010727,0.008948
2015,66,0.007758,0.012364,0.010032
2015,67,0.008604,0.01286,0.010703
2015,68,0.009321,0.013727,0.011495
2015,69,0.011215,0.015241,0.013204
2015,70,0.010961,0.016952,0.013922
2015,71,0.013653,0.0209,0.017215
2015,72,0.01402,0.021192,0.017533
2015,73,0.015139,0.023169,0.019055
2015,74,0.017571,0.027727,0.022477
2015,75,0.020923,0.030553,0.025528
2015,76,0.021139,0.031884,0.026193
2015,77,0.025685,0.03651,0.030711
2015,78,0.027587,0.044157,0.035179
2015,79,0.030991,0.047477,0.038458
2015,80,0.037321,0.057429,0.046253
2015,81,0.043736,0.060735,0.05109
2015,82,0.049003,0.069332,0.05766
2015,83,0.058615,0.078825,0.067014
2015,84,0.061962,0.090288,0.073413
2015,85,0.07517,0.109149,0.088526
2015,86,0.083632,0.120465,0.097717
2015,87,0.095075,0.136152,0.110272
2015,88,0.110446,0.153175,0.125693
2015,89,0.129968,0.179062,0.146968
2015,90,0.144525,0.190498,0.1598
2016,0,0.002359,0.002583,0.002474
2016,1,0.000175,0.000214,0.000195
2016,2,0.000104,0.000115,0.00011
2016,3,0.000104,6.5e-05,8.4e-05
2016,4,0.000121,0.000115,0.000118
2016,5,6.8e-05,0.000162,0.000116
2016,6,0.000135,0.000127,0.000131
2016,7,7e-05,4.9e-05,5.9e-05
2016,8,5.2e-05,6.6e-05,5.9e-05
2016,9,5.3e-05,3.3e-05,4.3e-05
2016,10,5.4e-05,3.4e-05,4.4e-05
2016,11,5.5e-05,3.5e-05,4.5e-05
2016,12,0.000147,1.7e-05,8.1e-05
2016,13,0.000113,0.000161,0.000138
2016,14,0.000137,7.4e-05,0.000104
2016,15,4e-05,0.000166,0.000105
2016,16,0.000101,0.000205,0.000155
2016,17,0.000121,0.000147,0.000135
2016,18,0.000219,0.000417,0.000323
2016,19,0.000115,0.000407,0.000267
2016,20,0.000182,0.000473,0.000333
2016,21,0.000185,0.000501,0.000349
2016,22,0.000158,0.000579,0.000375
2016,23,0.000347,0.000511,0.000432
2016,24,0.000318,0.000504,0.000414
2016,25,0.000282,0.000853,0.000575
2016,26,0.000284,0.000677,0.000485
2016,27,0.000191,0.000755,0.00048
2016,28,0.000226,0.000633,0.000434
2016,29,0.000325,0.000666,0.000499
2016,30,0.00044,0.000697,0.000572
2016,31,0.000226,0.000863,0.000554
2016,32,0.000398,0.000842,0.000627
2016,33,0.000333,0.000835,0.000591
2016,34,0.00035,0.000744,0.000552
2016,35,0.000494,0.000835,0.000668
2016,36,0.000359,0.000841,0.000605
2016,37,0.000336,0.000661,0.000502
2016,38,0.000357,0.000962,0.000666
2016,39,0.000554,0.001029,0.000797
2016,40,0.000772,0.000806,0.000789
2016,41,0.00053,0.001084,0.000812
2016,42,0.000586,0.001272,0.000934
2016,43,0.000753,0.001151,0.000955
2016,44,0.000691,0.001193,0.000946
2016,45,0.000835,0.001295,0.001068
2016,46,0.001168,0.001528,0.00135
2016,47,0.00091,0.001573,0.001246
2016,48,0.001391,0.001831,0.001615
2016,49,0.001342,0.002316,0.001838
2016,50,0.001641,0.002178,0.001915
2016,51,0.001599,0.002451,0.002032
2016,52,0.001806,0.002401,0.002108
2016,53,0.001969,0.002865,0.002424
2016,54,0.001852,0.003762,0.002819
2016,55,0.002795,0.003828,0.003317
2016,56,0.002938,0.004325,0.003638
2016,57,0.002732,0.004185,0.003466
2016,58,0.003241,0.004861,0.004055
2016,59,0.003983,0.005379,0.004685
2016,60,0.004448,0.006389,0.005423
2016,61,0.004667,0.007675,0.006169
2016,62,0.005427,0.008366,0.006896
2016,63,0.005821,0.008202,0.007008
2016,64,0.006159,0.009836,0.007985
2016,65,0.006977,0.010324,0.008637
2016,66,0.008041,0.012167,0.010085
2016,67,0.008288,0.013272,0.010744
2016,68,0.009409,0.013794,0.011566
2016,69,0.009458,0.015508,0.012435
2016,70,0.011102,0.016952,0.013984
2016,71,0.013164,0.019148,0.016113
2016,72,0.015406,0.0208,0.018049
2016,73,0.016441,0.024688,0.020466
2016,74,0.016647,0.024535,0.020476
2016,75,0.018576,0.028674,0.023432
2016,76,0.02221,0.033729,0.027686
2016,77,0.024133,0.036323,0.029833
2016,78,0.027743,0.042893,0.034725
2016,79,0.03284,0.046527,0.039058
2016,80,0.03725,0.054452,0.044972
2016,81,0.040991,0.061447,0.049979
2016,82,0.04833,0.067918,0.056715
2016,83,0.05527,0.075648,0.063842
2016,84,0.062372,0.091319,0.074238
2016,85,0.074528,0.10191,0.085395
2016,86,0.084774,0.116948,0.097163
2016,87,0.096147,0.133424,0.110081
2016,88,0.106019,0.142314,0.119117
2016,89,0.130099,0.160918,0.140814
2016,90,0.151303,0.190944,0.164636
2017,0,0.002301,0.002415,0.002359
2017,1,0.000102,0.000161,0.000132
2017,2,0.000155,6.5e-05,0.000108
2017,3,0.000103,6.5e-05,8.3e-05
2017,4,6.8e-05,9.6e-05,8.3e-05
2017,5,5.1e-05,9.7e-05,7.5e-05
2017,6,0.000135,3.2e-05,8.2e-05
2017,7,5e-05,3.1e-05,4e-05
2017,8,3.4e-05,0.000129,8.3e-05
2017,9,5.2e-05,1.6e-05,3.3e-05
2017,10,5.2e-05,5e-05,5.1e-05
2017,11,8.8e-05,6.7e-05,7.7e-05
2017,12,7.2e-05,0.000103,8.8e-05
2017,13,1.8e-05,0.000103,6.2e-05
2017,14,0.000167,0.000176,0.000172
2017,15,7.7e-05,0.000126,0.000102
2017,16,0.000117,0.000125,0.000121
2017,17,0.000138,0.000305,0.000226
2017,18,0.000217,0.000524,0.00038
2017,19,0.000255,0.000479,0.000373
2017,20,0.000225,0.000589,0.000415
2017,21,0.000161,0.000479,0.000327
2017,22,0.000247,0.000703,0.000483
2017,23,0.000216,0.000622,0.000425
2017,24,0.000192,0.000735,0.000472
2017,25,0.000297,0.000918,0.000617
2017,26,0.000234,0.000573,0.000408
2017,27,0.000292,0.000924,0.000617
2017,28,0.000288,0.000806,0.000554
2017,29,0.00028,0.000843,0.000568
2017,30,0.000303,0.000767,0.00054
2017,31,0.000385,0.000668,0.000531
2017,32,0.000396,0.000682,0.000544
2017,33,0.000375,0.000903,0.000647
2017,34,0.000394,0.000573,0.000486
2017,35,0.000262,0.0007,0.000487
2017,36,0.000536,0.001039,0.000793
2017,37,0.000499,0.000799,0.000653
2017,38,0.000332,0.000811,0.000577
2017,39,0.00037,0.001031,0.000708
2017,40,0.000615,0.001194,0.00091
2017,41,0.000602,0.001048,0.00083
2017,42,0.000664,0.00103,0.00085
2017,43,0.000613,0.001144,0.000882
2017,44,0.000718,0.001276,0.001001
2017,45,0.000778,0.001349,0.001068
2017,46,0.000953,0.001483,0.001221
2017,47,0.001083,0.001272,0.001179
2017,48,0.001454,0.001809,0.001634
2017,49,0.001477,0.002089,0.001788
2017,50,0.001411,0.00189,0.001655
2017,51,0.001873,0.00226,0.00207
2017,52,0.001829,0.002942,0.002394
2017,53,0.00162,0.002665,0.002151
2017,54,0.002373,0.003306,0.002847
2017,55,0.001716,0.003632,0.002685
2017,56,0.002968,0.004259,0.003619
2017,57,0.003149,0.004522,0.003841
2017,58,0.003188,0.004553,0.003877
2017,59,0.003699,0.004929,0.004316
2017,60,0.004324,0.005916,0.005124
2017,61,0.004867,0.00613,0.005501
2017,62,0.004845,0.007455,0.006146
2017,63,0.005721,0.009131,0.007422
2017,64,0.006155,0.010272,0.008205
2017,65,0.006927,0.009711,0.008307
2017,66,0.008053,0.011439,0.00973
2017,67,0.007911,0.012061,0.009963
2017,68,0.009792,0.012778,0.01126
2017,69,0.009929,0.016025,0.01292
2017,70,0.011041,0.017567,0.014242
2017,71,0.012719,0.017143,0.014892
2017,72,0.014283,0.020295,0.017237
2017,73,0.016118,0.022252,0.019114
2017,74,0.017716,0.024632,0.021078
2017,75,0.018832,0.026577,0.022576
2017,76,0.022296,0.031196,0.026555
2017,77,0.024899,0.036656,0.030454
2017,78,0.028958,0.042765,0.035368
2017,79,0.031411,0.044964,0.037611
2017,80,0.035418,0.0495,0.041768
2017,81,0.043144,0.059414,0.050373
2017,82,0.050356,0.067311,0.057731
2017,83,0.054199,0.079124,0.064733
2017,84,0.064442,0.090659,0.075323
2017,85,0.071231,0.101099,0.083275
2017,86,0.084974,0.114214,0.096367
2017,87,0.097106,0.132779,0.11055
2017,88,0.114144,0.154118,0.128771
2017,89,0.131809,0.179576,0.148635
2017,90,0.147414,0.20734,0.167593
2018,0,0.001817,0.002205,0.002016
2018,1,0.00029,0.000194,0.000241
2018,2,0.000101,0.00019,0.000147
2018,3,0.000102,8e-05,9.1e-05
2018,4,6.8e-05,0.000127,9.8e-05
2018,5,0.000101,4.8e-05,7.3e-05
2018,6,3.4e-05,4.8e-05,4.1e-05
2018,7,8.3e-05,4.7e-05,6.5e-05
2018,8,8.2e-05,4.6e-05,6.4e-05
2018,9,1.7e-05,1e-10,8e-06
2018,10,0.000102,6.4e-05,8.2e-05
2018,11,5.2e-05,9.8e-05,7.5e-05
2018,12,1.7e-05,0.000132,7.6e-05
2018,13,7.2e-05,0.000101,8.7e-05
2018,14,0.000233,0.000203,0.000218
2018,15,0.00011,0.000138,0.000125
2018,16,0.000152,8.8e-05,0.000119
2018,17,0.000212,0.000435,0.000329
2018,18,0.000175,0.00043,0.00031
2018,19,0.000331,0.000438,0.000388
2018,20,0.000329,0.000382,0.000357
2018,21,0.000296,0.000821,0.000569
2018,22,0.000281,0.000552,0.000422
2018,23,0.000354,0.00066,0.000512
2018,24,0.000241,0.000768,0.000512
2018,25,0.000159,0.000613,0.000393
2018,26,0.000167,0.000653,0.000417
2018,27,0.000366,0.00078,0.000579
2018,28,0.000369,0.00083,0.000605
2018,29,0.000297,0.000644,0.000475
2018,30,0.000391,0.00069,0.000544
2018,31,0.000298,0.000569,0.000437
2018,32,0.00047,0.000629,0.000551
2018,33,0.000389,0.000789,0.000596
2018,34,0.000369,0.000891,0.000638
2018,35,0.000421,0.00084,0.000636
2018,36,0.000324,0.000769,0.000552
2018,37,0.000417,0.000828,0.000627
2018,38,0.00043,0.000791,0.000614
2018,39,0.000427,0.000898,0.000668
2018,40,0.000483,0.001119,0.000807
2018,41,0.000659,0.000916,0.00079
2018,42,0.000614,0.001057,0.000839
2018,43,0.000767,0.001024,0.000898
2018,44,0.00064,0.001315,0.000983
2018,45,0.000745,0.001137,0.000944
2018,46,0.000942,0.00152,0.001235
2018,47,0.001133,0.001462,0.0013
2018,48,0.001111,0.00153,0.001323
2018,49,0.001294,0.00191,0.001606
2018,50,0.001338,0.002245,0.001799
2018,51,0.001465,0.002056,0.001766
2018,52,0.001723,0.002913,0.002328
2018,53,0.001797,0.00314,0.002479
2018,54,0.001972,0.003099,0.002544
2018,55,0.002274,0.003389,0.00284
2018,56,0.002542,0.003886,0.003222
2018,57,0.003005,0.00422,0.003617
2018,58,0.003486,0.004585,0.00404
2018,59,0.003422,0.005619,0.004529
2018,60,0.004075,0.006317,0.0052
2018,61,0.004689,0.006693,0.005695
2018,62,0.005152,0.007683,0.006419
2018,63,0.005788,0.008203,0.00699
2018,64,0.005736,0.009488,0.007605
2018,65,0.006715,0.010684,0.008688
2018,66,0.00753,0.011804,0.009645
2018,67,0.008171,0.012978,0.010546
2018,68,0.00937,0.013695,0.011505
2018,69,0.010839,0.015387,0.013069
2018,70,0.01146,0.017013,0.014176
2018,71,0.013211,0.018173,0.015638
2018,72,0.013871,0.020916,0.017322
2018,73,0.015945,0.020964,0.018403
2018,74,0.01785,0.025024,0.021342
2018,75,0.019803,0.027896,0.023722
2018,76,0.020574,0.032234,0.026185
2018,77,0.023863,0.036406,0.029828
2018,78,0.027896,0.038707,0.032974
2018,79,0.0314,0.045443,0.037873
2018,80,0.034129,0.05106,0.041815
2018,81,0.041534,0.060957,0.050212
2018,82,0.047187,0.068064,0.056373
2018,83,0.052893,0.078467,0.06387
2018,84,0.064003,0.087046,0.0736
2018,85,0.070553,0.098897,0.082136
2018,86,0.083257,0.115721,0.096116
2018,87,0.093528,0.133729,0.108846
2018,88,0.110604,0.148961,0.124727
2018,89,0.127588,0.169774,0.142634
2018,90,0.152793,0.199702,0.168774
2019,0,0.001859,0.002203,0.002036
2019,1,0.000243,0.000148,0.000194
2019,2,5.1e-05,4.8e-05,4.9e-05
2019,3,0.000167,6.3e-05,0.000113
2019,4,0.000101,0.000126,0.000114
2019,5,5e-05,0.000142,9.7e-05
2019,6,6.7e-05,3.1e-05,4.8e-05
2019,7,5e-05,1.6e-05,3.2e-05
2019,8,3.3e-05,7.8e-05,5.6e-05
2019,9,3.2e-05,3.1e-05,3.2e-05
2019,10,8.4e-05,4.7e-05,6.5e-05
2019,11,6.7e-05,6.3e-05,6.5e-05
2019,12,3.4e-05,8.1e-05,5.8e-05
2019,13,6.9e-05,4.9e-05,5.9e-05
2019,14,8.9e-05,8.3e-05,8.6e-05
2019,15,0.000125,0.000167,0.000146
2019,16,0.000127,0.000222,0.000176
2019,17,9.4e-05,0.000261,0.000181
2019,18,0.000304,0.000359,0.000333
2019,19,0.000192,0.000514,0.000365
2019,20,0.000231,0.000745,0.00051
2019,21,0.000305,0.000613,0.000468
2019,22,0.000182,0.000522,0.000358
2019,23,0.000223,0.000495,0.000364
2019,24,0.000347,0.000767,0.000564
2019,25,0.000281,0.00084,0.000569
2019,26,0.000284,0.000644,0.000469
2019,27,0.000355,0.000438,0.000398
2019,28,0.000333,0.000706,0.000524
2019,29,0.000161,0.000626,0.0004
2019,30,0.000278,0.000622,0.000454
2019,31,0.000371,0.00068,0.000529
2019,32,0.000308,0.000926,0.000624
2019,33,0.000254,0.000381,0.000319
2019,34,0.000369,0.000736,0.000558
2019,35,0.000459,0.000761,0.000615
2019,36,0.000416,0.000725,0.000575
2019,37,0.000561,0.000806,0.000687
2019,38,0.000493,0.000715,0.000606
2019,39,0.000536,0.0008,0.000671
2019,40,0.000571,0.001032,0.000806
2019,41,0.000562,0.000889,0.000729
2019,42,0.000621,0.001099,0.000865
2019,43,0.000803,0.00102,0.000914
2019,44,0.000825,0.001078,0.000954
2019,45,0.000758,0.001354,0.001061
2019,46,0.000802,0.001427,0.001119
2019,47,0.00118,0.001104,0.001141
2019,48,0.001023,0.001489,0.001259
2019,49,0.001235,0.001573,0.001406
2019,50,0.001213,0.001847,0.001534
2019,51,0.001516,0.001996,0.00176
2019,52,0.001667,0.002238,0.001958
2019,53,0.001898,0.002872,0.002393
2019,54,0.002059,0.002835,0.002453
2019,55,0.002355,0.003535,0.002954
2019,56,0.002504,0.003838,0.003181
2019,57,0.00285,0.00436,0.003613
2019,58,0.002838,0.004285,0.003567
2019,59,0.003598,0.004946,0.004276
2019,60,0.003625,0.005957,0.0048
2019,61,0.004633,0.00618,0.005408
2019,62,0.004852,0.00773,0.006295
2019,63,0.005301,0.007919,0.00661
2019,64,0.005913,0.008199,0.00705
2019,65,0.006082,0.009929,0.007995
2019,66,0.007016,0.011737,0.009358
2019,67,0.007101,0.011528,0.009286
2019,68,0.009157,0.013711,0.011402
2019,69,0.00923,0.014389,0.011769
2019,70,0.010561,0.015805,0.013127
2019,71,0.011228,0.016922,0.014005
2019,72,0.013453,0.020203,0.016746
2019,73,0.015049,0.021303,0.018103
2019,74,0.017138,0.023758,0.02037
2019,75,0.018291,0.027857,0.022928
2019,76,0.020258,0.030118,0.025008
2019,77,0.023233,0.032821,0.027821
2019,78,0.026218,0.037042,0.03134
2019,79,0.029336,0.043874,0.036115
2019,80,0.0341,0.048945,0.040887
2019,81,0.037285,0.054699,0.045116
2019,82,0.045865,0.063979,0.053876
2019,83,0.05232,0.071926,0.06085
2019,84,0.058414,0.081105,0.068019
2019,85,0.066987,0.094982,0.078481
2019,86,0.080183,0.110959,0.092545
2019,87,0.09139,0.122543,0.103465
2019,88,0.103658,0.138974,0.116818
2019,89,0.116115,0.158443,0.131314
2019,90,0.137236,0.187451,0.15463
2020,0,0.002016,0.002643,0.002339
2020,1,0.00014,0.000231,0.000187
2020,2,8.6e-05,0.000114,0.0001
2020,3,5e-05,4.8e-05,4.9e-05
2020,4,0.000149,4.7e-05,9.6e-05
2020,5,0.0001,3.1e-05,6.5e-05
2020,6,3.3e-05,7.8e-05,5.7e-05
2020,7,5e-05,9.4e-05,7.2e-05
2020,8,3.3e-05,4.7e-05,4e-05
2020,9,1.6e-05,3.1e-05,2.4e-05
2020,10,4.8e-05,0.000107,7.8e-05
2020,11,8.3e-05,0.000125,0.000105
2020,12,5e-05,0.000142,9.7e-05
2020,13,0.000119,4.8e-05,8.2e-05
2020,14,3.4e-05,0.000146,9.2e-05
2020,15,0.000123,0.000166,0.000145
2020,16,0.000106,0.000348,0.000231
2020,17,0.000126,0.000322,0.000227
2020,18,0.000112,0.000448,0.000286
2020,19,0.000169,0.000625,0.000409
2020,20,0.000304,0.000661,0.000497
2020,21,0.000209,0.000542,0.00039
2020,22,0.000113,0.000521,0.000328
2020,23,0.000285,0.00058,0.000438
2020,24,0.000236,0.000661,0.000456
2020,25,0.000233,0.000758,0.000504
2020,26,0.000277,0.000636,0.000461
2020,27,0.000238,0.000571,0.000409
2020,28,0.000229,0.000815,0.000531
2020,29,0.000145,0.000598,0.000378
2020,30,0.000305,0.000696,0.000506
2020,31,0.000482,0.000523,0.000503
2020,32,0.000324,0.000606,0.000469
2020,33,0.000262,0.000723,0.000498
2020,34,0.0004,0.000686,0.000547
2020,35,0.000351,0.000601,0.00048
2020,36,0.000503,0.000682,0.000595
2020,37,0.000381,0.000751,0.000571
2020,38,0.000653,0.000605,0.000629
2020,39,0.000585,0.000651,0.000619
2020,40,0.000487,0.001036,0.000767
2020,41,0.000536,0.00081,0.000676
2020,42,0.000708,0.001028,0.000871
2020,43,0.000798,0.00097,0.000886
2020,44,0.000833,0.000925,0.00088
2020,45,0.000853,0.001283,0.001071
2020,46,0.000984,0.001351,0.00117
2020,47,0.000952,0.001556,0.001258
2020,48,0.00077,0.001485,0.001133
2020,49,0.001403,0.001651,0.001528
2020,50,0.001376,0.002127,0.001756
2020,51,0.001493,0.002134,0.001818
2020,52,0.001576,0.002581,0.002086
2020,53,0.00174,0.002774,0.002266
2020,54,0.001958,0.003235,0.002607
2020,55,0.002062,0.003549,0.002815
2020,56,0.002297,0.004352,0.003338
2020,57,0.002313,0.004407,0.003374
2020,58,0.003448,0.005043,0.004253
2020,59,0.003609,0.00571,0.004666
2020,60,0.003539,0.006202,0.004878
2020,61,0.004554,0.006481,0.005523
2020,62,0.004323,0.007519,0.005923
2020,63,0.005088,0.008109,0.006601
2020,64,0.006133,0.009794,0.007961
2020,65,0.006444,0.010946,0.008679
2020,66,0.007315,0.011268,0.009276
2020,67,0.008782,0.012507,0.010626
2020,68,0.008451,0.014646,0.011502
2020,69,0.009461,0.015864,0.012609
2020,70,0.011193,0.017311,0.014197
2020,71,0.011845,0.018862,0.015267
2020,72,0.014564,0.020324,0.017364
2020,73,0.015944,0.022241,0.019006
2020,74,0.016916,0.026227,0.021446
2020,75,0.019615,0.028759,0.024058
2020,76,0.022197,0.032747,0.027283
2020,77,0.02497,0.036219,0.03036
2020,78,0.027922,0.040774,0.034041
2020,79,0.03274,0.048465,0.040122
2020,80,0.03613,0.053865,0.044335
2020,81,0.043494,0.059842,0.050896
2020,82,0.048382,0.074403,0.059955
2020,83,0.055588,0.079066,0.065849
2020,84,0.065026,0.09155,0.076408
2020,85,0.073619,0.107728,0.087822
2020,86,0.08212,0.121779,0.098104
2020,87,0.095769,0.139382,0.112896
2020,88,0.117874,0.158808,0.133373
2020,89,0.133434,0.175147,0.148619
2020,90,0.147765,0.214035,0.170781
